loan_id,loan_amount,interest_rate,term_months,grade,purpose,annual_income,dti_ratio,home_ownership,employment_length,default
1935,5000.0,13.98,36,C,debt_consolidation,50000.0,31.11,MORTGAGE,7 years,1
7786,6000.0,5.32,36,A,debt_consolidation,89000.0,22.34,MORTGAGE,10+ years,1
7560,20000.0,7.69,36,A,debt_consolidation,130000.0,14.42,MORTGAGE,4 years,0
5872,3600.0,10.49,36,B,home_improvement,72000.0,17.85,MORTGAGE,4 years,0
6148,5000.0,9.75,36,B,major_purchase,51900.0,24.86,MORTGAGE,10+ years,0
3552,35000.0,18.25,36,D,debt_consolidation,143000.0,11.7,MORTGAGE,5 years,1
7652,5000.0,6.72,36,A,debt_consolidation,60000.0,16.52,OWN,4 years,0
771,18525.0,13.67,36,C,debt_consolidation,48000.0,29.38,MORTGAGE,Unknown,1
5701,2500.0,9.99,36,B,debt_consolidation,52000.0,12.97,RENT,8 years,0
4004,2050.0,16.29,36,D,credit_card,40000.0,30.27,MORTGAGE,Unknown,0
9612,7800.0,23.99,36,E,other,23000.0,17.43,OWN,10+ years,0
5003,21000.0,11.99,36,B,credit_card,300000.0,5.32,RENT,10+ years,0
4833,6000.0,11.49,36,B,renewable_energy,30160.0,16.59,MORTGAGE,6 years,0
4050,21000.0,17.27,60,D,major_purchase,115000.0,19.8,RENT,2 years,1
9584,33600.0,18.25,60,E,credit_card,404200.0,8.57,MORTGAGE,5 years,0
5649,8000.0,11.49,36,B,debt_consolidation,45000.0,6.59,OWN,Unknown,0
8168,7000.0,6.92,36,A,debt_consolidation,54000.0,25.88,MORTGAGE,3 years,0
417,10000.0,13.98,60,C,home_improvement,100600.0,30.86,MORTGAGE,Unknown,1
1560,22000.0,16.2,60,C,debt_consolidation,50000.0,21.12,MORTGAGE,10+ years,0
3882,2500.0,18.25,36,D,other,85000.0,30.88,MORTGAGE,10+ years,0
9173,11400.0,19.99,60,E,other,30000.0,6.0,RENT,8 years,0
1214,15000.0,13.98,36,C,debt_consolidation,45000.0,22.91,RENT,10+ years,0
9663,35000.0,18.25,60,E,debt_consolidation,125000.0,25.76,MORTGAGE,5 years,0
220,26000.0,13.44,36,C,credit_card,85000.0,28.14,MORTGAGE,3 years,1
1858,14300.0,13.18,36,C,vacation,48000.0,11.88,RENT,7 years,0
10547,10000.0,15.31,36,C,medical,72600.0,13.82,MORTGAGE,10+ years,0
8315,10000.0,6.24,36,A,credit_card,45000.0,10.72,RENT,1 year,0
3940,4300.0,16.59,36,D,debt_consolidation,35000.0,11.93,RENT,6 years,1
3966,35000.0,16.99,36,D,other,139224.0,20.26,MORTGAGE,8 years,0
8531,20000.0,6.62,36,A,credit_card,137700.0,7.9,MORTGAGE,10+ years,0
7060,6000.0,8.39,36,B,other,40000.0,30.78,RENT,10+ years,1
8683,5000.0,6.24,36,A,debt_consolidation,40000.0,14.19,MORTGAGE,3 years,0
1747,10000.0,12.74,36,C,debt_consolidation,48000.0,11.0,RENT,1 year,1
8421,12000.0,7.35,36,A,debt_consolidation,71000.0,29.18,MORTGAGE,< 1 year,0
4240,13325.0,16.55,60,D,debt_consolidation,29000.0,27.52,RENT,10+ years,0
3832,10000.0,19.03,36,D,debt_consolidation,40000.0,20.16,RENT,1 year,0
10792,7000.0,12.49,36,B,credit_card,45000.0,14.4,RENT,6 years,0
1611,35000.0,13.99,36,C,debt_consolidation,140000.0,15.47,MORTGAGE,10+ years,0
2027,9000.0,15.31,36,C,debt_consolidation,50000.0,20.36,RENT,1 year,0
2423,5600.0,12.29,36,C,credit_card,43000.0,7.47,RENT,4 years,0
3495,3700.0,16.99,36,D,other,33000.0,1.93,RENT,10+ years,0
6334,15000.0,11.53,36,B,credit_card,130000.0,26.74,MORTGAGE,3 years,1
9768,15200.0,25.69,36,F,debt_consolidation,40000.0,19.74,MORTGAGE,Unknown,0
483,35000.0,17.27,60,C,credit_card,120000.0,22.22,MORTGAGE,4 years,0
10147,9000.0,9.93,36,B,home_improvement,48000.0,4.25,MORTGAGE,10+ years,0
10660,12000.0,16.29,36,D,debt_consolidation,60000.0,16.72,MORTGAGE,1 year,0
2197,15000.0,13.11,36,C,debt_consolidation,43680.0,17.34,MORTGAGE,< 1 year,0
2693,30000.0,13.33,60,C,home_improvement,75000.0,12.48,MORTGAGE,6 years,0
4013,23100.0,17.99,36,D,debt_consolidation,52500.0,20.94,RENT,2 years,1
1338,5400.0,12.79,36,C,other,35000.0,13.65,RENT,3 years,0
9360,11800.0,19.52,36,E,credit_card,45000.0,33.31,RENT,3 years,0
4792,24000.0,10.99,36,B,credit_card,70000.0,18.81,MORTGAGE,10+ years,0
4764,14400.0,11.49,36,B,credit_card,80000.0,11.78,RENT,2 years,0
9751,25000.0,16.35,36,E,small_business,48360.0,10.52,RENT,1 year,1
4749,7000.0,10.15,36,B,credit_card,98000.0,5.85,RENT,10+ years,0
5830,6300.0,10.49,36,B,debt_consolidation,53000.0,28.89,RENT,2 years,0
10880,11200.0,22.91,36,E,credit_card,50000.0,30.27,RENT,7 years,0
1000,25000.0,13.49,36,C,debt_consolidation,135000.0,14.7,RENT,2 years,1
9947,25000.0,30.89,60,G,debt_consolidation,103000.0,25.93,OWN,2 years,0
9165,27125.0,19.99,60,E,debt_consolidation,61785.0,27.85,RENT,10+ years,1
10350,5000.0,8.18,36,B,credit_card,30000.0,14.72,RENT,4 years,0
6324,12000.0,9.17,36,B,home_improvement,80000.0,12.96,MORTGAGE,10+ years,0
10744,14175.0,9.16,36,B,credit_card,68700.0,18.53,MORTGAGE,5 years,0
7634,13000.0,6.08,36,A,debt_consolidation,109000.0,11.43,MORTGAGE,1 year,0
10065,16425.0,16.29,36,D,vacation,90000.0,33.93,MORTGAGE,9 years,0
3942,7450.0,18.99,36,D,debt_consolidation,53000.0,23.28,MORTGAGE,10+ years,0
7809,12000.0,5.32,36,A,debt_consolidation,125700.0,6.05,MORTGAGE,10+ years,0
5216,4800.0,12.12,36,B,other,47000.0,23.67,RENT,6 years,1
8401,5700.0,8.59,36,A,car,51000.0,15.45,OWN,< 1 year,0
75,8000.0,14.47,36,C,credit_card,39000.0,25.69,RENT,10+ years,0
5021,16000.0,10.49,36,B,debt_consolidation,60000.0,23.6,OWN,10+ years,0
3905,28000.0,18.06,36,D,debt_consolidation,84640.0,15.57,RENT,10+ years,0
10244,20000.0,9.17,36,B,debt_consolidation,46000.0,14.09,RENT,8 years,0
7687,14000.0,7.89,36,A,debt_consolidation,86850.0,10.21,MORTGAGE,10+ years,0
269,35000.0,15.61,60,C,debt_consolidation,85000.0,22.83,RENT,10+ years,0
6885,20000.0,9.17,36,B,home_improvement,102400.0,15.26,MORTGAGE,9 years,0
4916,8000.0,11.98,36,B,debt_consolidation,75000.0,12.09,RENT,< 1 year,0
9720,32000.0,26.3,60,E,debt_consolidation,45000.0,40.19,OWN,< 1 year,1
7819,18000.0,7.89,36,A,debt_consolidation,99000.0,8.64,RENT,6 years,0
6780,18000.0,8.18,36,B,debt_consolidation,130003.0,6.54,MORTGAGE,7 years,0
4876,25450.0,12.49,36,B,debt_consolidation,300000.0,20.96,MORTGAGE,10+ years,1
1543,12000.0,13.99,36,C,debt_consolidation,47000.0,26.33,RENT,4 years,0
200,1000.0,13.99,36,C,debt_consolidation,35000.0,8.13,RENT,8 years,0
1089,8000.0,13.99,36,C,debt_consolidation,40000.0,16.32,RENT,< 1 year,0
10597,11000.0,9.99,36,B,credit_card,28000.0,29.62,RENT,1 year,1
3190,10000.0,15.59,36,D,debt_consolidation,220000.0,33.15,MORTGAGE,10+ years,0
4486,21000.0,10.75,36,B,debt_consolidation,115000.0,12.69,RENT,Unknown,0
436,22075.0,13.33,36,C,debt_consolidation,60000.0,25.89,RENT,2 years,0
10414,21000.0,8.39,36,A,debt_consolidation,110000.0,3.95,MORTGAGE,10+ years,0
9067,25000.0,6.99,36,A,debt_consolidation,62500.0,21.16,OWN,10+ years,0
7654,35000.0,8.19,36,A,debt_consolidation,130000.0,12.88,MORTGAGE,8 years,0
9940,16000.0,23.28,60,F,debt_consolidation,36960.0,33.86,RENT,10+ years,1
6423,17000.0,9.43,36,B,debt_consolidation,82000.0,17.83,MORTGAGE,5 years,0
5388,16000.0,10.99,36,B,credit_card,75000.0,21.98,MORTGAGE,5 years,0
3729,15200.0,18.99,36,D,credit_card,80000.0,16.4,MORTGAGE,4 years,0
6038,9050.0,11.53,36,B,debt_consolidation,60000.0,27.82,MORTGAGE,10+ years,1
5863,17475.0,10.64,36,B,major_purchase,72500.0,3.99,MORTGAGE,7 years,0
8643,16000.0,6.03,36,A,credit_card,160000.0,9.4,MORTGAGE,10+ years,0
9880,10000.0,30.65,60,F,other,79992.0,5.69,OWN,9 years,1
9819,35000.0,24.11,60,F,debt_consolidation,80000.0,33.09,OWN,8 years,0
4683,15000.0,8.39,36,B,credit_card,50000.0,28.61,RENT,1 year,1
6063,32000.0,10.42,36,B,debt_consolidation,125000.0,16.25,MORTGAGE,10+ years,0
1298,21600.0,13.49,60,C,debt_consolidation,84000.0,14.67,MORTGAGE,10+ years,0
6526,16000.0,9.17,36,B,debt_consolidation,160000.0,13.01,MORTGAGE,10+ years,0
9827,16000.0,24.5,60,F,debt_consolidation,80000.0,8.21,MORTGAGE,10+ years,1
7379,24000.0,6.03,36,A,debt_consolidation,149900.0,10.45,MORTGAGE,2 years,0
10359,35000.0,25.83,60,G,credit_card,80000.0,23.48,MORTGAGE,10+ years,1
1658,7175.0,12.74,36,C,major_purchase,41458.32,24.7,MORTGAGE,Unknown,0
9930,22600.0,23.83,60,F,car,63000.0,20.61,RENT,3 years,1
10914,9600.0,15.59,36,C,debt_consolidation,65000.0,10.45,OWN,1 year,0
6998,5000.0,11.22,36,B,major_purchase,60000.0,29.76,RENT,10+ years,0
1875,15000.0,11.99,36,C,home_improvement,48000.0,6.18,MORTGAGE,5 years,0
427,12000.0,12.29,36,C,debt_consolidation,52000.0,30.68,MORTGAGE,2 years,0
1079,10000.0,12.74,36,C,other,107720.0,30.51,MORTGAGE,10+ years,0
687,10000.0,15.49,36,C,credit_card,120000.0,28.64,MORTGAGE,10+ years,0
1243,10800.0,15.31,60,C,debt_consolidation,42000.0,7.77,MORTGAGE,10+ years,0
3432,11500.0,16.99,36,D,debt_consolidation,38400.0,15.22,OWN,2 years,0
3409,5000.0,20.31,36,D,moving,53976.0,10.83,RENT,Unknown,0
1110,3600.0,11.99,36,C,other,70000.0,22.81,RENT,2 years,0
1647,5175.0,14.33,36,C,credit_card,31000.0,23.15,OWN,6 years,0
2361,6000.0,13.33,36,C,debt_consolidation,75000.0,15.82,MORTGAGE,8 years,0
2759,16000.0,14.64,36,C,other,70000.0,0.0,MORTGAGE,10+ years,0
10088,18000.0,8.24,36,B,debt_consolidation,55000.0,9.67,MORTGAGE,< 1 year,0
3254,20000.0,16.99,36,D,small_business,57000.0,25.18,RENT,2 years,0
6005,5000.0,10.75,36,B,debt_consolidation,40000.0,16.39,RENT,2 years,1
4062,5025.0,18.99,36,D,debt_consolidation,36000.0,20.93,OWN,Unknown,1
2580,16000.0,17.27,60,C,home_improvement,56000.0,17.38,MORTGAGE,4 years,0
2983,10000.0,18.75,36,D,credit_card,43000.0,29.27,MORTGAGE,10+ years,0
2751,35000.0,16.29,36,C,debt_consolidation,128000.0,15.53,MORTGAGE,< 1 year,0
6665,12000.0,11.99,36,B,debt_consolidation,65445.0,12.07,RENT,10+ years,1
9941,13250.0,24.08,60,F,home_improvement,108000.0,10.68,MORTGAGE,1 year,0
8694,19000.0,7.9,36,A,credit_card,85000.0,15.38,MORTGAGE,10+ years,0
6743,40000.0,10.42,60,B,medical,105240.0,18.91,MORTGAGE,9 years,0
7049,25200.0,9.99,60,B,debt_consolidation,69000.0,12.31,RENT,4 years,0
4816,3200.0,11.22,36,B,debt_consolidation,74000.0,4.61,MORTGAGE,8 years,0
8117,15000.0,6.39,36,A,credit_card,120000.0,3.92,RENT,10+ years,0
811,2400.0,14.49,36,C,other,35000.0,28.53,MORTGAGE,10+ years,0
3555,5500.0,19.99,36,D,medical,43000.0,19.96,OWN,9 years,1
10055,21000.0,8.9,36,A,debt_consolidation,75000.0,20.91,MORTGAGE,1 year,0
8777,8000.0,5.32,36,A,debt_consolidation,60000.0,20.8,RENT,< 1 year,0
2782,16000.0,14.49,36,C,debt_consolidation,49920.0,20.65,MORTGAGE,2 years,1
7647,16000.0,7.89,36,A,debt_consolidation,160000.0,15.5,RENT,10+ years,0
6367,20000.0,10.42,36,B,credit_card,75000.0,8.75,RENT,10+ years,0
1629,5000.0,13.59,36,C,medical,45000.0,1.84,MORTGAGE,< 1 year,0
5500,10400.0,13.53,60,B,debt_consolidation,92000.0,7.17,MORTGAGE,10+ years,0
769,20675.0,15.8,60,C,debt_consolidation,114000.0,25.33,OWN,10+ years,1
9944,14400.0,30.94,60,G,debt_consolidation,65000.0,29.14,RENT,7 years,0
10005,6950.0,17.76,36,D,credit_card,35000.0,29.68,RENT,6 years,0
9081,16000.0,6.03,36,A,debt_consolidation,55000.0,18.41,MORTGAGE,< 1 year,1
4382,11400.0,8.99,36,B,debt_consolidation,45000.0,23.31,RENT,4 years,1
2890,40000.0,16.99,36,D,debt_consolidation,125000.0,24.16,RENT,1 year,0
6933,2500.0,9.16,36,B,vacation,90000.0,26.36,OWN,10+ years,0
6436,6000.0,11.48,36,B,debt_consolidation,44000.0,49.17,RENT,4 years,0
3444,8000.0,21.45,36,D,debt_consolidation,32000.0,23.63,RENT,1 year,1
2151,6000.0,12.62,36,C,debt_consolidation,30000.0,12.52,OWN,Unknown,0
1256,1500.0,13.33,36,C,medical,40000.0,25.62,MORTGAGE,6 years,0
5258,20000.0,11.49,36,B,credit_card,72800.0,17.62,MORTGAGE,8 years,0
5252,12000.0,9.44,36,B,debt_consolidation,75000.0,11.41,RENT,2 years,1
9505,30000.0,20.99,60,E,small_business,85000.0,21.22,RENT,9 years,1
5127,25000.0,8.24,36,B,debt_consolidation,115000.0,16.9,RENT,< 1 year,0
3467,22250.0,18.85,36,D,home_improvement,78068.12,24.32,MORTGAGE,10+ years,0
10086,21600.0,16.99,36,D,debt_consolidation,62000.0,17.32,MORTGAGE,Unknown,1
10853,6000.0,12.29,36,C,vacation,30000.0,6.58,OWN,1 year,0
10360,18000.0,11.99,60,B,debt_consolidation,50000.0,18.19,RENT,10+ years,0
11114,7000.0,9.16,36,B,debt_consolidation,62000.0,19.38,RENT,3 years,0
3664,12000.0,17.56,36,D,medical,90000.0,25.28,MORTGAGE,< 1 year,1
2852,7200.0,13.67,36,C,credit_card,36000.0,32.77,RENT,8 years,1
7947,40000.0,6.97,36,A,home_improvement,180000.0,5.49,MORTGAGE,< 1 year,0
1151,3200.0,12.99,36,C,medical,65000.0,1.86,RENT,10+ years,0
6126,14000.0,11.99,36,B,debt_consolidation,100000.0,24.75,MORTGAGE,9 years,1
10989,30000.0,23.99,60,F,debt_consolidation,100000.0,18.73,RENT,3 years,0
9693,6500.0,18.54,36,E,debt_consolidation,22800.0,15.69,RENT,4 years,0
4733,19425.0,14.09,36,B,debt_consolidation,44000.0,15.79,MORTGAGE,10+ years,1
6938,12400.0,9.17,36,B,credit_card,54412.0,4.87,MORTGAGE,3 years,0
1493,3000.0,13.49,36,C,debt_consolidation,36000.0,19.0,RENT,2 years,0
4054,20050.0,18.92,60,D,debt_consolidation,60000.0,28.86,MORTGAGE,10+ years,0
10809,4000.0,9.17,36,B,home_improvement,97000.0,18.85,MORTGAGE,< 1 year,0
2037,24000.0,12.29,36,C,debt_consolidation,190000.0,12.3,RENT,1 year,0
2900,19800.0,16.99,36,D,debt_consolidation,90000.0,21.08,RENT,1 year,1
6447,8750.0,10.49,36,B,debt_consolidation,51000.0,15.32,RENT,8 years,0
9390,12000.0,19.19,60,E,debt_consolidation,67000.0,35.25,RENT,4 years,1
8629,30000.0,6.68,36,A,debt_consolidation,100000.0,25.27,MORTGAGE,< 1 year,0
9203,20675.0,22.7,60,E,debt_consolidation,105000.0,4.17,MORTGAGE,5 years,1
3269,20000.0,15.61,60,D,debt_consolidation,86000.0,36.17,MORTGAGE,8 years,1
9994,10000.0,30.84,60,G,home_improvement,80000.0,13.79,MORTGAGE,10+ years,0
9330,9000.0,18.64,36,E,debt_consolidation,70000.0,6.91,MORTGAGE,6 years,0
4778,2000.0,14.09,36,B,debt_consolidation,33000.0,15.02,RENT,5 years,0
9367,9575.0,18.54,36,E,debt_consolidation,24000.0,15.15,RENT,10+ years,0
2405,8000.0,12.69,36,C,debt_consolidation,43000.0,13.26,MORTGAGE,3 years,0
5706,20000.0,8.99,36,B,debt_consolidation,225000.0,7.11,MORTGAGE,1 year,0
7294,18000.0,7.99,36,A,debt_consolidation,45000.0,21.23,OWN,8 years,0
9029,6000.0,7.49,36,A,debt_consolidation,64500.0,4.41,RENT,3 years,0
1538,28000.0,12.69,36,C,credit_card,95000.0,10.57,OWN,10+ years,0
4009,30000.0,18.24,36,D,home_improvement,70000.0,18.28,OWN,10+ years,1
7148,3000.0,8.18,36,B,other,69800.0,15.34,MORTGAGE,6 years,0
9145,7200.0,9.63,36,A,credit_card,76668.0,11.14,RENT,10+ years,0
7516,1600.0,7.89,36,A,home_improvement,35000.0,17.8,MORTGAGE,8 years,0
10840,7000.0,8.49,36,A,credit_card,46000.0,19.83,RENT,10+ years,0
9557,7800.0,20.99,36,E,debt_consolidation,36000.0,19.27,RENT,2 years,0
9872,25000.0,23.13,60,F,debt_consolidation,60000.0,15.22,RENT,10+ years,0
5129,15000.0,10.99,60,B,debt_consolidation,66000.0,11.6,MORTGAGE,2 years,0
626,11000.0,12.59,36,C,debt_consolidation,66000.0,15.47,RENT,10+ years,0
2743,16150.0,14.47,36,C,debt_consolidation,36000.0,27.97,RENT,10+ years,0
10438,9000.0,11.99,36,B,debt_consolidation,61000.0,24.18,OWN,10+ years,0
5975,35000.0,10.99,36,B,credit_card,82000.0,16.84,OWN,10+ years,0
5494,34000.0,8.18,36,B,debt_consolidation,150000.0,10.88,MORTGAGE,10+ years,0
792,10625.0,16.2,36,C,debt_consolidation,45000.0,16.21,RENT,4 years,0
10842,10000.0,10.99,36,B,debt_consolidation,290000.0,8.99,MORTGAGE,9 years,0
727,10000.0,13.33,36,C,home_improvement,28000.0,22.97,MORTGAGE,10+ years,0
1402,12000.0,15.8,36,C,debt_consolidation,55000.0,18.72,RENT,8 years,1
4917,7200.0,9.16,36,B,debt_consolidation,40000.0,15.39,RENT,8 years,0
7969,25000.0,7.49,36,A,credit_card,93000.0,15.46,MORTGAGE,10+ years,1
3187,6475.0,21.49,36,D,credit_card,75000.0,22.42,MORTGAGE,6 years,0
1695,16000.0,15.61,36,C,debt_consolidation,47000.0,20.99,RENT,3 years,0
117,22000.0,14.99,36,C,debt_consolidation,82000.0,6.85,RENT,7 years,0
4663,28000.0,8.18,36,B,debt_consolidation,96000.0,23.71,MORTGAGE,10+ years,0
8511,15000.0,6.89,36,A,debt_consolidation,58000.0,33.77,MORTGAGE,1 year,0
6322,15000.0,11.44,60,B,debt_consolidation,80000.0,19.1,MORTGAGE,10+ years,0
9039,5000.0,7.49,36,A,debt_consolidation,98000.0,14.35,RENT,10+ years,0
3840,2000.0,18.99,36,D,home_improvement,55000.0,17.39,MORTGAGE,Unknown,1
9568,20000.0,18.55,60,E,home_improvement,59000.0,18.19,MORTGAGE,10+ years,1
1749,5000.0,12.69,36,C,debt_consolidation,43200.0,6.97,RENT,7 years,0
1006,7700.0,14.65,36,C,credit_card,27000.0,37.02,OWN,9 years,0
2688,28000.0,17.27,60,C,debt_consolidation,105000.0,33.07,RENT,< 1 year,0
10474,5000.0,9.44,36,B,credit_card,24000.0,26.1,MORTGAGE,< 1 year,0
7922,6500.0,7.89,36,A,debt_consolidation,45000.0,32.64,MORTGAGE,6 years,0
431,18200.0,15.1,60,C,debt_consolidation,111000.0,3.03,MORTGAGE,10+ years,0
7566,12000.0,7.62,36,A,debt_consolidation,80000.0,6.38,RENT,4 years,0
8542,28000.0,8.9,36,A,credit_card,107000.0,8.1,RENT,3 years,0
7468,5000.0,8.9,36,A,credit_card,70000.0,24.63,MORTGAGE,10+ years,0
8184,20000.0,8.39,60,A,credit_card,97113.0,10.95,MORTGAGE,7 years,0
4562,13000.0,10.49,36,B,car,87500.0,3.96,RENT,2 years,0
2101,25000.0,13.99,36,C,debt_consolidation,70000.0,28.58,OWN,2 years,1
2756,2500.0,15.99,36,C,other,85000.0,16.32,MORTGAGE,8 years,0
5399,24000.0,9.17,36,B,debt_consolidation,175000.0,12.39,MORTGAGE,2 years,0
3728,4500.0,17.86,36,D,debt_consolidation,10320.0,5.23,RENT,Unknown,0
8971,10000.0,5.32,36,A,debt_consolidation,68000.0,28.6,MORTGAGE,10+ years,0
4222,8400.0,18.99,36,D,debt_consolidation,32500.0,33.78,RENT,6 years,0
6838,5000.0,8.18,36,B,credit_card,28000.0,14.19,RENT,Unknown,0
5725,7000.0,11.99,36,B,debt_consolidation,45500.0,27.04,OWN,1 year,0
3507,17125.0,17.86,60,D,debt_consolidation,43000.0,17.61,RENT,< 1 year,1
3094,15800.0,16.29,60,D,debt_consolidation,42000.0,30.71,MORTGAGE,2 years,0
3599,22675.0,16.99,60,D,debt_consolidation,51604.0,26.95,OWN,9 years,1
5755,15000.0,10.99,36,B,debt_consolidation,64000.0,24.23,MORTGAGE,10+ years,0
5093,6200.0,11.55,36,B,debt_consolidation,75000.0,19.71,RENT,2 years,0
10144,12500.0,6.49,36,A,major_purchase,80000.0,1.14,RENT,10+ years,0
11031,11850.0,18.25,60,E,debt_consolidation,35000.0,21.04,RENT,1 year,1
7124,15000.0,10.49,36,B,debt_consolidation,75000.0,19.33,MORTGAGE,7 years,0
8825,12000.0,6.03,36,A,credit_card,72000.0,12.85,MORTGAGE,9 years,0
4773,13000.0,8.18,36,B,credit_card,55000.0,21.06,OWN,2 years,0
7039,5000.0,9.99,36,B,debt_consolidation,25000.0,32.31,OWN,Unknown,0
3368,3025.0,17.86,36,D,debt_consolidation,18000.0,24.6,OWN,Unknown,0
6317,10000.0,10.16,36,B,debt_consolidation,107000.0,10.87,RENT,6 years,0
6992,15000.0,9.99,36,B,debt_consolidation,93000.0,15.83,RENT,7 years,0
2312,15000.0,11.99,60,C,car,75000.0,10.96,RENT,4 years,0
1735,11000.0,13.67,60,C,credit_card,40000.0,28.86,OWN,Unknown,1
1351,1000.0,12.62,36,C,vacation,26000.0,27.1,RENT,4 years,0
8623,4000.0,6.68,36,A,credit_card,32000.0,17.03,MORTGAGE,4 years,1
5467,11000.0,8.49,36,B,debt_consolidation,45000.0,8.43,MORTGAGE,10+ years,0
2481,12000.0,14.99,60,C,debt_consolidation,106000.0,7.18,MORTGAGE,10+ years,0
4051,7000.0,17.76,36,D,credit_card,26971.36,27.99,RENT,5 years,0
8375,24000.0,8.9,36,A,debt_consolidation,70000.0,12.62,RENT,< 1 year,0
3708,24550.0,17.86,60,D,debt_consolidation,190000.0,10.38,OWN,2 years,0
6724,5000.0,10.42,36,B,debt_consolidation,61000.0,23.25,RENT,10+ years,0
3738,30000.0,18.45,36,D,debt_consolidation,106000.0,26.6,MORTGAGE,4 years,0
2490,15000.0,14.99,60,C,debt_consolidation,55000.0,11.26,MORTGAGE,10+ years,0
7266,18500.0,6.24,36,A,debt_consolidation,65000.0,16.29,MORTGAGE,4 years,0
344,10000.0,14.47,36,C,home_improvement,90000.0,16.77,MORTGAGE,5 years,0
5285,17625.0,11.14,36,B,debt_consolidation,55000.0,33.77,MORTGAGE,Unknown,0
3892,12050.0,19.99,36,D,credit_card,55500.0,33.73,MORTGAGE,10+ years,1
2917,16500.0,15.21,60,D,credit_card,40000.0,20.49,RENT,< 1 year,1
3227,5000.0,15.41,36,D,debt_consolidation,33000.0,23.02,MORTGAGE,4 years,0
8955,27000.0,5.32,36,A,credit_card,100000.0,8.4,MORTGAGE,3 years,0
4669,10000.0,8.39,36,B,other,42000.0,14.06,RENT,Unknown,0
702,15000.0,11.99,36,C,debt_consolidation,62400.0,15.72,MORTGAGE,6 years,0
5597,21500.0,12.12,36,B,debt_consolidation,75000.0,16.27,MORTGAGE,6 years,0
3800,20000.0,17.99,36,D,home_improvement,62400.0,25.94,RENT,< 1 year,1
4402,10000.0,10.49,36,B,credit_card,53000.0,25.54,MORTGAGE,9 years,0
7441,10000.0,7.07,36,A,debt_consolidation,57000.0,4.27,RENT,10+ years,0
7396,13000.0,7.62,36,A,debt_consolidation,80000.0,5.51,MORTGAGE,10+ years,0
635,7000.0,13.47,36,C,car,92000.0,4.73,MORTGAGE,10+ years,0
8787,22000.0,7.97,36,A,credit_card,125000.0,14.37,MORTGAGE,9 years,1
10950,12000.0,5.79,36,A,other,30000.0,23.52,RENT,5 years,0
810,3000.0,15.99,36,C,other,35000.0,17.56,RENT,6 years,0
1650,5000.0,12.29,36,C,debt_consolidation,40000.0,28.71,OWN,10+ years,0
6706,21000.0,10.99,36,B,credit_card,101400.0,14.75,MORTGAGE,7 years,0
4301,35000.0,15.41,60,D,debt_consolidation,185000.0,7.12,RENT,3 years,0
3179,16250.0,20.2,36,D,debt_consolidation,55000.0,12.74,MORTGAGE,< 1 year,0
10455,2500.0,12.99,36,B,credit_card,57000.0,17.07,OWN,Unknown,0
5666,5000.0,11.53,36,B,home_improvement,90000.0,20.1,MORTGAGE,10+ years,0
10164,18475.0,26.99,60,F,debt_consolidation,42000.0,23.69,RENT,< 1 year,1
4828,10000.0,9.17,36,B,debt_consolidation,77000.0,5.97,RENT,9 years,0
4070,7000.0,18.75,36,D,debt_consolidation,120000.0,9.25,RENT,3 years,0
5004,10000.0,9.49,36,B,debt_consolidation,60000.0,12.86,MORTGAGE,6 years,0
9574,25150.0,18.54,36,E,debt_consolidation,70000.0,16.46,RENT,10+ years,0
9097,25000.0,6.49,36,A,credit_card,174000.0,10.24,RENT,10+ years,0
10349,16000.0,19.99,60,E,debt_consolidation,44400.0,21.76,RENT,10+ years,0
809,24250.0,16.2,60,C,debt_consolidation,55000.0,21.91,MORTGAGE,10+ years,0
2653,12000.0,13.67,60,C,debt_consolidation,70042.0,32.42,MORTGAGE,10+ years,0
5240,30000.0,9.67,36,B,debt_consolidation,95000.0,16.08,MORTGAGE,4 years,0
9436,29525.0,20.75,60,E,debt_consolidation,72000.0,23.28,OWN,Unknown,0
4349,17325.0,12.99,36,B,home_improvement,170000.0,15.29,MORTGAGE,4 years,0
9343,10475.0,26.24,60,E,debt_consolidation,32000.0,29.44,OWN,1 year,1
1533,19200.0,12.69,60,C,debt_consolidation,120000.0,21.31,MORTGAGE,10+ years,0
4129,16425.0,15.59,36,D,debt_consolidation,55000.0,21.51,OWN,10+ years,1
2629,20000.0,13.79,36,C,debt_consolidation,103000.0,19.76,RENT,< 1 year,0
5176,34000.0,11.53,36,B,debt_consolidation,90325.0,29.31,MORTGAGE,9 years,0
7311,13000.0,6.49,36,A,credit_card,34000.0,28.06,RENT,4 years,0
2357,10000.0,15.31,60,C,debt_consolidation,29000.0,11.96,MORTGAGE,10+ years,0
9210,12000.0,23.32,60,E,home_improvement,85000.0,12.41,OWN,4 years,0
2808,27450.0,13.33,36,C,credit_card,85000.0,19.51,OWN,2 years,0
4160,10075.0,17.27,60,D,debt_consolidation,28000.0,25.33,RENT,Unknown,1
6554,15000.0,12.69,60,B,home_improvement,42000.0,24.17,MORTGAGE,2 years,0
7483,10000.0,7.97,36,A,major_purchase,83000.0,0.36,OWN,8 years,0
1043,13000.0,14.31,36,C,debt_consolidation,63000.0,7.79,MORTGAGE,2 years,0
3327,18950.0,18.06,60,D,debt_consolidation,99812.0,24.34,MORTGAGE,7 years,1
4966,9600.0,10.91,36,B,debt_consolidation,35079.0,17.48,MORTGAGE,10+ years,0
6857,6000.0,11.99,36,B,home_improvement,118320.0,14.25,MORTGAGE,10+ years,0
9033,15000.0,6.89,36,A,debt_consolidation,80000.0,6.56,MORTGAGE,10+ years,0
1193,7000.0,15.05,36,C,credit_card,30000.0,16.44,RENT,2 years,1
10363,30000.0,18.55,36,D,debt_consolidation,125000.0,13.23,RENT,1 year,0
9292,16800.0,16.4,36,E,debt_consolidation,80000.0,7.02,MORTGAGE,< 1 year,0
5312,15000.0,10.99,36,B,credit_card,70000.0,12.7,RENT,< 1 year,0
9378,30000.0,18.55,60,E,debt_consolidation,90000.0,19.56,MORTGAGE,10+ years,1
5650,10000.0,9.44,36,B,credit_card,65000.0,5.72,RENT,9 years,0
5915,10500.0,11.22,36,B,home_improvement,76000.0,13.3,MORTGAGE,4 years,0
8014,6000.0,5.32,36,A,debt_consolidation,96000.0,11.46,MORTGAGE,10+ years,0
7515,10000.0,7.39,36,A,debt_consolidation,42500.0,21.63,RENT,3 years,0
3113,26175.0,17.86,60,D,debt_consolidation,62000.0,33.08,MORTGAGE,10+ years,0
7504,5000.0,7.9,36,A,debt_consolidation,85000.0,23.12,RENT,10+ years,0
3542,15400.0,19.47,60,D,debt_consolidation,38500.0,13.62,MORTGAGE,10+ years,0
5902,3500.0,10.47,36,B,credit_card,30000.0,37.44,RENT,6 years,0
2496,10000.0,17.1,36,C,debt_consolidation,59000.0,12.12,RENT,10+ years,1
1303,15000.0,14.99,36,C,debt_consolidation,160000.0,7.55,MORTGAGE,7 years,0
5016,15000.0,9.17,36,B,credit_card,125000.0,10.08,MORTGAGE,10+ years,0
3262,30000.0,19.03,60,D,debt_consolidation,155000.0,9.1,RENT,3 years,0
1557,19050.0,14.65,36,C,debt_consolidation,53000.0,28.53,RENT,3 years,0
1120,18000.0,14.07,60,C,credit_card,84000.0,17.99,RENT,2 years,0
6676,7000.0,10.41,36,B,debt_consolidation,57000.0,17.92,RENT,Unknown,0
10093,14000.0,14.33,60,C,debt_consolidation,105000.0,21.92,MORTGAGE,10+ years,0
2816,20400.0,14.49,36,C,debt_consolidation,95000.0,25.39,MORTGAGE,5 years,1
10292,20000.0,18.25,60,D,credit_card,85000.0,21.35,MORTGAGE,10+ years,0
4651,15000.0,10.47,36,B,credit_card,75000.0,34.86,RENT,10+ years,0
6162,10000.0,8.39,36,B,debt_consolidation,55000.0,23.52,RENT,6 years,0
9085,15000.0,7.89,36,A,debt_consolidation,165000.0,3.41,OWN,5 years,0
7912,7000.0,7.49,36,A,debt_consolidation,62500.0,15.96,MORTGAGE,7 years,0
4788,15000.0,11.99,60,B,debt_consolidation,44160.0,30.71,MORTGAGE,4 years,0
6272,12000.0,9.75,36,B,debt_consolidation,61000.0,34.0,MORTGAGE,5 years,0
1068,4000.0,14.49,36,C,other,30000.0,21.83,RENT,< 1 year,1
6668,16000.0,11.53,36,B,debt_consolidation,70000.0,36.2,OWN,10+ years,0
9482,8000.0,18.25,36,E,debt_consolidation,37000.0,17.35,RENT,2 years,0
9846,30000.0,23.76,60,F,debt_consolidation,95000.0,17.95,RENT,10+ years,0
3046,4800.0,17.56,36,D,other,42500.0,21.4,RENT,< 1 year,0
350,13925.0,13.99,36,C,credit_card,30290.0,21.35,OWN,Unknown,0
2519,21000.0,15.8,60,C,debt_consolidation,125000.0,11.12,RENT,10+ years,1
8757,4000.0,6.49,36,A,debt_consolidation,16000.0,17.15,MORTGAGE,10+ years,0
9435,35000.0,21.0,60,E,debt_consolidation,89000.0,25.0,RENT,9 years,0
3184,17000.0,16.77,60,D,debt_consolidation,70500.0,10.47,MORTGAGE,5 years,1
8094,20000.0,5.32,36,A,home_improvement,104000.0,8.91,MORTGAGE,3 years,0
9150,20000.0,7.89,36,A,credit_card,110000.0,19.79,MORTGAGE,10+ years,0
2016,7475.0,13.49,36,C,debt_consolidation,22000.0,19.26,RENT,< 1 year,1
6682,16500.0,9.99,36,B,debt_consolidation,113000.0,7.29,MORTGAGE,1 year,0
2395,11000.0,13.65,36,C,home_improvement,45000.0,18.05,MORTGAGE,4 years,0
8371,9000.0,7.89,36,A,debt_consolidation,44600.0,27.05,OWN,10+ years,0
10090,30000.0,12.99,60,C,debt_consolidation,125000.0,12.09,RENT,10+ years,0
9484,6000.0,21.15,36,E,vacation,110000.0,13.28,MORTGAGE,6 years,0
9260,6150.0,23.99,36,E,debt_consolidation,50000.0,27.4,RENT,4 years,0
3367,12000.0,17.77,36,D,debt_consolidation,70508.0,22.62,MORTGAGE,3 years,0
1075,32000.0,15.05,36,C,credit_card,123432.0,24.73,RENT,10+ years,1
3512,28000.0,18.99,60,D,debt_consolidation,100000.0,29.8,MORTGAGE,7 years,0
4855,2000.0,9.8,36,B,other,32000.0,16.73,RENT,7 years,1
3336,13500.0,16.29,60,D,debt_consolidation,100000.0,6.3,MORTGAGE,Unknown,1
7902,20000.0,6.97,36,A,credit_card,45000.0,19.92,RENT,Unknown,0
1405,15000.0,15.31,60,C,credit_card,72000.0,38.73,OWN,Unknown,0
1328,6000.0,15.1,36,C,credit_card,60000.0,24.08,RENT,6 years,0
11154,12000.0,12.69,60,C,credit_card,80000.0,9.75,RENT,10+ years,1
10217,26450.0,28.99,60,G,debt_consolidation,63000.0,31.3,RENT,4 years,1
1253,9600.0,15.31,36,C,small_business,40000.0,6.94,RENT,< 1 year,0
3615,19000.0,19.99,60,D,debt_consolidation,72000.0,30.63,MORTGAGE,< 1 year,1
11178,16000.0,14.49,36,C,debt_consolidation,65000.0,31.09,MORTGAGE,10+ years,1
11175,9875.0,17.86,36,D,debt_consolidation,70000.0,38.78,MORTGAGE,8 years,0
4074,5000.0,17.57,36,D,other,46000.0,28.12,MORTGAGE,7 years,0
7691,10000.0,6.97,36,A,debt_consolidation,76000.0,11.48,OWN,8 years,0
7517,22000.0,6.68,36,A,debt_consolidation,100000.0,15.32,RENT,6 years,0
4122,15000.0,18.99,60,D,debt_consolidation,52000.0,24.0,MORTGAGE,3 years,1
11158,19775.0,19.99,36,D,credit_card,43000.0,25.45,RENT,10+ years,1
7712,3000.0,6.68,36,A,debt_consolidation,90000.0,15.85,OWN,10+ years,0
5615,30000.0,9.17,36,B,home_improvement,138000.0,13.05,OWN,10+ years,0
7555,24000.0,6.24,36,A,debt_consolidation,63000.0,15.94,MORTGAGE,4 years,0
9787,28000.0,24.99,60,F,debt_consolidation,115000.0,8.14,MORTGAGE,10+ years,0
9679,5875.0,19.52,36,E,debt_consolidation,19800.0,30.3,OWN,2 years,0
6190,8000.0,11.53,36,B,credit_card,27218.0,24.07,RENT,5 years,0
3860,20000.0,17.57,60,D,debt_consolidation,51900.0,27.98,OWN,10+ years,0
9829,9225.0,22.99,36,F,home_improvement,57000.0,0.99,MORTGAGE,3 years,0
4091,6400.0,16.99,36,D,debt_consolidation,38400.0,22.44,RENT,3 years,0
8434,25000.0,5.32,36,A,home_improvement,115000.0,14.39,MORTGAGE,10+ years,0
7325,14400.0,7.39,36,A,debt_consolidation,57928.0,9.3,MORTGAGE,10+ years,0
9938,16600.0,22.99,60,F,debt_consolidation,83000.0,13.82,RENT,10+ years,1
11159,28000.0,8.9,36,A,debt_consolidation,202000.0,7.76,MORTGAGE,4 years,0
10951,35000.0,11.44,36,B,credit_card,200000.0,18.09,OWN,Unknown,0
759,11950.0,14.99,36,C,debt_consolidation,52000.0,34.0,MORTGAGE,10+ years,0
2435,17575.0,12.99,36,C,debt_consolidation,50000.0,17.23,MORTGAGE,7 years,1
1720,24125.0,14.99,36,C,debt_consolidation,171600.0,11.43,RENT,5 years,0
6233,6800.0,10.65,36,B,credit_card,57000.0,18.63,RENT,< 1 year,0
9214,16500.0,18.25,36,E,debt_consolidation,55000.0,22.29,RENT,6 years,0
5009,22000.0,12.12,60,B,credit_card,91000.0,14.87,MORTGAGE,10+ years,0
6001,8400.0,11.99,36,B,car,34000.0,22.41,RENT,4 years,0
1566,15000.0,13.68,36,C,other,67190.0,18.88,MORTGAGE,10+ years,0
4171,8000.0,19.53,36,D,debt_consolidation,90000.0,22.64,OWN,10+ years,1
1926,6500.0,12.79,36,C,credit_card,32372.0,18.24,RENT,2 years,0
2259,2000.0,13.33,36,C,moving,70000.0,29.5,RENT,9 years,0
8546,18000.0,7.9,36,A,credit_card,117000.0,10.22,RENT,1 year,0
9304,5600.0,19.99,36,E,debt_consolidation,33000.0,36.18,RENT,5 years,1
9356,9600.0,26.3,36,E,debt_consolidation,41000.0,31.4,MORTGAGE,9 years,0
6140,15000.0,9.17,36,B,debt_consolidation,90000.0,13.43,RENT,< 1 year,0
6072,5000.0,13.11,36,B,credit_card,65000.0,5.19,RENT,4 years,0
7661,10000.0,7.89,36,A,home_improvement,87180.0,12.91,MORTGAGE,10+ years,0
3783,28100.0,16.59,36,D,major_purchase,74000.0,2.56,OWN,10+ years,0
8092,18000.0,6.89,36,A,debt_consolidation,125000.0,13.97,MORTGAGE,3 years,0
4073,10000.0,19.22,36,D,vacation,250000.0,4.35,RENT,2 years,1
8269,10000.0,6.03,36,A,debt_consolidation,124500.0,16.59,MORTGAGE,10+ years,0
5226,6900.0,8.24,36,B,debt_consolidation,40000.0,13.92,MORTGAGE,Unknown,0
5529,15000.0,10.99,36,B,debt_consolidation,59000.0,16.23,RENT,< 1 year,0
402,25000.0,12.74,60,C,debt_consolidation,190000.0,7.54,MORTGAGE,< 1 year,1
32,3200.0,15.31,36,C,debt_consolidation,23000.0,28.18,OWN,2 years,0
8793,20000.0,6.92,36,A,debt_consolidation,75000.0,25.12,MORTGAGE,10+ years,0
3994,30500.0,15.59,36,D,debt_consolidation,89000.0,25.9,RENT,10+ years,1
1334,4500.0,13.59,36,C,debt_consolidation,65000.0,22.53,MORTGAGE,10+ years,0
10017,25000.0,18.2,60,E,house,104000.0,18.01,OWN,10+ years,1
6375,5000.0,9.99,36,B,home_improvement,75000.0,23.21,OWN,4 years,0
3291,11325.0,18.75,36,D,debt_consolidation,40000.0,8.67,MORTGAGE,2 years,0
5522,4000.0,12.49,36,B,debt_consolidation,95000.0,20.78,MORTGAGE,10+ years,0
8987,16000.0,7.9,36,A,home_improvement,50000.0,11.07,MORTGAGE,2 years,0
3731,6000.0,20.39,36,D,debt_consolidation,165000.0,17.69,RENT,2 years,0
2175,24000.0,13.18,60,C,debt_consolidation,96000.0,13.98,MORTGAGE,10+ years,0
8433,17425.0,6.03,36,A,debt_consolidation,67000.0,28.23,MORTGAGE,4 years,0
5928,9650.0,10.64,36,B,credit_card,52000.0,22.64,RENT,8 years,1
2668,20000.0,11.99,36,C,debt_consolidation,48000.0,35.78,RENT,10+ years,0
10056,10000.0,11.99,36,B,debt_consolidation,63900.0,23.06,MORTGAGE,10+ years,0
839,14400.0,13.67,60,C,debt_consolidation,55000.0,7.79,RENT,< 1 year,1
3614,16200.0,16.99,60,D,debt_consolidation,45000.0,28.05,RENT,< 1 year,0
7829,15000.0,7.89,36,A,debt_consolidation,72000.0,11.85,MORTGAGE,10+ years,0
4098,4250.0,16.99,36,D,debt_consolidation,29300.0,13.31,MORTGAGE,10+ years,1
4109,3425.0,18.24,36,D,debt_consolidation,19000.0,7.33,OWN,< 1 year,0
7044,20000.0,11.53,36,B,credit_card,60895.0,8.71,MORTGAGE,10+ years,0
8512,6000.0,5.32,36,A,debt_consolidation,45000.0,19.84,RENT,4 years,0
356,22500.0,15.31,36,C,debt_consolidation,45000.0,25.87,RENT,8 years,1
2737,5725.0,13.35,36,C,debt_consolidation,64000.0,13.78,RENT,4 years,0
10080,17475.0,17.1,60,C,debt_consolidation,80000.0,23.78,MORTGAGE,8 years,0
748,10000.0,15.22,36,C,credit_card,40000.0,31.23,MORTGAGE,6 years,1
8283,9500.0,6.62,36,A,debt_consolidation,82200.0,18.57,MORTGAGE,3 years,0
6677,18000.0,10.16,36,B,credit_card,60000.0,11.4,MORTGAGE,10+ years,0
5231,24000.0,10.99,36,B,credit_card,125000.0,12.96,MORTGAGE,10+ years,0
4580,8000.0,9.99,36,B,debt_consolidation,50000.0,20.52,RENT,9 years,0
193,6000.0,16.2,36,C,debt_consolidation,32000.0,10.09,OWN,5 years,0
4913,9000.0,8.49,36,B,credit_card,75000.0,8.91,OWN,10+ years,1
5826,10000.0,11.67,36,B,other,61000.0,27.92,RENT,3 years,0
3170,8875.0,18.25,36,D,debt_consolidation,26000.0,25.16,RENT,3 years,0
5728,15000.0,11.99,36,B,debt_consolidation,90000.0,20.89,RENT,7 years,1
8277,21000.0,8.6,36,A,debt_consolidation,172028.64,7.37,MORTGAGE,4 years,0
3958,33600.0,17.27,36,D,debt_consolidation,78000.0,40.01,MORTGAGE,Unknown,0
2521,2000.0,13.99,36,C,credit_card,38959.0,20.09,RENT,10+ years,0
6501,11000.0,11.53,36,B,credit_card,65000.0,13.33,OWN,10+ years,0
1631,12000.0,14.65,36,C,debt_consolidation,60000.0,24.3,RENT,2 years,0
8282,4500.0,7.24,36,A,credit_card,61265.0,23.23,ANY,3 years,0
8752,12000.0,7.59,36,A,credit_card,90000.0,15.68,MORTGAGE,10+ years,0
6099,10000.0,11.67,36,B,debt_consolidation,50000.0,25.59,MORTGAGE,9 years,0
9884,20000.0,23.28,36,F,debt_consolidation,120000.0,29.78,MORTGAGE,8 years,0
657,8000.0,13.18,36,C,debt_consolidation,62000.0,22.3,RENT,2 years,0
1038,4800.0,13.68,36,C,debt_consolidation,16000.0,16.13,MORTGAGE,Unknown,0
2473,19200.0,13.99,60,C,debt_consolidation,79000.0,31.25,MORTGAGE,10+ years,0
6572,21000.0,9.49,36,B,debt_consolidation,104000.0,23.25,RENT,2 years,0
846,10800.0,12.39,36,C,debt_consolidation,50000.0,23.04,MORTGAGE,6 years,0
1191,5600.0,12.99,36,C,other,38000.0,21.13,OWN,6 years,0
1797,10000.0,14.49,60,C,debt_consolidation,53000.0,30.08,MORTGAGE,5 years,1
6273,10000.0,11.39,60,B,debt_consolidation,60000.0,19.64,MORTGAGE,5 years,1
1901,10000.0,13.98,36,C,debt_consolidation,55000.0,27.86,MORTGAGE,10+ years,0
10925,10000.0,20.0,36,D,other,55000.0,1.18,MORTGAGE,3 years,0
9861,17600.0,23.28,60,F,other,70000.0,16.06,RENT,2 years,0
3826,21200.0,19.97,60,D,debt_consolidation,94000.0,7.74,RENT,10+ years,1
7911,5000.0,7.9,36,A,small_business,26400.0,4.41,RENT,5 years,0
3053,30000.0,16.99,36,D,debt_consolidation,150000.0,26.3,RENT,1 year,0
1519,10000.0,13.33,36,C,credit_card,70000.0,26.28,MORTGAGE,1 year,1
4988,3625.0,11.39,36,B,car,70000.0,18.65,OWN,3 years,0
108,24000.0,14.65,36,C,home_improvement,107363.0,28.34,MORTGAGE,2 years,0
9379,28000.0,18.25,60,E,debt_consolidation,75000.0,14.8,RENT,< 1 year,1
3791,22675.0,18.99,36,D,debt_consolidation,54000.0,33.24,MORTGAGE,Unknown,0
8818,25000.0,7.89,36,A,credit_card,106250.0,31.12,OWN,10+ years,0
3748,22400.0,19.53,60,D,credit_card,72000.0,23.48,MORTGAGE,10+ years,0
9483,7400.0,23.88,36,E,other,85000.0,34.12,MORTGAGE,Unknown,0
9856,18000.0,28.72,60,F,debt_consolidation,90000.0,19.4,MORTGAGE,4 years,1
1161,12000.0,14.99,60,C,credit_card,40000.0,33.51,RENT,5 years,0
8783,13000.0,7.89,36,A,debt_consolidation,60000.0,29.34,MORTGAGE,10+ years,0
1311,6000.0,13.99,36,C,credit_card,68000.0,9.05,MORTGAGE,7 years,0
1684,15000.0,12.99,36,C,credit_card,180000.0,20.02,MORTGAGE,9 years,0
4484,15000.0,9.17,36,B,credit_card,80000.0,21.2,MORTGAGE,2 years,0
11138,6000.0,11.48,36,B,home_improvement,50000.0,16.73,MORTGAGE,< 1 year,0
4650,12000.0,9.16,36,B,debt_consolidation,50000.0,29.51,MORTGAGE,< 1 year,0
8369,30000.0,6.71,36,A,debt_consolidation,110000.0,21.67,MORTGAGE,6 years,0
7016,28000.0,11.47,60,B,debt_consolidation,235000.0,14.5,MORTGAGE,1 year,0
6735,28000.0,12.99,36,B,debt_consolidation,103000.0,13.92,MORTGAGE,2 years,0
9234,20725.0,21.49,60,E,debt_consolidation,110000.0,13.58,OWN,2 years,0
4925,15500.0,10.42,60,B,credit_card,45000.0,26.13,RENT,6 years,0
9194,14000.0,21.97,60,E,debt_consolidation,35000.0,27.91,RENT,2 years,1
8417,40000.0,7.99,36,A,debt_consolidation,250000.0,5.33,MORTGAGE,10+ years,0
5335,32350.0,10.16,36,B,debt_consolidation,72000.0,16.08,MORTGAGE,6 years,0
10075,17700.0,13.33,36,C,credit_card,42000.0,14.63,RENT,5 years,1
10542,4000.0,12.39,36,C,debt_consolidation,40000.0,13.41,RENT,3 years,0
10612,9000.0,5.32,36,A,major_purchase,75000.0,8.13,RENT,2 years,0
282,11275.0,13.49,36,C,debt_consolidation,125000.0,4.34,RENT,10+ years,0
3641,35000.0,16.99,60,D,debt_consolidation,108000.0,34.08,OWN,10+ years,0
5139,10000.0,11.49,36,B,car,38000.0,10.27,RENT,10+ years,1
9265,18900.0,22.45,60,E,debt_consolidation,45000.0,23.25,OWN,4 years,1
62,23250.0,12.99,60,C,credit_card,46500.0,38.88,RENT,4 years,0
7715,24000.0,7.49,36,A,debt_consolidation,145000.0,16.75,MORTGAGE,3 years,0
5714,30000.0,9.16,60,B,home_improvement,220000.0,19.34,MORTGAGE,5 years,0
7051,16500.0,10.91,36,B,debt_consolidation,59000.0,27.77,MORTGAGE,2 years,0
6300,28000.0,12.42,60,B,major_purchase,130000.0,6.66,MORTGAGE,4 years,0
10186,4000.0,13.18,36,C,debt_consolidation,10500.0,15.09,RENT,Unknown,0
8008,2000.0,6.97,36,A,debt_consolidation,20000.0,16.57,RENT,10+ years,0
6602,36000.0,10.75,36,B,debt_consolidation,72800.0,30.63,OWN,1 year,0
2916,15000.0,15.61,36,D,debt_consolidation,97000.0,7.08,RENT,10+ years,1
3067,10200.0,17.57,60,D,house,204000.0,0.82,MORTGAGE,3 years,0
6064,12000.0,9.17,36,B,debt_consolidation,65000.0,13.42,MORTGAGE,10+ years,0
3315,24000.0,21.45,60,D,debt_consolidation,80000.0,21.12,MORTGAGE,10+ years,0
4962,28000.0,11.49,36,B,debt_consolidation,100000.0,14.45,MORTGAGE,10+ years,0
5776,5000.0,12.12,36,B,credit_card,65000.0,14.68,MORTGAGE,2 years,0
1996,14000.0,13.99,36,C,debt_consolidation,55000.0,8.73,RENT,2 years,0
11123,13800.0,7.39,36,A,credit_card,42000.0,19.69,MORTGAGE,10+ years,0
3116,10750.0,16.99,36,D,debt_consolidation,41580.0,31.54,MORTGAGE,10+ years,0
10355,10000.0,6.92,36,A,debt_consolidation,56000.0,4.54,RENT,1 year,0
1155,7200.0,13.98,36,C,debt_consolidation,70000.0,11.18,MORTGAGE,10+ years,0
6215,14000.0,9.16,36,B,debt_consolidation,76000.0,22.3,OWN,5 years,0
9076,14000.0,7.69,36,A,credit_card,148250.0,17.59,MORTGAGE,10+ years,0
7356,20000.0,8.39,36,A,debt_consolidation,64000.0,17.85,MORTGAGE,8 years,0
9394,9425.0,20.5,36,E,credit_card,35000.0,40.95,MORTGAGE,7 years,1
6390,20000.0,9.16,36,B,debt_consolidation,119500.0,14.39,MORTGAGE,10+ years,0
9782,14000.0,19.36,60,F,debt_consolidation,61000.0,18.18,MORTGAGE,10+ years,0
5845,10000.0,8.18,36,B,home_improvement,26380.0,27.16,OWN,6 years,1
8212,8000.0,7.69,36,A,debt_consolidation,60000.0,12.49,RENT,< 1 year,0
4750,9000.0,11.14,36,B,debt_consolidation,70000.0,7.42,MORTGAGE,7 years,0
11151,35000.0,18.25,60,D,debt_consolidation,165000.0,11.75,MORTGAGE,10+ years,0
4930,1000.0,9.99,36,B,debt_consolidation,40000.0,13.05,RENT,2 years,0
990,18000.0,13.99,60,C,debt_consolidation,100000.0,25.37,MORTGAGE,3 years,0
218,35000.0,14.65,60,C,debt_consolidation,99000.0,22.25,MORTGAGE,< 1 year,1
10416,8000.0,11.49,36,B,debt_consolidation,91000.0,11.78,RENT,9 years,0
8800,18000.0,7.89,36,A,credit_card,119000.0,12.89,OWN,8 years,0
4232,12000.0,18.49,36,D,debt_consolidation,48000.0,23.6,RENT,10+ years,1
1730,24000.0,14.65,60,C,credit_card,115000.0,34.93,RENT,6 years,0
10978,19750.0,12.12,36,B,credit_card,45000.0,25.48,RENT,2 years,0
8536,30000.0,7.99,36,A,debt_consolidation,130000.0,11.67,RENT,4 years,0
8238,10000.0,7.49,36,A,credit_card,52000.0,13.29,RENT,3 years,0
6253,30000.0,9.99,36,B,debt_consolidation,122000.0,10.96,MORTGAGE,10+ years,0
6308,18000.0,11.49,36,B,credit_card,120000.0,15.36,MORTGAGE,1 year,0
10146,6000.0,6.99,36,A,credit_card,40000.0,5.22,RENT,10+ years,0
2201,14500.0,13.99,60,C,credit_card,41000.0,33.14,RENT,< 1 year,1
1502,5500.0,13.99,36,C,debt_consolidation,35000.0,15.4,MORTGAGE,1 year,0
6690,18000.0,10.49,60,B,debt_consolidation,79000.0,17.25,OWN,9 years,0
3259,15000.0,17.57,36,D,debt_consolidation,68000.0,18.85,MORTGAGE,10+ years,0
1821,14000.0,11.99,60,C,debt_consolidation,66600.0,14.54,MORTGAGE,1 year,0
8733,20850.0,7.49,36,A,debt_consolidation,100000.0,11.75,MORTGAGE,< 1 year,0
9669,10500.0,18.49,60,E,debt_consolidation,70000.0,28.97,MORTGAGE,8 years,1
349,10200.0,13.99,60,C,debt_consolidation,52000.0,23.0,RENT,< 1 year,0
4326,16000.0,11.99,60,B,debt_consolidation,105000.0,14.02,MORTGAGE,10+ years,0
10857,20000.0,14.99,36,C,debt_consolidation,65000.0,29.4,MORTGAGE,10+ years,0
1769,8000.0,15.05,36,C,other,65000.0,23.31,RENT,10+ years,1
10032,25000.0,5.93,36,A,credit_card,160000.0,14.06,RENT,6 years,0
10963,14000.0,12.79,60,C,other,60000.0,3.16,RENT,1 year,1
3766,4000.0,14.84,36,D,debt_consolidation,47000.0,13.02,RENT,1 year,0
9774,13450.0,25.09,60,F,debt_consolidation,70000.0,27.82,MORTGAGE,8 years,0
6489,1500.0,11.39,36,B,other,18000.0,9.47,RENT,4 years,0
5030,6400.0,9.49,36,B,credit_card,90000.0,2.33,MORTGAGE,10+ years,1
3897,12000.0,18.25,60,D,debt_consolidation,43000.0,12.28,MORTGAGE,10+ years,0
6697,4000.0,9.44,36,B,debt_consolidation,27000.0,6.13,OWN,Unknown,1
5941,4200.0,10.64,36,B,other,58000.0,17.38,RENT,2 years,0
824,8825.0,13.99,36,C,credit_card,35000.0,23.25,RENT,1 year,0
9429,20000.0,18.25,60,E,other,60000.0,23.9,MORTGAGE,4 years,0
6702,9075.0,11.44,36,B,major_purchase,37000.0,13.52,MORTGAGE,Unknown,0
10739,18600.0,9.17,36,B,debt_consolidation,52000.0,15.05,MORTGAGE,10+ years,1
6207,20000.0,10.56,36,B,debt_consolidation,70000.0,33.07,MORTGAGE,< 1 year,1
8291,20000.0,7.49,36,A,debt_consolidation,65000.0,31.74,RENT,7 years,1
3225,5125.0,20.0,36,D,credit_card,12204.0,34.41,RENT,Unknown,0
6564,5600.0,10.62,36,B,major_purchase,48000.0,9.82,RENT,7 years,0
900,7000.0,14.99,36,C,debt_consolidation,46000.0,22.12,MORTGAGE,6 years,0
7451,8000.0,6.89,36,A,debt_consolidation,54000.0,9.31,MORTGAGE,9 years,0
8837,30000.0,6.89,36,A,debt_consolidation,112035.0,26.69,MORTGAGE,8 years,0
10352,20000.0,10.99,36,B,home_improvement,165000.0,3.33,RENT,1 year,0
6264,23300.0,9.93,60,B,credit_card,145000.0,14.67,MORTGAGE,4 years,0
6704,15000.0,9.99,36,B,debt_consolidation,72000.0,29.4,MORTGAGE,7 years,0
5221,12000.0,10.99,60,B,credit_card,64000.0,23.59,RENT,6 years,0
9752,9750.0,20.3,60,E,debt_consolidation,60000.0,15.94,RENT,< 1 year,0
10101,9450.0,6.03,36,A,other,67000.0,20.18,RENT,1 year,0
10964,4200.0,9.44,36,B,debt_consolidation,45000.0,9.97,RENT,4 years,0
2781,16000.0,14.99,60,C,small_business,95000.0,21.98,OWN,4 years,0
7430,15000.0,6.24,36,A,debt_consolidation,62000.0,21.36,RENT,< 1 year,0
6186,2200.0,11.49,36,B,small_business,18000.0,3.2,MORTGAGE,6 years,1
10158,35000.0,18.54,60,E,home_improvement,70216.0,9.96,MORTGAGE,10+ years,1
9632,24575.0,18.99,60,E,debt_consolidation,56000.0,30.39,OWN,10+ years,1
4174,8000.0,17.99,36,D,debt_consolidation,80000.0,25.35,OWN,10+ years,1
8701,8400.0,7.97,36,A,debt_consolidation,86000.0,9.13,MORTGAGE,10+ years,0
2471,10800.0,12.74,60,C,debt_consolidation,50000.0,27.27,RENT,5 years,0
6497,12000.0,11.49,36,B,credit_card,42000.0,21.86,RENT,4 years,0
6870,6500.0,10.47,36,B,other,24000.0,40.35,RENT,8 years,0
8380,24000.0,5.32,36,A,debt_consolidation,66000.0,21.81,MORTGAGE,10+ years,0
2873,4200.0,12.69,36,C,home_improvement,34716.0,13.27,RENT,Unknown,0
10993,25000.0,6.03,36,A,home_improvement,93800.0,18.57,MORTGAGE,10+ years,0
5242,5000.0,11.67,36,B,debt_consolidation,35000.0,17.22,RENT,3 years,0
10718,5000.0,11.99,36,C,debt_consolidation,35000.0,21.84,MORTGAGE,10+ years,0
6122,16000.0,8.67,36,B,debt_consolidation,120000.0,18.71,RENT,7 years,0
10937,30000.0,30.74,36,F,debt_consolidation,80000.0,24.68,OWN,< 1 year,1
10027,5950.0,11.14,36,B,debt_consolidation,75000.0,16.79,MORTGAGE,9 years,0
10810,10000.0,23.88,36,E,other,80000.0,27.26,RENT,10+ years,1
354,35000.0,16.02,60,C,debt_consolidation,72000.0,14.43,MORTGAGE,< 1 year,0
7432,20000.0,5.93,36,A,credit_card,147000.0,7.71,MORTGAGE,10+ years,0
995,21000.0,16.02,60,C,credit_card,51000.0,26.82,RENT,10+ years,0
9298,6000.0,20.5,36,E,debt_consolidation,27012.0,40.92,OWN,Unknown,1
8102,16000.0,7.12,36,A,debt_consolidation,170000.0,7.72,MORTGAGE,7 years,0
4946,20000.0,9.99,36,B,home_improvement,113000.0,7.66,MORTGAGE,10+ years,0
3129,20500.0,20.89,60,D,debt_consolidation,40000.0,20.55,MORTGAGE,4 years,0
8056,4900.0,7.88,36,A,other,23350.0,4.42,RENT,8 years,0
1976,12000.0,13.67,36,C,home_improvement,145000.0,5.63,MORTGAGE,2 years,0
4539,6400.0,10.99,36,B,debt_consolidation,45000.0,16.51,MORTGAGE,3 years,0
7063,20000.0,9.75,36,B,debt_consolidation,101760.0,31.8,MORTGAGE,10+ years,0
1669,9600.0,12.62,36,C,credit_card,40000.0,46.92,MORTGAGE,3 years,1
5479,16000.0,8.67,60,B,home_improvement,82000.0,26.2,MORTGAGE,10+ years,0
10654,7325.0,19.53,36,D,debt_consolidation,28000.0,41.15,MORTGAGE,Unknown,1
6683,19000.0,8.18,60,B,debt_consolidation,95000.0,7.5,MORTGAGE,3 years,0
2990,12000.0,16.55,60,D,credit_card,55000.0,30.9,RENT,3 years,0
68,7000.0,12.99,36,C,debt_consolidation,28000.0,26.02,RENT,3 years,0
371,16000.0,14.99,60,C,debt_consolidation,59000.0,23.09,RENT,6 years,1
3666,2000.0,19.99,36,D,debt_consolidation,27000.0,5.82,RENT,2 years,0
3852,14000.0,19.99,36,D,debt_consolidation,70000.0,17.13,MORTGAGE,10+ years,1
7335,30000.0,7.26,36,A,debt_consolidation,120000.0,15.09,OWN,10+ years,0
5870,28000.0,11.67,36,B,debt_consolidation,92000.0,22.27,MORTGAGE,10+ years,0
9,19200.0,13.66,60,C,debt_consolidation,87500.0,24.3,RENT,7 years,0
6813,8000.0,9.93,36,B,debt_consolidation,80001.0,8.6,OWN,Unknown,0
7092,6000.0,8.67,36,B,credit_card,30000.0,24.08,RENT,10+ years,1
4191,18900.0,18.24,60,D,debt_consolidation,77000.0,20.67,MORTGAGE,10+ years,0
6210,15000.0,9.17,36,B,debt_consolidation,70000.0,16.77,MORTGAGE,10+ years,0
2377,14000.0,13.49,60,C,debt_consolidation,65500.0,23.87,OWN,5 years,0
348,9000.0,14.33,36,C,debt_consolidation,43000.0,21.27,RENT,Unknown,0
1102,1000.0,13.33,36,C,major_purchase,37000.0,8.34,MORTGAGE,5 years,0
1606,9700.0,14.33,36,C,debt_consolidation,50000.0,17.08,MORTGAGE,3 years,1
864,20000.0,13.33,60,C,home_improvement,52000.0,8.71,MORTGAGE,3 years,0
7891,12000.0,8.9,36,A,credit_card,50000.0,18.03,RENT,4 years,0
7128,10000.0,9.75,36,B,debt_consolidation,41000.0,13.09,RENT,1 year,0
7071,4000.0,13.67,36,B,home_improvement,60000.0,8.98,OWN,Unknown,0
6913,17000.0,10.75,60,B,debt_consolidation,75000.0,16.93,MORTGAGE,10+ years,1
4820,10000.0,13.53,36,B,credit_card,60000.0,23.88,MORTGAGE,10+ years,0
4800,24875.0,11.98,60,B,other,105000.0,6.91,MORTGAGE,10+ years,0
308,3700.0,15.96,60,C,debt_consolidation,37092.0,3.49,OWN,7 years,0
4637,10000.0,9.8,36,B,debt_consolidation,40000.0,16.71,MORTGAGE,8 years,0
6076,12000.0,10.75,60,B,credit_card,65000.0,26.74,MORTGAGE,5 years,0
3707,25000.0,16.55,60,D,debt_consolidation,65000.0,22.01,MORTGAGE,2 years,1
10807,13475.0,24.5,60,F,debt_consolidation,45000.0,20.03,RENT,6 years,1
2567,1800.0,14.99,36,C,other,40500.0,29.33,RENT,10+ years,0
4975,24000.0,8.39,36,B,debt_consolidation,70000.0,20.64,MORTGAGE,4 years,0
1269,2100.0,12.59,36,C,other,15600.0,5.77,OWN,Unknown,0
3071,18000.0,18.24,60,D,debt_consolidation,36000.0,28.63,MORTGAGE,Unknown,1
10742,10000.0,11.99,36,C,debt_consolidation,58000.0,19.7,RENT,1 year,0
1830,10000.0,13.68,36,C,other,156000.0,5.97,RENT,< 1 year,0
6416,14175.0,9.67,60,B,debt_consolidation,45000.0,15.6,RENT,2 years,0
942,24000.0,14.65,60,C,debt_consolidation,180000.0,27.4,MORTGAGE,< 1 year,1
4039,8000.0,17.77,36,D,debt_consolidation,26000.0,16.29,MORTGAGE,2 years,0
9897,23000.0,24.08,60,F,debt_consolidation,59000.0,30.24,MORTGAGE,10+ years,0
7791,12500.0,7.12,36,A,debt_consolidation,93000.0,11.27,MORTGAGE,2 years,0
5286,12000.0,13.11,36,B,credit_card,160000.0,8.78,RENT,4 years,0
5090,7000.0,9.75,36,B,credit_card,34500.0,36.38,RENT,2 years,0
9932,11200.0,25.78,60,F,debt_consolidation,54000.0,30.84,MORTGAGE,10+ years,1
5802,6000.0,11.53,36,B,medical,65000.0,1.07,MORTGAGE,7 years,0
4036,2550.0,17.86,36,D,debt_consolidation,80000.0,25.44,RENT,2 years,0
9907,21000.0,30.49,60,F,debt_consolidation,96000.0,26.8,MORTGAGE,4 years,1
1297,4800.0,14.99,36,C,debt_consolidation,49000.0,21.84,MORTGAGE,5 years,0
5408,16750.0,13.11,36,B,debt_consolidation,33600.0,19.96,RENT,Unknown,0
1843,2000.0,14.33,36,C,wedding,29128.0,5.64,RENT,4 years,0
7332,21000.0,7.49,36,A,credit_card,123600.0,19.7,MORTGAGE,10+ years,0
4835,5000.0,12.12,36,B,credit_card,72000.0,25.67,RENT,8 years,0
1420,18000.0,14.65,36,C,debt_consolidation,42400.0,27.14,RENT,8 years,0
2245,17750.0,12.99,36,C,debt_consolidation,54000.0,21.91,RENT,10+ years,0
4198,28000.0,17.57,60,D,debt_consolidation,90000.0,20.37,MORTGAGE,5 years,0
2568,5400.0,15.31,36,C,credit_card,100000.0,11.52,RENT,7 years,0
2020,15000.0,12.74,60,C,credit_card,36000.0,9.3,MORTGAGE,3 years,0
10263,10000.0,20.0,36,D,debt_consolidation,150000.0,35.14,RENT,9 years,1
1230,13225.0,16.29,36,C,debt_consolidation,37233.0,20.63,RENT,Unknown,0
9656,8500.0,22.74,36,E,debt_consolidation,62000.0,16.05,RENT,9 years,0
7454,4000.0,6.68,36,A,medical,68000.0,16.61,MORTGAGE,10+ years,0
10293,11000.0,16.02,36,C,debt_consolidation,32448.0,22.63,OWN,1 year,0
4565,10000.0,9.75,36,B,credit_card,47000.0,17.89,MORTGAGE,3 years,0
6386,7550.0,10.99,36,B,debt_consolidation,70000.0,16.05,RENT,1 year,0
7915,21000.0,6.92,36,A,credit_card,109650.0,13.43,OWN,5 years,0
4635,15300.0,10.99,60,B,debt_consolidation,118600.0,18.06,MORTGAGE,Unknown,1
3713,15000.0,16.99,60,D,debt_consolidation,60000.0,24.18,MORTGAGE,8 years,0
7625,20000.0,7.26,36,A,credit_card,50000.0,19.76,OWN,3 years,0
6811,12100.0,10.99,36,B,credit_card,120000.0,29.67,MORTGAGE,10+ years,0
4547,18000.0,10.99,36,B,debt_consolidation,60000.0,17.25,MORTGAGE,10+ years,0
1955,10000.0,13.68,36,C,home_improvement,150000.0,6.82,MORTGAGE,10+ years,0
10046,9875.0,16.99,36,D,credit_card,60000.0,7.55,RENT,1 year,0
9912,35000.0,23.13,60,F,credit_card,83506.0,18.42,MORTGAGE,10+ years,0
1419,7000.0,13.99,36,C,debt_consolidation,42000.0,22.93,MORTGAGE,10+ years,0
3785,20000.0,18.99,60,D,debt_consolidation,110000.0,14.44,RENT,10+ years,0
9893,12000.0,21.99,60,F,credit_card,42000.0,34.49,MORTGAGE,10+ years,1
10097,21850.0,14.49,36,C,debt_consolidation,57500.0,9.06,RENT,1 year,0
5704,3000.0,10.42,36,B,other,63648.0,29.02,MORTGAGE,2 years,0
1305,30000.0,13.99,60,C,debt_consolidation,117000.0,29.64,MORTGAGE,8 years,1
5627,20000.0,12.49,36,B,debt_consolidation,60000.0,12.98,RENT,10+ years,0
4340,6000.0,8.24,36,B,major_purchase,72000.0,5.8,MORTGAGE,10+ years,0
9745,18200.0,18.25,60,E,credit_card,96000.0,16.81,RENT,10+ years,1
1905,4000.0,12.74,36,C,credit_card,85000.0,12.44,MORTGAGE,4 years,0
4489,24000.0,11.8,36,B,debt_consolidation,65000.0,19.0,RENT,3 years,0
7989,5000.0,8.59,36,A,major_purchase,60000.0,11.34,MORTGAGE,2 years,0
7346,4650.0,7.89,36,A,home_improvement,48000.0,22.73,MORTGAGE,Unknown,0
9804,19200.0,30.74,60,F,debt_consolidation,52000.0,32.49,RENT,2 years,1
6814,7500.0,11.53,36,B,credit_card,28000.0,13.72,RENT,7 years,0
6545,20000.0,9.16,36,B,debt_consolidation,85000.0,8.84,MORTGAGE,5 years,1
7619,12000.0,6.92,36,A,debt_consolidation,65000.0,13.9,RENT,9 years,0
9709,4925.0,22.39,36,E,medical,30000.0,10.8,RENT,3 years,0
3463,17475.0,17.57,60,D,debt_consolidation,38000.0,34.42,RENT,8 years,1
899,19000.0,13.33,60,C,credit_card,65000.0,12.42,MORTGAGE,6 years,1
7200,5000.0,9.16,36,B,credit_card,62000.0,21.68,MORTGAGE,4 years,0
10040,21000.0,10.99,36,B,debt_consolidation,105644.0,28.92,MORTGAGE,10+ years,0
3056,15700.0,17.86,60,D,debt_consolidation,70000.0,33.04,MORTGAGE,10+ years,1
6330,24000.0,9.76,36,B,credit_card,48000.0,29.77,OWN,Unknown,1
3099,15050.0,15.99,36,D,debt_consolidation,37700.0,22.92,RENT,7 years,0
1299,24000.0,14.65,36,C,debt_consolidation,140000.0,9.97,MORTGAGE,< 1 year,0
10936,10000.0,9.17,36,B,debt_consolidation,50000.0,36.05,MORTGAGE,6 years,0
8039,25000.0,6.89,36,A,debt_consolidation,1110000.0,1.39,MORTGAGE,3 years,0
9743,19675.0,22.4,36,E,debt_consolidation,60000.0,19.29,OWN,5 years,1
5955,9600.0,9.17,36,B,debt_consolidation,57000.0,22.78,MORTGAGE,10+ years,0
3238,12000.0,20.0,36,D,debt_consolidation,56357.0,62.43,MORTGAGE,< 1 year,0
10470,20000.0,17.09,60,D,debt_consolidation,55992.0,24.24,MORTGAGE,10+ years,1
4219,8350.0,16.55,36,D,debt_consolidation,29000.0,13.74,RENT,8 years,0
11046,8000.0,9.93,36,B,debt_consolidation,89000.0,26.2,MORTGAGE,5 years,0
8486,27000.0,6.49,36,A,debt_consolidation,71000.0,14.29,MORTGAGE,< 1 year,0
10910,10400.0,6.03,36,A,debt_consolidation,50000.0,18.86,RENT,10+ years,0
6182,36000.0,11.99,60,B,other,112000.0,18.6,RENT,9 years,0
2607,12000.0,14.08,60,C,debt_consolidation,25000.0,29.04,MORTGAGE,3 years,0
732,12550.0,13.98,36,C,debt_consolidation,30000.0,29.92,RENT,Unknown,0
6323,21000.0,8.18,36,B,debt_consolidation,100700.0,31.36,MORTGAGE,10+ years,0
6777,5875.0,11.44,36,B,debt_consolidation,51000.0,27.65,MORTGAGE,10+ years,1
3518,1600.0,16.59,36,D,debt_consolidation,45000.0,28.24,MORTGAGE,7 years,0
90,12000.0,15.99,36,C,debt_consolidation,48000.0,28.5,MORTGAGE,2 years,0
9425,6000.0,19.99,36,E,debt_consolidation,30000.0,42.56,RENT,4 years,0
2465,16000.0,17.1,60,C,debt_consolidation,45000.0,27.07,RENT,6 years,0
3603,8500.0,17.57,36,D,debt_consolidation,47200.0,15.31,OWN,6 years,0
3602,30000.0,17.57,60,D,debt_consolidation,120000.0,25.67,MORTGAGE,10+ years,0
8819,15000.0,7.46,36,A,credit_card,100000.0,25.27,RENT,9 years,0
9784,10500.0,24.5,60,F,debt_consolidation,21075.0,21.59,MORTGAGE,3 years,1
6398,4000.0,10.99,36,B,home_improvement,100000.0,10.73,MORTGAGE,7 years,0
6492,15000.0,10.99,36,B,debt_consolidation,54000.0,23.93,RENT,10+ years,0
6681,24000.0,9.99,36,B,credit_card,82744.0,18.1,OWN,10+ years,0
10471,10000.0,18.99,60,D,credit_card,30000.0,19.04,RENT,Unknown,1
1327,22775.0,13.33,36,C,debt_consolidation,63000.0,21.2,OWN,< 1 year,1
5981,5000.0,10.99,36,B,home_improvement,78000.0,19.8,MORTGAGE,10+ years,0
5536,2000.0,14.09,36,B,debt_consolidation,100000.0,15.68,MORTGAGE,10+ years,0
3473,15300.0,17.57,60,D,debt_consolidation,65000.0,25.04,MORTGAGE,5 years,0
4291,10000.0,18.25,36,D,debt_consolidation,35000.0,9.43,MORTGAGE,2 years,0
6050,1200.0,9.44,36,B,other,60000.0,24.06,MORTGAGE,6 years,0
2386,14000.0,13.67,36,C,credit_card,45000.0,33.56,MORTGAGE,10+ years,0
6414,15000.0,10.15,36,B,credit_card,49000.0,23.54,MORTGAGE,10+ years,0
10912,8000.0,16.99,36,D,debt_consolidation,40000.0,36.57,MORTGAGE,10+ years,0
11054,10000.0,7.88,36,A,home_improvement,30000.0,4.84,OWN,2 years,0
3217,21650.0,18.99,36,D,debt_consolidation,57000.0,11.73,RENT,< 1 year,1
10794,35000.0,17.57,36,D,debt_consolidation,125000.0,13.65,RENT,10+ years,0
4406,14575.0,13.53,36,B,debt_consolidation,41600.0,28.25,OWN,10+ years,0
3715,9600.0,19.99,36,D,debt_consolidation,32000.0,28.69,OWN,10+ years,0
1798,1600.0,13.67,36,C,debt_consolidation,28704.0,14.97,RENT,3 years,0
6032,15200.0,8.24,36,B,credit_card,80000.0,11.36,RENT,2 years,0
8780,1500.0,7.97,36,A,home_improvement,74000.0,24.53,MORTGAGE,1 year,0
307,4900.0,13.35,36,C,major_purchase,25000.0,11.28,RENT,1 year,0
7851,16000.0,6.99,36,A,debt_consolidation,88500.0,13.51,RENT,2 years,0
3223,7275.0,15.61,36,D,debt_consolidation,31000.0,22.45,RENT,7 years,0
8524,11200.0,6.49,36,A,car,49000.0,14.67,MORTGAGE,5 years,0
4992,18000.0,11.67,36,B,debt_consolidation,50000.0,22.95,RENT,6 years,0
2233,15925.0,15.1,60,C,debt_consolidation,55182.0,16.94,MORTGAGE,10+ years,0
8166,24000.0,7.89,36,A,debt_consolidation,128000.0,8.59,MORTGAGE,10+ years,0
8656,16000.0,6.49,36,A,home_improvement,75000.0,19.28,MORTGAGE,8 years,0
828,3800.0,13.99,36,C,home_improvement,72000.0,15.97,MORTGAGE,2 years,0
926,18000.0,15.31,36,C,debt_consolidation,79000.0,16.1,RENT,9 years,0
667,12000.0,13.35,36,C,credit_card,60000.0,34.58,MORTGAGE,4 years,1
5192,5000.0,9.49,36,B,home_improvement,81000.0,14.56,MORTGAGE,1 year,0
1446,5000.0,12.62,36,C,debt_consolidation,46250.0,32.28,RENT,10+ years,0
7062,21000.0,9.16,36,B,debt_consolidation,172000.0,10.46,OWN,< 1 year,0
7414,15000.0,6.03,36,A,credit_card,70000.0,12.21,RENT,10+ years,0
10581,22000.0,11.14,36,B,debt_consolidation,49000.0,25.57,MORTGAGE,10+ years,0
4674,8000.0,11.53,36,B,debt_consolidation,26901.0,32.04,RENT,Unknown,1
9144,21600.0,6.24,36,A,credit_card,60000.0,3.52,MORTGAGE,2 years,0
5357,10000.0,11.44,36,B,debt_consolidation,70000.0,17.61,RENT,1 year,0
1483,14000.0,13.98,60,C,credit_card,42000.0,12.49,RENT,4 years,0
186,8000.0,14.33,36,C,debt_consolidation,42100.0,19.47,RENT,8 years,0
7156,8000.0,11.55,36,B,credit_card,54084.0,24.92,RENT,1 year,0
10627,3600.0,11.53,36,B,major_purchase,32000.0,2.81,RENT,4 years,1
3608,35000.0,17.47,60,D,home_improvement,144631.0,14.27,MORTGAGE,10+ years,0
6767,7500.0,12.85,36,B,debt_consolidation,40000.0,22.44,RENT,< 1 year,0
3177,6000.0,21.45,36,D,debt_consolidation,47000.0,33.55,MORTGAGE,4 years,1
6165,40000.0,11.49,60,B,debt_consolidation,50000.0,42.56,MORTGAGE,< 1 year,0
4700,25000.0,9.17,36,B,debt_consolidation,72000.0,14.6,MORTGAGE,10+ years,0
9228,25000.0,23.4,60,E,debt_consolidation,98000.0,23.39,MORTGAGE,10+ years,0
4546,12000.0,11.44,36,B,debt_consolidation,74000.0,21.93,MORTGAGE,10+ years,0
8037,1500.0,6.99,36,A,debt_consolidation,42000.0,9.57,RENT,4 years,0
6081,12000.0,8.18,36,B,debt_consolidation,67000.0,19.55,RENT,Unknown,0
2300,5000.0,12.69,36,C,debt_consolidation,57000.0,20.97,OWN,7 years,1
8211,16000.0,7.56,36,A,credit_card,185000.0,6.98,RENT,< 1 year,0
381,5000.0,17.27,36,C,home_improvement,65000.0,20.82,MORTGAGE,10+ years,1
8774,3425.0,7.62,36,A,debt_consolidation,30000.0,14.96,RENT,< 1 year,1
3074,4500.0,18.75,36,D,debt_consolidation,35000.0,5.62,RENT,4 years,0
3543,8000.0,15.59,36,D,credit_card,35000.0,19.51,RENT,< 1 year,1
10782,21000.0,19.03,36,D,debt_consolidation,150000.0,8.14,MORTGAGE,7 years,0
9812,35000.0,22.99,60,F,debt_consolidation,125000.0,10.33,OWN,10+ years,0
5648,20000.0,10.91,36,B,debt_consolidation,83000.0,11.84,MORTGAGE,3 years,0
935,6000.0,13.18,36,C,debt_consolidation,55000.0,27.17,RENT,6 years,0
3605,12250.0,17.86,36,D,other,35000.0,24.04,RENT,7 years,0
3281,14800.0,17.86,36,D,debt_consolidation,65000.0,24.22,MORTGAGE,8 years,0
1660,6000.0,13.98,36,C,credit_card,50000.0,3.46,RENT,3 years,0
9565,10000.0,18.99,60,E,credit_card,60000.0,15.56,RENT,5 years,1
10791,28000.0,8.18,60,B,debt_consolidation,141000.0,11.46,RENT,10+ years,0
351,10300.0,14.16,36,C,debt_consolidation,39644.04,28.19,RENT,8 years,0
8313,10000.0,7.89,36,A,credit_card,37500.0,21.31,MORTGAGE,4 years,1
1808,25000.0,13.98,60,C,debt_consolidation,70000.0,11.61,RENT,7 years,1
6153,10000.0,8.18,36,B,debt_consolidation,69700.0,16.17,RENT,7 years,0
9003,5000.0,6.49,36,A,other,100717.0,15.97,MORTGAGE,10+ years,0
5322,3500.0,11.22,36,B,other,65000.0,15.53,MORTGAGE,2 years,0
4617,4000.0,10.42,36,B,debt_consolidation,69000.0,18.42,RENT,1 year,0
3317,15000.0,18.55,36,D,credit_card,95000.0,8.84,RENT,8 years,0
2912,35000.0,17.57,60,D,debt_consolidation,270000.0,23.69,MORTGAGE,10+ years,0
7646,8000.0,7.24,36,A,debt_consolidation,105000.0,12.65,MORTGAGE,10+ years,0
2747,10000.0,11.99,60,C,other,50000.0,15.89,MORTGAGE,< 1 year,1
8460,10000.0,5.32,36,A,credit_card,50000.0,27.59,RENT,Unknown,0
11057,14400.0,16.55,36,D,credit_card,50000.0,15.39,MORTGAGE,10+ years,0
8590,15000.0,5.32,36,A,debt_consolidation,120000.0,12.05,RENT,< 1 year,0
6837,7000.0,9.99,36,B,moving,26500.0,23.41,RENT,2 years,0
9970,13850.0,30.94,60,G,debt_consolidation,45600.0,16.87,RENT,3 years,1
4627,15000.0,9.17,36,B,debt_consolidation,74000.0,25.12,MORTGAGE,7 years,1
2443,7550.0,14.16,36,C,debt_consolidation,23760.0,11.57,RENT,Unknown,0
1401,6000.0,14.99,36,C,debt_consolidation,45000.0,3.06,RENT,9 years,0
6689,13000.0,10.42,60,B,debt_consolidation,100000.0,2.89,MORTGAGE,3 years,0
5277,15000.0,9.75,36,B,credit_card,80000.0,7.16,MORTGAGE,5 years,0
10940,7000.0,16.02,36,C,credit_card,41000.0,22.31,MORTGAGE,9 years,1
8802,35000.0,7.89,36,A,debt_consolidation,143000.0,9.47,OWN,3 years,0
5890,18950.0,9.99,36,B,debt_consolidation,79000.0,21.31,RENT,1 year,1
6451,21000.0,10.42,36,B,credit_card,70000.0,30.09,MORTGAGE,5 years,1
3183,20000.0,17.09,36,D,debt_consolidation,20000.0,66.45,MORTGAGE,Unknown,0
101,30000.0,14.08,60,C,credit_card,54000.0,14.36,MORTGAGE,10+ years,0
4589,32000.0,11.39,36,B,credit_card,90000.0,16.63,MORTGAGE,< 1 year,0
9193,35000.0,18.25,36,E,debt_consolidation,115000.0,33.58,RENT,10+ years,1
3652,19800.0,18.25,36,D,debt_consolidation,60000.0,16.68,RENT,9 years,1
10051,30100.0,10.49,36,B,debt_consolidation,75000.0,30.22,MORTGAGE,10+ years,0
1286,15000.0,11.99,60,C,credit_card,50000.0,19.24,MORTGAGE,10+ years,0
3943,10800.0,18.25,60,D,debt_consolidation,55000.0,22.51,MORTGAGE,1 year,0
2625,5000.0,14.49,36,C,major_purchase,42900.0,9.62,RENT,5 years,0
2579,22000.0,14.16,60,C,credit_card,48000.0,26.86,OWN,10+ years,0
1906,6075.0,13.68,36,C,credit_card,72000.0,13.08,MORTGAGE,10+ years,0
9159,10625.0,7.97,36,A,debt_consolidation,70000.0,16.15,MORTGAGE,7 years,0
9055,20000.0,5.32,36,A,debt_consolidation,93000.0,19.77,MORTGAGE,10+ years,0
10200,12000.0,12.29,60,C,debt_consolidation,135000.0,5.97,MORTGAGE,10+ years,1
8052,2000.0,8.19,36,A,credit_card,24000.0,20.5,RENT,Unknown,0
284,6000.0,15.31,36,C,debt_consolidation,80000.0,18.41,MORTGAGE,10+ years,0
4239,17000.0,16.99,60,D,credit_card,76840.0,32.05,RENT,10+ years,1
9506,12300.0,18.25,36,E,debt_consolidation,38480.0,26.48,RENT,6 years,0
10520,24000.0,18.2,60,E,other,85000.0,3.23,RENT,< 1 year,0
4120,35000.0,15.61,60,D,debt_consolidation,112000.0,19.05,MORTGAGE,3 years,0
9154,22725.0,7.49,36,A,debt_consolidation,125000.0,15.74,RENT,2 years,0
4708,21000.0,11.53,60,B,home_improvement,65000.0,13.72,MORTGAGE,2 years,0
3511,10500.0,19.03,36,D,debt_consolidation,62000.0,27.47,MORTGAGE,10+ years,0
11029,14000.0,23.87,60,E,debt_consolidation,54000.0,13.53,RENT,7 years,1
2944,10000.0,18.99,60,D,other,75000.0,21.84,MORTGAGE,1 year,1
2803,8000.0,14.65,36,C,debt_consolidation,32000.0,30.2,RENT,9 years,0
118,15000.0,12.69,60,C,debt_consolidation,45050.0,6.95,RENT,10+ years,0
10735,33425.0,11.99,36,B,credit_card,75000.0,21.34,MORTGAGE,6 years,0
5895,12000.0,8.67,36,B,debt_consolidation,93384.0,29.27,MORTGAGE,10+ years,0
8043,14000.0,6.49,36,A,credit_card,71000.0,13.48,OWN,10+ years,0
4254,35000.0,17.86,60,D,debt_consolidation,100000.0,34.59,MORTGAGE,10+ years,0
11033,15000.0,12.99,36,C,debt_consolidation,42000.0,32.66,OWN,3 years,0
5392,3600.0,9.93,36,B,medical,90000.0,22.67,MORTGAGE,10+ years,0
3578,23975.0,18.25,60,D,credit_card,58000.0,21.19,MORTGAGE,10+ years,1
2731,35000.0,15.61,60,C,debt_consolidation,150000.0,8.28,MORTGAGE,10+ years,0
389,1500.0,13.65,36,C,other,72000.0,24.0,OWN,10+ years,0
2821,12000.0,12.69,36,C,credit_card,92500.0,1.01,RENT,2 years,0
3589,19350.0,17.99,60,D,credit_card,95000.0,26.35,MORTGAGE,10+ years,1
10657,12000.0,9.8,36,B,medical,98000.0,6.4,RENT,10+ years,0
198,12000.0,14.65,36,C,medical,80000.0,19.31,OWN,4 years,0
4305,35000.0,16.02,60,D,debt_consolidation,87500.0,22.13,MORTGAGE,3 years,0
6377,30000.0,13.11,60,B,credit_card,91000.0,15.92,MORTGAGE,3 years,0
8285,21000.0,7.9,36,A,credit_card,95400.0,16.31,RENT,10+ years,0
8190,28000.0,7.26,36,A,debt_consolidation,180000.0,14.21,MORTGAGE,8 years,0
4462,15000.0,10.49,36,B,credit_card,106000.0,18.0,MORTGAGE,3 years,0
2927,12225.0,18.99,36,D,debt_consolidation,34000.0,31.13,MORTGAGE,10+ years,1
2951,13000.0,15.61,60,D,debt_consolidation,50000.0,32.02,RENT,< 1 year,0
8170,11000.0,7.89,36,A,credit_card,50000.0,18.03,MORTGAGE,2 years,0
8993,5000.0,6.39,36,A,debt_consolidation,50000.0,5.03,OWN,Unknown,1
1708,23025.0,13.99,36,C,debt_consolidation,60000.0,14.61,OWN,10+ years,0
6212,1600.0,11.99,36,B,debt_consolidation,90000.0,4.11,MORTGAGE,10+ years,0
6717,7500.0,10.91,36,B,debt_consolidation,106000.0,22.56,MORTGAGE,10+ years,0
3314,5750.0,18.49,36,D,debt_consolidation,19200.0,27.81,RENT,Unknown,1
237,24000.0,14.33,60,C,debt_consolidation,96400.0,26.95,MORTGAGE,9 years,1
6648,8000.0,9.17,36,B,debt_consolidation,65000.0,11.93,RENT,2 years,0
8718,28000.0,7.69,36,A,debt_consolidation,200000.0,21.32,MORTGAGE,8 years,0
8256,12500.0,5.32,36,A,credit_card,70000.0,27.47,OWN,< 1 year,0
8952,13200.0,5.32,36,A,debt_consolidation,87000.0,17.13,MORTGAGE,10+ years,0
9976,35000.0,25.89,60,G,debt_consolidation,205000.0,14.14,RENT,7 years,0
4177,35000.0,15.61,36,D,debt_consolidation,135000.0,19.98,MORTGAGE,10+ years,1
8549,14000.0,6.92,36,A,debt_consolidation,43000.0,12.34,RENT,1 year,0
6779,10000.0,12.99,36,B,home_improvement,115000.0,19.97,MORTGAGE,1 year,0
9901,9600.0,25.99,36,F,home_improvement,32000.0,37.17,RENT,3 years,1
6304,15000.0,9.17,36,B,credit_card,65100.0,18.8,RENT,3 years,0
1849,15000.0,12.99,60,C,credit_card,65000.0,25.02,MORTGAGE,10+ years,0
270,15000.0,13.99,36,C,credit_card,130000.0,23.6,MORTGAGE,< 1 year,1
558,12000.0,12.29,60,C,debt_consolidation,42557.0,22.76,RENT,2 years,1
1086,10000.0,13.49,36,C,debt_consolidation,184000.0,10.74,RENT,2 years,0
5132,16000.0,10.99,36,B,credit_card,96904.0,26.91,RENT,5 years,0
2272,10450.0,13.59,36,C,debt_consolidation,42000.0,18.43,RENT,7 years,0
7706,25000.0,6.99,36,A,other,95000.0,6.16,MORTGAGE,10+ years,0
2663,15000.0,11.99,36,C,debt_consolidation,160000.0,16.73,MORTGAGE,10+ years,1
7225,2000.0,10.49,36,B,other,64000.0,7.63,MORTGAGE,6 years,0
11025,6000.0,6.68,36,A,credit_card,68000.0,17.74,RENT,10+ years,0
11053,12000.0,16.24,60,C,debt_consolidation,36000.0,7.47,RENT,4 years,1
275,14100.0,12.62,36,C,debt_consolidation,88000.0,19.84,MORTGAGE,9 years,0
10385,7200.0,17.57,36,D,moving,55000.0,14.79,RENT,< 1 year,0
4844,7500.0,8.18,36,B,debt_consolidation,53560.0,14.32,RENT,10+ years,0
2823,10000.0,13.35,60,C,debt_consolidation,150000.0,19.59,MORTGAGE,2 years,1
4639,31825.0,13.67,36,B,debt_consolidation,91000.0,17.77,MORTGAGE,10+ years,0
5612,20000.0,11.71,36,B,credit_card,55000.0,23.89,MORTGAGE,2 years,0
8582,2000.0,8.39,36,A,major_purchase,67000.0,14.44,OWN,< 1 year,0
7067,12000.0,9.8,36,B,debt_consolidation,80000.0,13.58,RENT,1 year,0
5438,21775.0,10.42,36,B,home_improvement,75000.0,34.4,MORTGAGE,3 years,0
3559,6000.0,18.75,36,D,debt_consolidation,70000.0,14.95,RENT,2 years,0
3087,1000.0,16.99,36,D,other,47100.0,11.57,MORTGAGE,10+ years,0
6988,3625.0,11.99,36,B,debt_consolidation,30000.0,34.76,MORTGAGE,10+ years,0
8182,10000.0,5.32,36,A,major_purchase,40000.0,0.75,OWN,3 years,0
4133,23575.0,16.99,36,D,debt_consolidation,63190.0,37.97,RENT,8 years,1
9962,8000.0,30.84,36,G,other,95000.0,0.63,RENT,10+ years,1
11036,12000.0,14.49,36,C,debt_consolidation,60000.0,21.64,MORTGAGE,1 year,0
1115,16775.0,13.99,36,C,debt_consolidation,70000.0,9.84,RENT,10+ years,0
5838,21600.0,10.15,60,B,credit_card,48000.0,19.5,RENT,8 years,1
4410,12000.0,10.42,60,B,credit_card,65000.0,19.05,MORTGAGE,4 years,0
9241,10000.0,19.99,60,E,debt_consolidation,30000.0,33.2,RENT,6 years,0
10139,11200.0,13.99,36,C,debt_consolidation,70000.0,17.3,RENT,1 year,1
2658,20000.0,13.98,60,C,debt_consolidation,85000.0,16.98,RENT,10+ years,0
4046,35000.0,17.97,60,D,debt_consolidation,85000.0,30.59,MORTGAGE,10+ years,0
1373,13000.0,14.08,60,C,debt_consolidation,34000.0,34.2,MORTGAGE,1 year,0
8525,3500.0,7.26,36,A,debt_consolidation,24000.0,24.95,MORTGAGE,Unknown,0
1602,15000.0,17.1,60,C,home_improvement,41000.0,30.38,MORTGAGE,10+ years,1
4496,7000.0,10.16,36,B,house,300000.0,8.57,RENT,5 years,0
6908,4000.0,9.99,36,B,credit_card,70000.0,8.66,RENT,3 years,0
5194,27500.0,13.11,36,B,credit_card,105000.0,11.94,OWN,9 years,0
10155,7200.0,9.17,36,B,debt_consolidation,90000.0,13.76,MORTGAGE,4 years,0
1444,16000.0,13.98,36,C,small_business,45000.0,24.19,MORTGAGE,< 1 year,1
10899,6000.0,10.49,36,B,debt_consolidation,55000.0,21.18,RENT,10+ years,0
3964,13525.0,17.86,36,D,house,52000.0,37.27,RENT,10+ years,1
1987,6275.0,13.65,36,C,debt_consolidation,50242.4,16.03,RENT,10+ years,0
9225,8650.0,18.54,36,E,house,53000.0,21.29,RENT,8 years,0
2837,5500.0,15.88,36,C,debt_consolidation,78000.0,7.32,RENT,4 years,0
2042,10000.0,15.31,36,C,credit_card,53000.0,18.56,MORTGAGE,10+ years,0
3742,17000.0,17.14,60,D,debt_consolidation,110000.0,21.95,RENT,6 years,1
8120,23425.0,7.89,36,A,credit_card,60000.0,25.22,MORTGAGE,Unknown,0
1476,19250.0,12.74,36,C,debt_consolidation,38500.0,21.01,MORTGAGE,10+ years,0
9903,18175.0,28.69,60,F,debt_consolidation,46000.0,29.4,MORTGAGE,2 years,0
10533,35000.0,8.9,36,A,house,150000.0,5.89,OWN,1 year,0
4694,9600.0,11.44,36,B,debt_consolidation,60000.0,16.7,RENT,10+ years,0
5657,10000.0,10.99,36,B,debt_consolidation,65000.0,12.04,MORTGAGE,10+ years,0
10882,32000.0,20.0,60,D,debt_consolidation,62000.0,33.0,RENT,< 1 year,0
490,12000.0,11.99,36,C,debt_consolidation,44000.0,13.48,RENT,10+ years,0
10081,18600.0,7.89,36,A,debt_consolidation,175000.0,15.93,RENT,10+ years,0
598,22000.0,13.49,36,C,debt_consolidation,194100.0,13.76,MORTGAGE,10+ years,0
6789,13500.0,12.12,36,B,debt_consolidation,43000.0,21.88,RENT,4 years,1
1321,35000.0,14.33,60,C,debt_consolidation,139000.0,20.65,MORTGAGE,2 years,0
6023,5000.0,9.99,36,B,debt_consolidation,46478.0,29.51,RENT,10+ years,0
8804,8000.0,7.26,36,A,debt_consolidation,100000.0,4.9,MORTGAGE,10+ years,1
9824,13400.0,23.43,60,F,credit_card,57000.0,20.22,MORTGAGE,4 years,0
619,2000.0,14.16,36,C,debt_consolidation,17000.0,3.11,MORTGAGE,Unknown,1
2584,20000.0,12.69,36,C,debt_consolidation,56540.0,22.69,RENT,3 years,0
9723,32000.0,23.99,60,E,debt_consolidation,146472.0,7.82,RENT,3 years,0
671,10150.0,12.99,36,C,debt_consolidation,20304.0,15.96,RENT,Unknown,1
3686,6525.0,15.59,36,D,debt_consolidation,86040.0,9.01,RENT,6 years,0
10759,10000.0,8.39,36,A,debt_consolidation,120000.0,11.1,OWN,4 years,0
10272,15000.0,14.33,36,C,debt_consolidation,83116.0,25.96,MORTGAGE,2 years,0
7821,7500.0,5.32,36,A,home_improvement,80000.0,9.06,OWN,1 year,0
3422,24000.0,15.59,36,D,home_improvement,166500.0,12.97,MORTGAGE,6 years,1
6149,35000.0,8.18,36,B,home_improvement,118000.0,8.04,OWN,Unknown,1
1583,17000.0,14.08,36,C,debt_consolidation,65000.0,20.97,RENT,5 years,0
2024,13000.0,14.33,36,C,debt_consolidation,40300.0,11.08,MORTGAGE,10+ years,0
3371,12000.0,17.47,36,D,debt_consolidation,88000.0,11.46,RENT,10+ years,0
4789,6025.0,10.49,36,B,debt_consolidation,53000.0,11.23,RENT,10+ years,0
5265,8000.0,10.64,36,B,small_business,66000.0,21.91,RENT,7 years,1
5401,9000.0,11.47,36,B,credit_card,100000.0,29.26,RENT,2 years,0
11096,1200.0,13.11,36,C,debt_consolidation,54000.0,5.47,OWN,10+ years,0
5702,6000.0,11.48,36,B,credit_card,85000.0,22.58,MORTGAGE,10+ years,0
8982,15000.0,8.9,36,A,debt_consolidation,90000.0,22.43,MORTGAGE,10+ years,0
5222,1500.0,11.31,36,B,car,38000.0,20.03,MORTGAGE,6 years,0
10228,20000.0,13.98,60,C,credit_card,92000.0,32.22,MORTGAGE,10+ years,0
8487,15000.0,7.21,36,A,credit_card,85000.0,18.96,OWN,< 1 year,0
4352,35000.0,8.18,36,B,home_improvement,825000.0,1.8,OWN,4 years,0
10535,20000.0,18.25,60,E,credit_card,50000.0,39.88,RENT,10+ years,1
9473,4675.0,21.18,36,E,vacation,95000.0,10.73,RENT,1 year,0
7982,20000.0,6.99,36,A,credit_card,200000.0,4.76,MORTGAGE,2 years,0
10624,15000.0,14.48,60,C,credit_card,53000.0,26.13,MORTGAGE,10+ years,0
2670,8000.0,15.8,36,C,debt_consolidation,29000.0,17.75,RENT,6 years,0
2221,2000.0,13.49,36,C,home_improvement,48000.0,18.63,MORTGAGE,10+ years,0
4167,15300.0,18.99,36,D,debt_consolidation,62000.0,26.79,RENT,7 years,1
1579,15000.0,14.65,60,C,debt_consolidation,44000.0,18.25,MORTGAGE,2 years,1
2218,10000.0,13.99,36,C,debt_consolidation,36000.0,23.13,MORTGAGE,Unknown,1
6335,20000.0,10.49,60,B,debt_consolidation,100000.0,9.95,OWN,7 years,0
7728,5000.0,5.32,36,A,debt_consolidation,65000.0,19.09,MORTGAGE,7 years,0
6556,7500.0,9.16,36,B,debt_consolidation,135000.0,9.76,MORTGAGE,10+ years,0
11017,10000.0,7.39,36,A,debt_consolidation,80000.0,10.91,MORTGAGE,4 years,0
180,13200.0,14.99,60,C,debt_consolidation,64480.0,11.41,RENT,3 years,1
8578,13750.0,8.9,36,A,debt_consolidation,40000.0,15.9,RENT,< 1 year,0
8150,6000.0,7.39,36,A,credit_card,34000.0,17.54,MORTGAGE,Unknown,0
7255,8000.0,7.26,36,A,credit_card,52000.0,15.86,RENT,7 years,0
3675,25000.0,16.55,60,D,debt_consolidation,50000.0,7.03,MORTGAGE,4 years,1
1528,8000.0,16.01,36,C,car,58000.0,15.27,RENT,< 1 year,0
7244,8000.0,11.99,36,B,major_purchase,233000.0,10.34,MORTGAGE,10+ years,0
3492,24250.0,15.31,36,D,debt_consolidation,80000.0,24.3,RENT,7 years,0
8839,20000.0,6.49,36,A,debt_consolidation,190000.0,4.59,MORTGAGE,1 year,0
8172,7000.0,7.9,36,A,debt_consolidation,25000.0,21.03,MORTGAGE,10+ years,0
5594,15000.0,13.11,36,B,debt_consolidation,55000.0,12.57,MORTGAGE,10+ years,0
2550,35000.0,13.66,60,C,debt_consolidation,75000.0,34.37,MORTGAGE,10+ years,0
5814,16000.0,9.17,36,B,credit_card,52000.0,29.64,RENT,8 years,1
392,24000.0,13.99,60,C,home_improvement,80000.0,12.44,MORTGAGE,3 years,0
4780,14400.0,9.76,36,B,debt_consolidation,60000.0,17.85,MORTGAGE,Unknown,1
7721,24000.0,7.9,36,A,debt_consolidation,85000.0,19.05,MORTGAGE,4 years,0
7816,9000.0,5.32,36,A,credit_card,57000.0,17.22,MORTGAGE,10+ years,0
2455,12000.0,14.46,36,C,credit_card,72000.0,30.38,OWN,2 years,0
2381,10000.0,13.33,36,C,other,49500.0,34.06,RENT,2 years,0
4044,9125.0,18.99,36,D,debt_consolidation,85000.0,7.33,MORTGAGE,10+ years,1
10614,8000.0,8.39,36,B,credit_card,60000.0,20.14,MORTGAGE,2 years,0
5419,8500.0,10.75,36,B,home_improvement,53000.0,5.89,MORTGAGE,3 years,0
4668,15350.0,11.14,36,B,debt_consolidation,53000.0,23.98,MORTGAGE,10+ years,0
7493,10400.0,5.32,36,A,credit_card,180000.0,13.33,MORTGAGE,10+ years,0
2417,16800.0,14.64,60,C,debt_consolidation,101000.0,22.09,RENT,10+ years,0
9685,3500.0,23.99,36,E,vacation,14000.0,28.9,RENT,Unknown,0
4154,15975.0,21.45,36,D,other,55000.0,14.36,RENT,3 years,0
2103,3500.0,14.85,36,C,debt_consolidation,30000.0,8.84,MORTGAGE,3 years,0
3095,10000.0,18.25,36,D,credit_card,58000.0,15.64,RENT,9 years,0
3158,12800.0,19.03,60,D,credit_card,43680.0,45.74,MORTGAGE,10+ years,0
2284,16000.0,13.49,36,C,debt_consolidation,75000.0,19.23,MORTGAGE,5 years,0
6856,2500.0,10.99,36,B,credit_card,78000.0,17.32,MORTGAGE,5 years,0
4400,19200.0,12.12,60,B,debt_consolidation,155000.0,11.72,MORTGAGE,6 years,0
4156,6000.0,17.57,36,D,debt_consolidation,25000.0,14.93,MORTGAGE,4 years,0
8655,28000.0,7.26,36,A,small_business,110000.0,9.07,MORTGAGE,10+ years,0
9468,1800.0,21.48,36,E,debt_consolidation,29999.0,21.61,RENT,3 years,1
4970,9500.0,10.99,36,B,debt_consolidation,65000.0,13.02,MORTGAGE,10+ years,0
857,6000.0,14.99,36,C,home_improvement,35000.0,21.5,MORTGAGE,8 years,0
9459,6500.0,19.52,60,E,other,68643.0,13.92,RENT,3 years,0
5076,35000.0,11.67,60,B,debt_consolidation,84000.0,14.54,MORTGAGE,< 1 year,0
3772,11200.0,18.06,60,D,debt_consolidation,27000.0,22.0,RENT,4 years,1
2416,20000.0,15.59,36,C,credit_card,48000.0,30.68,OWN,Unknown,1
10574,21650.0,7.9,36,A,debt_consolidation,61000.0,11.15,MORTGAGE,10+ years,0
3089,35000.0,19.99,36,D,home_improvement,160000.0,3.84,MORTGAGE,3 years,0
8439,8000.0,8.19,36,A,debt_consolidation,50000.0,12.12,MORTGAGE,10+ years,0
1910,12500.0,14.49,36,C,credit_card,72000.0,24.13,MORTGAGE,10+ years,0
1107,8500.0,14.16,36,C,home_improvement,143000.0,8.79,MORTGAGE,2 years,0
7888,17000.0,5.93,36,A,debt_consolidation,85000.0,19.37,RENT,1 year,0
1841,32000.0,14.33,36,C,debt_consolidation,150000.0,9.59,RENT,7 years,0
4380,4300.0,9.63,36,B,debt_consolidation,30000.0,12.96,RENT,1 year,0
4980,8000.0,12.99,36,B,debt_consolidation,25000.0,18.14,MORTGAGE,10+ years,0
9213,8800.0,18.25,36,E,moving,22000.0,16.97,RENT,< 1 year,0
9381,8450.0,22.15,36,E,debt_consolidation,35000.0,15.43,RENT,10+ years,0
9423,4950.0,22.15,36,E,home_improvement,44400.0,19.62,MORTGAGE,Unknown,0
5080,6900.0,12.42,36,B,debt_consolidation,35000.0,23.83,MORTGAGE,7 years,0
2787,6025.0,14.49,36,C,credit_card,70000.0,29.61,MORTGAGE,4 years,0
8251,9600.0,6.49,36,A,debt_consolidation,42500.0,24.0,MORTGAGE,10+ years,0
4286,15000.0,17.14,60,D,debt_consolidation,45000.0,29.41,RENT,2 years,0
10870,12000.0,10.75,36,B,debt_consolidation,99500.0,10.35,OWN,10+ years,0
7344,19400.0,8.9,60,A,debt_consolidation,101500.0,12.33,MORTGAGE,7 years,0
1289,15000.0,15.8,36,C,credit_card,115000.0,12.0,MORTGAGE,3 years,0
6565,36000.0,9.44,60,B,credit_card,205000.0,9.76,MORTGAGE,10+ years,0
2192,3000.0,13.98,36,C,medical,72000.0,10.46,RENT,< 1 year,0
10773,25000.0,9.67,36,B,debt_consolidation,66500.0,19.17,MORTGAGE,10+ years,0
845,13750.0,14.49,60,C,debt_consolidation,63959.0,5.12,RENT,10+ years,0
7190,5000.0,11.99,36,B,debt_consolidation,43200.0,14.0,OWN,10+ years,0
3949,10000.0,19.22,60,D,debt_consolidation,45000.0,10.75,RENT,8 years,0
2133,33300.0,14.49,60,C,debt_consolidation,154000.0,17.31,MORTGAGE,10+ years,0
1856,12400.0,15.27,60,C,home_improvement,60000.0,17.06,MORTGAGE,8 years,0
3500,5300.0,16.49,36,D,other,45000.0,6.11,RENT,5 years,1
3439,8000.0,19.42,36,D,small_business,48000.0,3.08,RENT,3 years,1
1333,16000.0,14.99,60,C,other,65000.0,16.53,MORTGAGE,10+ years,0
6640,16625.0,12.12,36,B,debt_consolidation,37000.0,14.92,MORTGAGE,< 1 year,0
9604,14400.0,22.15,36,E,credit_card,64000.0,14.76,RENT,8 years,1
10248,18800.0,8.19,36,A,credit_card,58800.0,19.77,RENT,6 years,0
1953,15000.0,14.64,36,C,debt_consolidation,46000.0,28.1,MORTGAGE,< 1 year,1
10584,16000.0,10.99,36,B,credit_card,72000.0,15.67,RENT,< 1 year,0
3997,35000.0,20.2,60,D,debt_consolidation,110000.0,16.0,MORTGAGE,10+ years,0
1661,12375.0,15.31,36,C,debt_consolidation,54000.0,23.27,RENT,3 years,0
10919,7000.0,6.99,36,A,credit_card,65000.0,27.0,MORTGAGE,Unknown,0
3759,3175.0,17.57,36,D,debt_consolidation,42000.0,36.27,MORTGAGE,10+ years,0
9513,35000.0,22.45,60,E,debt_consolidation,120000.0,32.45,MORTGAGE,10+ years,1
6184,31500.0,9.17,60,B,credit_card,105000.0,16.56,MORTGAGE,10+ years,0
10102,6000.0,7.07,36,A,home_improvement,52000.0,21.14,MORTGAGE,3 years,0
9629,15000.0,21.97,60,E,debt_consolidation,62000.0,15.93,OWN,10+ years,1
2675,10075.0,14.33,36,C,debt_consolidation,29000.0,18.04,MORTGAGE,9 years,1
5193,5000.0,9.75,36,B,debt_consolidation,80000.0,23.34,RENT,10+ years,0
321,22575.0,14.49,60,C,credit_card,49275.0,26.28,OWN,3 years,0
330,3200.0,14.08,36,C,debt_consolidation,60000.0,22.46,RENT,2 years,0
7772,19200.0,7.26,36,A,credit_card,85000.0,5.52,OWN,5 years,0
2762,4200.0,12.79,36,C,debt_consolidation,70000.0,10.77,RENT,3 years,0
6205,7200.0,11.44,36,B,debt_consolidation,102000.0,21.25,RENT,4 years,1
1529,15000.0,15.05,60,C,debt_consolidation,34368.0,27.13,RENT,5 years,0
8125,9600.0,7.07,36,A,credit_card,60000.0,11.4,MORTGAGE,Unknown,0
2722,9900.0,12.99,36,C,debt_consolidation,40000.0,24.24,RENT,2 years,1
3295,4200.0,17.09,36,D,other,6000.0,183.16,RENT,< 1 year,1
6201,10000.0,11.67,36,B,credit_card,57000.0,13.2,RENT,10+ years,0
4016,1100.0,16.55,36,D,other,65000.0,24.34,RENT,10+ years,0
1339,9000.0,13.67,36,C,debt_consolidation,43000.0,21.43,RENT,4 years,1
721,5000.0,13.67,36,C,other,39000.0,12.22,MORTGAGE,5 years,0
9054,18000.0,7.12,36,A,debt_consolidation,110000.0,28.94,OWN,2 years,0
28,6600.0,13.49,36,C,vacation,107000.0,34.42,MORTGAGE,3 years,0
3014,7800.0,19.99,36,D,credit_card,41000.0,21.25,MORTGAGE,10+ years,0
6593,5350.0,9.99,36,B,debt_consolidation,58000.0,19.07,MORTGAGE,10+ years,0
95,19500.0,13.35,60,C,debt_consolidation,52000.0,6.14,MORTGAGE,5 years,0
2174,15000.0,12.29,36,C,car,55000.0,11.87,RENT,2 years,0
3732,30000.0,18.25,60,D,debt_consolidation,109000.0,15.22,MORTGAGE,6 years,1
437,30000.0,14.08,60,C,home_improvement,65000.0,8.07,MORTGAGE,3 years,1
9800,7900.0,23.13,36,F,debt_consolidation,21992.04,38.26,OWN,Unknown,1
7916,6000.0,7.07,36,A,debt_consolidation,140000.0,4.11,RENT,10+ years,0
7435,8200.0,7.62,36,A,credit_card,25000.0,9.12,RENT,3 years,0
1474,7200.0,13.99,36,C,debt_consolidation,49000.0,10.23,MORTGAGE,3 years,0
8374,22000.0,8.9,60,A,debt_consolidation,50000.0,22.06,MORTGAGE,10+ years,0
6671,16800.0,9.99,60,B,debt_consolidation,54000.0,17.53,MORTGAGE,2 years,1
10119,5000.0,5.32,36,A,debt_consolidation,46000.0,19.51,RENT,Unknown,0
4040,5650.0,16.99,36,D,debt_consolidation,40000.0,28.74,RENT,1 year,0
11108,25000.0,9.99,36,B,debt_consolidation,50000.0,29.24,RENT,7 years,0
3893,28100.0,18.25,36,D,debt_consolidation,64000.0,23.93,OWN,9 years,0
8471,15000.0,7.49,36,A,debt_consolidation,67000.0,29.93,MORTGAGE,8 years,0
9862,9750.0,24.11,36,F,debt_consolidation,45000.0,5.84,RENT,1 year,1
10435,8200.0,11.99,36,C,debt_consolidation,54424.0,21.32,RENT,2 years,0
9957,21475.0,25.89,60,G,debt_consolidation,60000.0,20.26,RENT,7 years,1
1064,12500.0,13.99,60,C,debt_consolidation,47000.0,24.57,MORTGAGE,2 years,1
257,22000.0,13.98,36,C,other,96000.0,26.18,RENT,1 year,0
4289,12275.0,16.29,36,D,debt_consolidation,60000.0,14.0,RENT,10+ years,0
8058,8400.0,6.99,36,A,debt_consolidation,75000.0,16.08,RENT,5 years,0
5998,15000.0,9.17,36,B,debt_consolidation,85000.0,8.64,RENT,3 years,0
446,20000.0,12.79,36,C,debt_consolidation,150000.0,11.25,MORTGAGE,1 year,0
2527,17000.0,15.8,60,C,debt_consolidation,110000.0,10.71,MORTGAGE,10+ years,0
5012,16000.0,9.93,36,B,credit_card,185000.0,7.08,OWN,5 years,0
10141,21000.0,10.99,60,B,home_improvement,100000.0,16.67,OWN,10+ years,0
5238,11200.0,8.18,36,B,car,72000.0,12.1,MORTGAGE,10+ years,0
2,30000.0,12.79,36,C,debt_consolidation,72000.0,19.83,MORTGAGE,10+ years,0
1625,20000.0,12.62,36,C,debt_consolidation,60000.0,12.24,OWN,3 years,0
8402,17600.0,8.39,36,A,debt_consolidation,65000.0,19.57,RENT,7 years,0
9525,13300.0,20.75,60,E,debt_consolidation,37000.0,24.59,RENT,10+ years,1
69,18000.0,12.69,36,C,debt_consolidation,88000.0,25.15,MORTGAGE,10+ years,0
10082,18000.0,11.99,36,C,debt_consolidation,80000.0,5.39,RENT,< 1 year,0
10445,7250.0,10.15,36,B,debt_consolidation,69000.0,13.22,RENT,3 years,0
3926,5000.0,16.99,36,D,debt_consolidation,38000.0,11.56,RENT,8 years,0
3734,5000.0,18.99,36,D,debt_consolidation,17000.0,7.42,RENT,Unknown,0
10447,10000.0,13.98,36,C,debt_consolidation,36000.0,35.57,RENT,Unknown,0
120,25000.0,13.44,60,C,debt_consolidation,104000.0,8.98,OWN,5 years,0
1683,9000.0,11.99,36,C,debt_consolidation,45200.0,3.32,RENT,9 years,0
5540,12600.0,8.39,36,B,credit_card,56000.0,21.2,MORTGAGE,10+ years,0
4872,4000.0,9.76,36,B,wedding,58000.0,19.16,RENT,4 years,1
8990,25000.0,7.89,60,A,credit_card,75000.0,15.89,MORTGAGE,10+ years,1
24,7200.0,15.81,36,C,debt_consolidation,76000.0,4.07,MORTGAGE,6 years,0
70,7000.0,12.29,36,C,debt_consolidation,40000.0,15.66,RENT,1 year,0
7558,15000.0,7.9,36,A,debt_consolidation,55000.0,18.98,MORTGAGE,8 years,0
6286,8000.0,9.67,36,B,credit_card,31000.0,21.1,OWN,5 years,0
9960,20000.0,25.89,60,G,home_improvement,40000.0,35.7,MORTGAGE,3 years,1
6254,19575.0,9.17,36,B,debt_consolidation,60000.0,18.04,MORTGAGE,10+ years,0
1923,12000.0,13.67,36,C,credit_card,80000.0,25.68,MORTGAGE,8 years,1
1814,15000.0,15.04,60,C,debt_consolidation,60000.0,29.72,MORTGAGE,1 year,0
7609,14000.0,8.19,36,A,debt_consolidation,49000.0,13.01,RENT,8 years,0
1208,21150.0,14.49,36,C,major_purchase,46800.0,6.54,RENT,1 year,0
9283,22800.0,20.99,60,E,debt_consolidation,60000.0,27.7,OWN,10+ years,0
5959,5000.0,9.49,36,B,credit_card,33000.0,28.98,RENT,2 years,0
486,7000.0,13.66,36,C,other,65500.0,22.55,RENT,10+ years,0
1398,35000.0,14.98,60,C,home_improvement,140000.0,2.14,MORTGAGE,10+ years,0
358,35000.0,15.1,36,C,debt_consolidation,210000.0,6.94,MORTGAGE,10+ years,0
339,8500.0,15.31,36,C,other,80000.0,6.44,OWN,10+ years,0
9272,30000.0,18.99,60,E,debt_consolidation,90000.0,13.98,MORTGAGE,8 years,0
5150,20000.0,10.49,36,B,debt_consolidation,85000.0,21.43,MORTGAGE,9 years,0
4066,10000.0,19.2,60,D,debt_consolidation,120000.0,16.38,MORTGAGE,10+ years,0
10454,3000.0,10.99,36,B,car,50000.0,38.09,RENT,10+ years,0
1646,8000.0,13.33,36,C,house,50000.0,14.47,OWN,2 years,1
3395,14000.0,18.99,60,D,debt_consolidation,65000.0,13.98,RENT,10+ years,1
4528,5000.0,12.99,36,B,debt_consolidation,52000.0,4.85,MORTGAGE,5 years,0
9591,30000.0,22.74,60,E,home_improvement,170000.0,18.31,MORTGAGE,10+ years,0
6529,15000.0,9.17,36,B,credit_card,90000.0,12.04,RENT,10+ years,0
5898,6000.0,13.67,36,B,debt_consolidation,185000.0,12.69,RENT,10+ years,0
3874,7300.0,20.0,36,D,debt_consolidation,240000.0,4.21,MORTGAGE,2 years,1
9799,22250.0,24.08,60,F,other,62000.0,24.53,RENT,1 year,0
5485,26375.0,11.67,36,B,debt_consolidation,60000.0,22.08,RENT,8 years,1
3833,25000.0,15.61,60,D,debt_consolidation,125938.0,25.03,MORTGAGE,10+ years,0
5513,10000.0,9.75,36,B,home_improvement,96500.0,16.52,OWN,10+ years,0
7444,13000.0,5.32,36,A,debt_consolidation,101000.0,9.49,MORTGAGE,8 years,0
7284,8000.0,7.26,36,A,other,60000.0,17.36,RENT,8 years,0
290,10400.0,15.04,36,C,other,68000.0,1.46,RENT,7 years,0
11028,13600.0,14.47,36,C,debt_consolidation,63000.0,32.0,MORTGAGE,7 years,1
5269,28000.0,10.99,60,B,debt_consolidation,115000.0,24.31,MORTGAGE,2 years,0
10327,18000.0,10.99,36,B,debt_consolidation,75000.0,9.79,MORTGAGE,6 years,0
4645,6025.0,10.75,36,B,debt_consolidation,19500.0,9.23,RENT,Unknown,0
1228,10000.0,12.39,36,C,debt_consolidation,30600.0,15.41,RENT,2 years,0
7145,8000.0,9.99,36,B,debt_consolidation,49000.0,1.79,MORTGAGE,2 years,1
918,10550.0,16.02,36,C,other,30000.0,4.48,MORTGAGE,1 year,0
2985,10000.0,19.92,36,D,debt_consolidation,35000.0,65.95,MORTGAGE,Unknown,0
4564,6000.0,9.67,36,B,debt_consolidation,67000.0,21.73,MORTGAGE,3 years,0
1156,27600.0,15.05,60,C,debt_consolidation,53000.0,23.37,MORTGAGE,4 years,0
10532,10800.0,14.49,60,C,credit_card,39635.0,34.1,RENT,9 years,0
3835,9150.0,17.86,36,D,debt_consolidation,42000.0,19.14,RENT,9 years,0
9926,19800.0,23.13,60,F,debt_consolidation,75000.0,12.86,RENT,Unknown,1
5976,12000.0,9.99,36,B,credit_card,40000.0,4.89,MORTGAGE,1 year,0
8202,18000.0,7.91,36,A,credit_card,120000.0,26.1,MORTGAGE,3 years,0
9717,12000.0,18.49,60,E,debt_consolidation,43000.0,25.98,RENT,< 1 year,1
6790,11550.0,12.42,36,B,medical,115000.0,5.93,RENT,5 years,0
1514,24000.0,16.2,60,C,debt_consolidation,70000.0,23.23,RENT,6 years,1
5361,9000.0,9.75,36,B,debt_consolidation,104000.0,11.69,MORTGAGE,3 years,0
11103,18875.0,10.42,36,B,debt_consolidation,80000.0,8.24,RENT,10+ years,0
2448,21000.0,14.65,36,C,credit_card,110000.0,25.26,MORTGAGE,3 years,1
4771,8000.0,11.99,36,B,debt_consolidation,38400.0,28.05,MORTGAGE,4 years,0
10683,40000.0,14.08,36,C,debt_consolidation,85000.0,24.3,MORTGAGE,4 years,0
1513,17000.0,12.29,60,C,debt_consolidation,140000.0,8.59,MORTGAGE,5 years,1
10456,24350.0,19.52,60,E,debt_consolidation,58000.0,31.31,MORTGAGE,10+ years,0
10316,20000.0,24.08,60,F,debt_consolidation,58500.0,12.98,MORTGAGE,10+ years,0
2026,10000.0,13.98,60,C,debt_consolidation,80000.0,7.23,MORTGAGE,< 1 year,1
903,13700.0,13.98,60,C,debt_consolidation,40000.0,25.77,RENT,6 years,0
5946,5000.0,10.99,36,B,credit_card,42000.0,18.31,RENT,9 years,0
3442,5000.0,15.95,60,D,debt_consolidation,35000.0,15.77,RENT,2 years,0
67,7000.0,12.29,36,C,debt_consolidation,62107.0,6.42,MORTGAGE,3 years,0
10054,14400.0,13.35,36,C,credit_card,37000.0,22.32,MORTGAGE,10+ years,0
7076,8000.0,12.12,36,B,small_business,45000.0,12.03,RENT,5 years,0
8075,10000.0,7.12,36,A,debt_consolidation,80000.0,11.57,RENT,1 year,0
2228,35000.0,12.29,36,C,debt_consolidation,225000.0,16.16,MORTGAGE,1 year,0
2189,9600.0,12.29,36,C,debt_consolidation,50000.0,24.17,RENT,3 years,1
92,25000.0,13.67,36,C,debt_consolidation,128000.0,11.36,RENT,10+ years,1
10430,5000.0,10.49,36,B,debt_consolidation,93000.0,5.83,RENT,10+ years,0
5338,12000.0,8.18,36,B,debt_consolidation,100000.0,11.91,RENT,7 years,0
10928,12000.0,6.97,36,A,debt_consolidation,75000.0,12.32,MORTGAGE,1 year,1
4893,10000.0,14.09,36,B,debt_consolidation,29500.0,20.97,RENT,< 1 year,0
7319,8000.0,7.99,36,A,debt_consolidation,80000.0,19.28,RENT,10+ years,0
8949,5000.0,6.62,36,A,wedding,80000.0,0.81,RENT,4 years,0
6026,15000.0,9.75,36,B,debt_consolidation,73200.0,11.29,MORTGAGE,9 years,0
1733,5000.0,15.99,36,C,credit_card,52000.0,21.81,OWN,10+ years,0
3374,27725.0,16.99,36,D,debt_consolidation,109000.0,15.64,RENT,2 years,0
10717,11700.0,14.33,36,C,debt_consolidation,35000.0,10.22,MORTGAGE,8 years,0
2157,3000.0,12.74,36,C,home_improvement,85000.0,16.28,MORTGAGE,10+ years,1
6453,20000.0,11.53,36,B,debt_consolidation,140000.0,4.25,OWN,2 years,0
2654,10500.0,12.69,36,C,credit_card,37230.0,23.05,MORTGAGE,10+ years,0
4157,25000.0,16.59,60,D,debt_consolidation,113904.0,8.95,MORTGAGE,10+ years,0
815,4000.0,14.49,36,C,other,72000.0,25.78,MORTGAGE,Unknown,1
1831,4800.0,13.99,36,C,vacation,40000.0,20.85,RENT,2 years,0
3723,9750.0,18.49,36,D,other,29000.0,21.32,RENT,< 1 year,0
7954,4500.0,6.62,36,A,debt_consolidation,39000.0,10.09,RENT,8 years,0
6000,15000.0,9.44,36,B,home_improvement,90000.0,37.15,OWN,Unknown,1
1429,16000.0,12.59,36,C,debt_consolidation,54000.0,21.38,MORTGAGE,Unknown,1
4630,25000.0,10.49,36,B,credit_card,126000.0,26.52,MORTGAGE,10+ years,1
11047,15000.0,11.99,36,B,debt_consolidation,62500.0,19.22,MORTGAGE,10+ years,0
6010,9600.0,8.99,36,B,home_improvement,95000.0,20.06,MORTGAGE,10+ years,0
4303,18000.0,16.29,36,D,debt_consolidation,41600.0,33.04,RENT,3 years,1
153,11200.0,12.69,60,C,debt_consolidation,80000.0,19.22,MORTGAGE,8 years,0
696,10800.0,14.65,36,C,moving,110000.0,12.38,RENT,10+ years,0
7640,10000.0,6.72,36,A,credit_card,103000.0,6.68,MORTGAGE,3 years,0
1745,30000.0,14.08,60,C,debt_consolidation,70000.0,37.92,MORTGAGE,< 1 year,0
9398,20000.0,18.99,60,E,debt_consolidation,68000.0,26.15,MORTGAGE,3 years,1
5108,3000.0,9.99,36,B,credit_card,157000.0,9.07,RENT,7 years,0
1525,21000.0,13.99,36,C,debt_consolidation,70000.0,28.18,MORTGAGE,4 years,1
4437,8000.0,10.64,36,B,home_improvement,56000.0,12.17,MORTGAGE,5 years,0
10149,2975.0,19.52,36,D,debt_consolidation,56000.0,15.56,OWN,4 years,0
7562,14000.0,6.68,36,A,credit_card,60000.0,15.65,RENT,7 years,0
3418,15000.0,16.99,36,D,debt_consolidation,93000.0,10.35,RENT,6 years,0
3324,9000.0,17.86,36,D,debt_consolidation,30000.0,20.0,MORTGAGE,7 years,1
2180,27500.0,11.99,60,C,credit_card,55000.0,26.71,MORTGAGE,6 years,0
1867,10000.0,12.79,36,C,medical,59478.0,1.8,RENT,10+ years,0
11145,5000.0,18.49,36,D,debt_consolidation,68000.0,10.39,RENT,10+ years,0
5052,36000.0,9.16,36,B,credit_card,84000.0,21.04,RENT,5 years,0
2113,21725.0,17.27,60,C,debt_consolidation,48600.0,13.68,MORTGAGE,9 years,0
8539,24000.0,6.24,36,A,debt_consolidation,170000.0,8.93,RENT,3 years,0
384,30250.0,11.99,36,C,debt_consolidation,96000.0,27.66,MORTGAGE,9 years,0
5919,5000.0,8.18,36,B,credit_card,55000.0,22.45,RENT,2 years,0
2375,12000.0,13.99,60,C,credit_card,35000.0,23.32,RENT,10+ years,0
8395,6500.0,8.9,36,A,credit_card,75000.0,18.4,RENT,10+ years,0
10632,10000.0,18.94,36,D,credit_card,45000.0,35.33,RENT,3 years,1
8935,20000.0,6.49,36,A,credit_card,114000.0,5.7,RENT,10+ years,0
6658,9750.0,14.09,36,B,debt_consolidation,40000.0,25.86,MORTGAGE,6 years,0
9902,2400.0,23.99,36,F,debt_consolidation,40000.0,22.77,RENT,5 years,0
4958,7300.0,11.44,36,B,credit_card,32000.0,18.12,RENT,< 1 year,0
3478,4900.0,17.86,36,D,debt_consolidation,40000.0,32.52,RENT,1 year,0
10296,35000.0,18.25,60,E,debt_consolidation,93500.0,27.3,MORTGAGE,10+ years,0
9096,5000.0,5.99,36,A,debt_consolidation,50000.0,12.7,OWN,3 years,0
5380,16000.0,11.99,60,B,home_improvement,226800.0,23.65,MORTGAGE,< 1 year,0
1165,10000.0,15.31,36,C,credit_card,50000.0,7.85,RENT,2 years,0
10554,8400.0,9.17,36,B,other,98292.0,18.06,OWN,Unknown,0
6883,2000.0,11.49,36,B,credit_card,55000.0,22.32,MORTGAGE,4 years,1
5375,8000.0,11.53,36,B,debt_consolidation,115000.0,19.59,RENT,10+ years,0
681,2000.0,13.33,36,C,debt_consolidation,40000.0,21.3,RENT,7 years,0
9218,11200.0,18.2,36,E,other,50000.0,26.62,MORTGAGE,10+ years,0
6936,16000.0,10.99,36,B,debt_consolidation,54000.0,20.2,RENT,10+ years,1
5738,20000.0,8.39,60,B,credit_card,236000.0,22.44,RENT,10+ years,0
159,25200.0,14.46,36,C,debt_consolidation,60000.0,27.44,MORTGAGE,10+ years,0
1280,10000.0,14.99,36,C,debt_consolidation,82000.0,16.05,MORTGAGE,10+ years,1
3035,11000.0,18.24,60,D,debt_consolidation,40000.0,14.46,OWN,3 years,0
6561,5000.0,10.99,36,B,major_purchase,52000.0,6.9,RENT,10+ years,0
6987,3500.0,10.91,36,B,debt_consolidation,75000.0,31.7,MORTGAGE,5 years,0
10921,9525.0,11.49,36,B,debt_consolidation,27242.0,31.81,OWN,10+ years,1
414,9000.0,13.22,36,C,debt_consolidation,90900.0,9.81,RENT,9 years,0
5343,2500.0,12.12,36,B,home_improvement,70000.0,20.35,OWN,2 years,0
44,14000.0,12.29,36,C,debt_consolidation,65000.0,28.71,OWN,10+ years,0
8540,25600.0,5.32,36,A,credit_card,145000.0,4.89,MORTGAGE,10+ years,0
1948,8000.0,13.98,36,C,debt_consolidation,33560.0,32.76,MORTGAGE,1 year,0
6661,7000.0,9.49,36,B,credit_card,39000.0,29.45,MORTGAGE,7 years,1
135,6000.0,12.69,36,C,debt_consolidation,38000.0,6.63,RENT,3 years,1
1859,6000.0,13.99,36,C,car,30000.0,20.44,MORTGAGE,10+ years,0
2703,11200.0,12.59,36,C,major_purchase,70000.0,16.05,RENT,10+ years,0
7053,20000.0,10.15,36,B,debt_consolidation,141000.0,15.96,RENT,8 years,0
5015,25000.0,9.99,60,B,debt_consolidation,67000.0,14.92,MORTGAGE,3 years,0
9602,12600.0,26.3,60,E,credit_card,43000.0,28.3,OWN,3 years,0
7879,6000.0,7.26,36,A,credit_card,120000.0,10.34,RENT,10+ years,0
7622,10000.0,6.97,36,A,debt_consolidation,15000.0,58.01,MORTGAGE,1 year,0
10753,18000.0,13.67,60,B,credit_card,104000.0,14.56,MORTGAGE,10+ years,0
5346,11000.0,11.14,36,B,debt_consolidation,50000.0,7.49,RENT,1 year,0
952,10000.0,12.29,36,C,debt_consolidation,39570.0,23.54,RENT,3 years,0
3278,4500.0,16.55,36,D,debt_consolidation,35500.0,20.11,MORTGAGE,2 years,0
8061,16000.0,5.32,36,A,credit_card,120000.0,9.39,RENT,8 years,0
10701,20000.0,18.99,60,E,debt_consolidation,65000.0,20.05,RENT,10+ years,1
3794,14000.0,18.25,36,D,debt_consolidation,110000.0,9.78,OWN,3 years,0
6086,10000.0,13.11,36,B,debt_consolidation,50000.0,6.03,OWN,6 years,0
8923,4800.0,6.89,36,A,home_improvement,88000.0,24.68,MORTGAGE,3 years,0
5182,20000.0,14.09,36,B,debt_consolidation,129000.0,9.96,RENT,10+ years,0
7688,19200.0,7.89,60,A,other,64000.0,12.34,MORTGAGE,10+ years,1
7489,3000.0,7.89,36,A,debt_consolidation,150000.0,10.38,RENT,10+ years,0
3480,25000.0,17.09,60,D,debt_consolidation,105000.0,28.09,MORTGAGE,2 years,0
9289,9000.0,16.4,60,E,debt_consolidation,67000.0,23.71,MORTGAGE,4 years,1
11143,9200.0,7.89,36,A,debt_consolidation,31200.0,17.0,RENT,< 1 year,0
9057,35000.0,7.89,36,A,debt_consolidation,145000.0,27.88,MORTGAGE,1 year,0
6040,20000.0,8.18,60,B,home_improvement,85000.0,0.68,MORTGAGE,10+ years,0
10834,21000.0,6.97,36,A,debt_consolidation,90000.0,19.4,MORTGAGE,10+ years,0
1173,7500.0,11.99,36,C,other,61250.0,0.78,RENT,< 1 year,0
235,12000.0,12.69,36,C,debt_consolidation,119000.0,13.74,MORTGAGE,10+ years,0
9698,30000.0,26.3,60,E,credit_card,20000.0,76.75,OWN,Unknown,0
4472,10000.0,9.67,36,B,credit_card,51000.0,21.62,RENT,3 years,0
1364,12000.0,15.99,60,C,credit_card,65500.0,30.69,MORTGAGE,2 years,1
6179,17725.0,11.49,36,B,debt_consolidation,38220.0,13.16,RENT,10+ years,1
4376,2500.0,11.49,36,B,debt_consolidation,24000.0,16.25,RENT,2 years,0
607,6000.0,13.18,36,C,credit_card,65000.0,19.33,MORTGAGE,2 years,0
9368,8325.0,20.49,36,E,debt_consolidation,30000.0,33.72,RENT,5 years,0
10976,35000.0,14.33,60,C,debt_consolidation,105000.0,12.46,MORTGAGE,10+ years,1
10904,16000.0,12.74,60,C,other,156000.0,5.53,MORTGAGE,2 years,0
1813,1700.0,13.67,36,C,other,75000.0,1.06,MORTGAGE,Unknown,0
4532,5000.0,11.67,36,B,credit_card,45000.0,11.68,OWN,< 1 year,0
1871,12500.0,12.99,36,C,debt_consolidation,72000.0,16.98,RENT,9 years,0
10933,26600.0,24.99,60,F,debt_consolidation,70000.0,33.62,RENT,10+ years,1
10373,12800.0,19.99,60,E,debt_consolidation,60000.0,14.0,RENT,10+ years,0
8310,20000.0,8.39,36,A,credit_card,50727.0,27.89,OWN,7 years,0
1643,3000.0,13.67,36,C,debt_consolidation,64000.0,27.53,MORTGAGE,10+ years,0
2134,5400.0,13.98,36,C,medical,45000.0,16.11,MORTGAGE,3 years,0
4689,10000.0,10.99,36,B,debt_consolidation,30000.0,9.33,RENT,3 years,0
6519,10000.0,11.49,36,B,debt_consolidation,33200.0,16.41,RENT,2 years,0
7218,10000.0,8.18,36,B,credit_card,37440.0,18.33,RENT,< 1 year,0
9860,12500.0,30.49,36,F,other,25000.0,19.44,OWN,5 years,1
9837,5000.0,21.99,36,F,other,46625.75,17.8,MORTGAGE,10+ years,0
1642,13000.0,12.79,36,C,debt_consolidation,55000.0,11.26,RENT,7 years,0
762,4000.0,12.29,36,C,debt_consolidation,22000.0,7.2,RENT,Unknown,0
9633,35000.0,19.99,60,E,home_improvement,175000.0,25.56,MORTGAGE,6 years,0
252,8000.0,12.62,36,C,house,36000.0,19.57,MORTGAGE,5 years,1
4515,16000.0,10.99,36,B,debt_consolidation,60000.0,27.82,RENT,10+ years,1
10243,11000.0,7.89,36,A,debt_consolidation,42000.0,20.91,RENT,5 years,0
1358,3625.0,15.31,36,C,credit_card,14064.96,14.25,MORTGAGE,10+ years,0
394,10000.0,13.98,60,C,debt_consolidation,65000.0,23.02,RENT,8 years,0
5958,13000.0,10.99,36,B,debt_consolidation,60000.0,10.96,RENT,10+ years,0
6616,3600.0,11.39,36,B,moving,59000.0,18.78,MORTGAGE,10+ years,0
10784,20000.0,5.32,36,A,debt_consolidation,125000.0,6.26,RENT,10+ years,0
5141,1000.0,9.62,36,B,debt_consolidation,45600.0,11.02,OWN,10+ years,0
4939,10000.0,9.8,36,B,debt_consolidation,68000.0,25.79,RENT,10+ years,1
10376,23975.0,13.98,36,C,credit_card,60000.0,27.07,OWN,< 1 year,1
4344,9000.0,12.49,36,B,debt_consolidation,135000.0,1.86,MORTGAGE,5 years,0
8086,9000.0,7.89,36,A,debt_consolidation,46000.0,29.01,MORTGAGE,10+ years,0
4280,5100.0,18.06,36,D,car,25056.0,7.76,RENT,2 years,0
10765,24000.0,14.99,36,C,debt_consolidation,60917.61,27.17,RENT,10+ years,1
10157,3850.0,7.99,36,A,debt_consolidation,45000.0,22.05,RENT,1 year,0
4454,24250.0,10.99,36,B,debt_consolidation,123000.0,7.66,MORTGAGE,10+ years,0
5336,7200.0,11.14,36,B,debt_consolidation,41200.0,19.34,RENT,5 years,0
9137,28000.0,8.39,36,A,debt_consolidation,119000.0,13.92,OWN,7 years,0
3730,25275.0,16.29,60,D,debt_consolidation,60000.0,10.56,MORTGAGE,Unknown,0
10901,13000.0,16.78,60,C,debt_consolidation,96000.0,17.03,RENT,10+ years,0
8218,14000.0,7.99,36,A,debt_consolidation,60500.0,22.42,MORTGAGE,10+ years,0
9905,16000.0,22.99,60,F,credit_card,60000.0,23.82,RENT,2 years,1
7300,7200.0,7.99,36,A,home_improvement,202000.0,19.4,MORTGAGE,9 years,1
2118,6000.0,12.69,36,C,debt_consolidation,56000.0,22.7,MORTGAGE,10+ years,1
925,5600.0,15.05,36,C,home_improvement,255000.0,15.24,MORTGAGE,10+ years,0
6868,25600.0,11.67,36,B,debt_consolidation,115000.0,18.68,MORTGAGE,9 years,0
2265,8000.0,13.99,36,C,debt_consolidation,24000.0,11.05,OWN,4 years,1
6794,14000.0,12.99,36,B,debt_consolidation,70000.0,16.65,RENT,3 years,0
33,10000.0,15.31,36,C,credit_card,40000.0,29.34,RENT,6 years,0
7460,11200.0,5.79,36,A,credit_card,180000.0,21.77,RENT,3 years,0
5358,30000.0,8.18,36,B,small_business,120000.0,19.1,MORTGAGE,3 years,0
5417,3500.0,9.99,36,B,debt_consolidation,64000.0,16.95,MORTGAGE,10+ years,0
9192,24625.0,19.99,36,E,debt_consolidation,240000.0,10.31,MORTGAGE,4 years,0
5416,25000.0,10.99,60,B,credit_card,120000.0,12.62,RENT,10+ years,1
6597,12000.0,11.47,36,B,debt_consolidation,63600.0,29.25,RENT,10+ years,0
5223,14000.0,8.24,36,B,debt_consolidation,60000.0,12.74,MORTGAGE,6 years,0
4195,12500.0,16.99,60,D,debt_consolidation,25000.0,20.88,MORTGAGE,6 years,1
3038,35000.0,17.86,36,D,debt_consolidation,225000.0,18.36,MORTGAGE,10+ years,0
3169,14800.0,17.09,60,D,debt_consolidation,37000.0,11.55,OWN,10+ years,1
5455,1000.0,8.99,36,B,debt_consolidation,33685.0,4.88,OWN,Unknown,0
7119,2800.0,11.49,36,B,other,27560.0,23.38,OWN,10+ years,0
7882,3500.0,6.67,36,A,credit_card,39002.0,8.49,MORTGAGE,5 years,0
10733,3350.0,11.67,36,B,home_improvement,62000.0,27.02,MORTGAGE,10+ years,0
3245,13425.0,19.99,36,D,debt_consolidation,32000.0,23.67,RENT,< 1 year,0
2374,1000.0,12.59,36,C,medical,60000.0,12.69,OWN,10+ years,0
8991,3200.0,5.32,36,A,home_improvement,110000.0,15.91,MORTGAGE,3 years,1
6472,13650.0,10.25,36,B,debt_consolidation,45760.0,13.98,RENT,8 years,0
9703,7575.0,24.49,36,E,medical,32000.0,27.46,OWN,Unknown,1
2915,20000.0,17.47,60,D,credit_card,28479.12,9.36,RENT,8 years,0
216,7200.0,14.99,36,C,debt_consolidation,56160.0,6.58,RENT,9 years,0
10377,2500.0,11.44,36,B,credit_card,30000.0,26.84,OWN,3 years,0
8708,6000.0,6.03,36,A,debt_consolidation,88000.0,19.72,MORTGAGE,8 years,1
7693,4500.0,5.42,36,A,credit_card,48000.0,1.05,MORTGAGE,Unknown,0
2067,9000.0,13.99,36,C,debt_consolidation,75000.0,2.67,RENT,Unknown,0
3818,8725.0,17.57,36,D,debt_consolidation,21840.0,32.25,RENT,2 years,1
2772,32450.0,13.33,60,C,debt_consolidation,83000.0,19.75,MORTGAGE,8 years,0
8562,10000.0,7.59,36,A,debt_consolidation,75000.0,9.14,MORTGAGE,10+ years,0
937,28000.0,14.08,60,C,credit_card,190000.0,9.32,MORTGAGE,1 year,1
11110,7000.0,7.99,36,A,debt_consolidation,65000.0,9.08,RENT,< 1 year,0
10044,7200.0,13.99,36,C,credit_card,52000.0,7.64,RENT,3 years,1
9168,12000.0,23.99,60,E,debt_consolidation,30000.0,26.52,RENT,10+ years,1
2283,8700.0,14.65,36,C,debt_consolidation,45000.0,5.33,RENT,1 year,0
6591,9600.0,9.17,36,B,debt_consolidation,55000.0,9.93,MORTGAGE,10+ years,1
1040,20000.0,15.31,36,C,debt_consolidation,54887.28,22.41,RENT,4 years,0
5599,5600.0,11.49,36,B,debt_consolidation,40000.0,11.43,RENT,4 years,0
4116,5000.0,16.29,36,D,credit_card,50000.0,38.02,OWN,2 years,1
7463,18000.0,6.92,36,A,credit_card,120000.0,14.86,MORTGAGE,2 years,0
38,5500.0,15.31,36,C,debt_consolidation,20000.0,21.0,OWN,< 1 year,1
9845,30000.0,24.89,60,F,debt_consolidation,71278.0,21.67,RENT,7 years,0
2198,15000.0,12.62,60,C,small_business,70000.0,14.05,MORTGAGE,5 years,0
552,3000.0,14.52,36,C,debt_consolidation,41000.0,0.0,RENT,10+ years,0
7025,24000.0,10.99,36,B,debt_consolidation,185000.0,3.08,RENT,3 years,0
2884,19575.0,16.99,36,D,debt_consolidation,88800.0,30.82,MORTGAGE,10+ years,0
8980,12800.0,6.89,36,A,credit_card,51000.0,16.31,RENT,10+ years,0
9708,11875.0,18.2,36,E,debt_consolidation,27000.0,30.8,RENT,4 years,1
8743,8000.0,7.9,36,A,credit_card,49000.0,15.45,RENT,3 years,0
9458,11225.0,19.99,36,E,debt_consolidation,31200.0,8.35,MORTGAGE,< 1 year,0
9308,16000.0,18.25,60,E,debt_consolidation,78000.0,29.77,RENT,8 years,1
2789,10000.0,16.78,36,C,debt_consolidation,61500.0,13.89,RENT,10+ years,0
1974,25000.0,12.99,36,C,debt_consolidation,99580.0,17.25,MORTGAGE,9 years,0
9954,3500.0,28.14,36,G,debt_consolidation,44000.0,19.53,RENT,3 years,1
851,8000.0,12.29,36,C,moving,52000.0,15.21,RENT,8 years,0
4814,4000.0,9.16,36,B,debt_consolidation,62900.0,9.37,RENT,9 years,0
10643,15000.0,8.9,36,A,debt_consolidation,92000.0,15.48,MORTGAGE,9 years,0
10603,9700.0,16.99,36,D,home_improvement,60000.0,9.1,MORTGAGE,10+ years,0
6204,15000.0,10.99,36,B,debt_consolidation,100000.0,16.63,MORTGAGE,10+ years,0
2968,33300.0,17.14,36,D,debt_consolidation,230000.0,18.29,MORTGAGE,2 years,0
10448,1500.0,11.49,36,B,other,30000.0,1.32,RENT,10+ years,1
4863,12000.0,11.14,36,B,debt_consolidation,55000.0,23.8,MORTGAGE,10+ years,0
1920,24000.0,14.65,36,C,debt_consolidation,80000.0,15.29,MORTGAGE,5 years,0
4850,5000.0,11.49,36,B,debt_consolidation,60000.0,24.0,RENT,4 years,1
1072,15000.0,12.74,36,C,debt_consolidation,70000.0,16.73,RENT,10+ years,0
7499,15000.0,6.72,36,A,debt_consolidation,327000.0,4.01,RENT,10+ years,0
11093,15000.0,9.17,36,B,credit_card,187000.0,13.18,RENT,2 years,0
5997,4500.0,10.91,36,B,debt_consolidation,39996.0,11.73,RENT,7 years,0
7286,15000.0,6.49,36,A,debt_consolidation,74400.0,27.55,OWN,5 years,1
2524,8000.0,12.99,36,C,debt_consolidation,40000.0,9.01,RENT,3 years,1
6344,16000.0,14.09,36,B,debt_consolidation,36000.0,22.6,RENT,6 years,0
10124,2000.0,18.99,36,E,debt_consolidation,24000.0,21.9,RENT,10+ years,0
8000,3500.0,6.97,36,A,major_purchase,78000.0,9.62,RENT,6 years,0
8437,24000.0,7.59,36,A,debt_consolidation,71000.0,29.08,MORTGAGE,1 year,0
545,18000.0,13.33,60,C,debt_consolidation,110000.0,15.9,OWN,6 years,1
4473,20000.0,10.75,60,B,credit_card,77000.0,32.93,MORTGAGE,2 years,0
9443,3600.0,18.99,36,E,debt_consolidation,50000.0,33.99,RENT,7 years,0
2050,10000.0,14.99,36,C,debt_consolidation,75000.0,26.94,MORTGAGE,4 years,1
967,9600.0,12.29,36,C,other,42000.0,26.11,RENT,10+ years,0
5143,12000.0,12.12,36,B,debt_consolidation,45000.0,18.41,RENT,10+ years,0
4721,6000.0,11.49,36,B,debt_consolidation,63856.0,17.55,RENT,6 years,1
1758,17050.0,13.68,36,C,debt_consolidation,38579.0,27.15,MORTGAGE,10+ years,0
5101,2500.0,11.49,36,B,vacation,270000.0,9.18,MORTGAGE,3 years,0
4147,6400.0,15.61,36,D,moving,40000.0,21.18,RENT,4 years,0
10676,30000.0,7.89,36,A,credit_card,117000.0,28.53,MORTGAGE,10+ years,0
3569,5000.0,16.99,36,D,debt_consolidation,30000.0,34.28,RENT,< 1 year,1
7488,7200.0,6.89,36,A,debt_consolidation,17425.0,12.88,MORTGAGE,8 years,0
9983,10500.0,25.99,60,G,small_business,126360.0,1.7,RENT,6 years,0
9148,10200.0,6.03,36,A,debt_consolidation,85000.0,24.78,MORTGAGE,2 years,0
7725,4500.0,5.32,36,A,debt_consolidation,50000.0,20.69,MORTGAGE,6 years,0
3674,28200.0,16.99,60,D,home_improvement,56400.0,13.02,MORTGAGE,3 years,0
6,16000.0,11.99,36,C,debt_consolidation,65000.0,29.52,RENT,10+ years,0
2340,19475.0,12.29,36,C,debt_consolidation,58000.0,19.57,OWN,10+ years,0
6534,6000.0,10.49,36,B,home_improvement,50000.0,28.61,MORTGAGE,10+ years,1
9686,35000.0,19.48,36,E,credit_card,90000.0,13.24,MORTGAGE,8 years,1
1964,15000.0,12.62,60,C,credit_card,35000.0,27.42,MORTGAGE,4 years,0
25,7400.0,15.31,36,C,home_improvement,85000.0,20.77,MORTGAGE,6 years,0
1582,7825.0,15.99,36,C,debt_consolidation,21800.0,25.67,RENT,3 years,0
8956,8000.0,6.62,36,A,credit_card,70000.0,17.78,MORTGAGE,10+ years,1
8962,8000.0,6.24,36,A,debt_consolidation,91500.0,18.22,MORTGAGE,10+ years,0
280,10000.0,13.98,36,C,debt_consolidation,42000.0,10.86,MORTGAGE,5 years,0
7024,21000.0,11.49,36,B,debt_consolidation,46500.0,19.19,RENT,4 years,0
4209,18000.0,17.86,60,D,credit_card,90000.0,11.53,MORTGAGE,3 years,1
2316,14000.0,14.99,60,C,major_purchase,75000.0,7.54,RENT,1 year,1
6956,10625.0,13.67,36,B,credit_card,35000.0,18.62,MORTGAGE,6 years,0
4717,12800.0,10.16,36,B,debt_consolidation,51200.0,20.2,RENT,< 1 year,1
10602,13000.0,7.99,36,A,debt_consolidation,185000.0,14.44,MORTGAGE,10+ years,0
3872,25000.0,15.99,60,D,credit_card,70000.0,25.37,MORTGAGE,7 years,0
199,5500.0,13.68,36,C,home_improvement,140000.0,7.31,MORTGAGE,10+ years,0
3017,35000.0,16.29,36,D,debt_consolidation,125000.0,29.41,MORTGAGE,10+ years,0
11041,8000.0,12.49,36,B,home_improvement,33300.0,2.41,MORTGAGE,10+ years,0
9642,5775.0,26.24,36,E,debt_consolidation,9061.0,39.43,RENT,Unknown,1
6967,23750.0,10.64,60,B,home_improvement,66000.0,15.02,MORTGAGE,7 years,0
4984,5000.0,11.48,36,B,home_improvement,100000.0,19.84,MORTGAGE,10+ years,0
5515,21000.0,8.24,36,B,debt_consolidation,125000.0,14.66,MORTGAGE,10+ years,1
6633,23750.0,8.39,36,B,debt_consolidation,54000.0,26.49,OWN,10+ years,0
3050,17700.0,16.55,60,D,debt_consolidation,85000.0,31.27,RENT,10+ years,1
7970,11000.0,8.9,36,A,debt_consolidation,32000.0,14.14,OWN,3 years,0
4631,12000.0,11.99,36,B,debt_consolidation,110000.0,31.25,MORTGAGE,10+ years,0
5732,8000.0,11.39,36,B,debt_consolidation,60000.0,17.16,MORTGAGE,10+ years,0
10058,15000.0,11.49,36,B,credit_card,250000.0,18.24,MORTGAGE,10+ years,0
6854,15500.0,13.11,36,B,debt_consolidation,66000.0,14.8,RENT,2 years,0
586,12500.0,13.99,36,C,home_improvement,98600.0,13.07,MORTGAGE,1 year,0
7662,8400.0,5.93,36,A,credit_card,88000.0,17.47,MORTGAGE,< 1 year,0
10395,7200.0,9.44,36,B,home_improvement,67000.0,9.99,MORTGAGE,< 1 year,0
3272,35000.0,17.97,36,D,debt_consolidation,97000.0,13.44,OWN,8 years,0
5473,15000.0,9.16,36,B,debt_consolidation,102420.0,11.47,RENT,1 year,0
142,17425.0,14.08,60,C,other,40000.0,19.98,RENT,2 years,1
3408,10000.0,20.0,60,D,debt_consolidation,32000.0,34.02,MORTGAGE,10+ years,1
906,14700.0,12.74,60,C,credit_card,60000.0,21.72,OWN,10+ years,0
1915,25000.0,13.99,36,C,credit_card,70000.0,10.78,RENT,6 years,0
10288,17000.0,19.42,36,D,debt_consolidation,112000.0,18.24,OWN,10+ years,0
6391,7500.0,11.55,36,B,debt_consolidation,78000.0,23.09,MORTGAGE,8 years,1
6200,28000.0,10.15,36,B,home_improvement,140000.0,12.56,MORTGAGE,9 years,0
3611,24000.0,19.53,60,D,debt_consolidation,58135.69,27.04,OWN,10+ years,1
6392,21000.0,11.53,36,B,credit_card,63860.0,32.12,OWN,Unknown,0
1877,9000.0,14.08,36,C,other,75000.0,0.0,RENT,3 years,0
7126,33000.0,9.75,60,B,debt_consolidation,120000.0,14.93,RENT,6 years,1
9554,5000.0,22.91,36,E,other,27400.0,17.48,RENT,1 year,1
8637,7000.0,6.99,36,A,debt_consolidation,39000.0,12.25,RENT,2 years,0
5671,5000.0,10.49,36,B,debt_consolidation,24000.0,7.9,OWN,< 1 year,0
8831,11500.0,6.49,36,A,debt_consolidation,82000.0,10.92,RENT,1 year,0
10151,20000.0,11.49,36,B,credit_card,90000.0,23.37,MORTGAGE,3 years,0
2432,7650.0,14.99,36,C,debt_consolidation,50000.0,6.46,OWN,7 years,0
4803,15000.0,9.67,60,B,home_improvement,100000.0,18.43,MORTGAGE,10+ years,0
202,10000.0,13.59,36,C,major_purchase,62000.0,13.36,OWN,< 1 year,1
10277,7000.0,9.75,36,B,medical,48000.0,18.25,RENT,2 years,0
1653,8275.0,14.08,36,C,home_improvement,36500.0,27.0,MORTGAGE,< 1 year,1
8845,20000.0,6.89,36,A,credit_card,80000.0,29.4,MORTGAGE,3 years,1
7655,4000.0,6.49,36,A,car,66917.0,11.28,RENT,10+ years,0
5857,21000.0,12.49,60,B,debt_consolidation,85000.0,11.18,RENT,10+ years,0
5095,25000.0,9.17,60,B,debt_consolidation,82000.0,8.47,MORTGAGE,10+ years,0
10312,16000.0,13.35,36,C,credit_card,60000.0,15.17,RENT,2 years,0
5742,25000.0,11.12,36,B,debt_consolidation,75689.0,10.05,MORTGAGE,10+ years,0
5199,15000.0,9.93,60,B,debt_consolidation,57000.0,28.52,RENT,10+ years,0
1698,7000.0,15.61,36,C,credit_card,185000.0,23.8,MORTGAGE,10+ years,0
1638,2550.0,12.99,36,C,debt_consolidation,32500.0,27.88,RENT,2 years,1
9205,35000.0,24.49,36,E,other,100900.0,16.7,RENT,10+ years,1
6887,5600.0,10.91,36,B,debt_consolidation,30000.0,19.81,RENT,< 1 year,0
1881,11875.0,17.27,36,C,debt_consolidation,75000.0,13.73,RENT,10+ years,0
9726,21000.0,19.99,36,E,debt_consolidation,60000.0,31.56,RENT,2 years,1
4995,20000.0,12.49,60,B,credit_card,47500.0,28.66,MORTGAGE,10+ years,1
10847,4800.0,12.29,36,C,home_improvement,120000.0,26.26,MORTGAGE,1 year,0
7476,25000.0,5.32,36,A,major_purchase,195000.0,5.4,MORTGAGE,4 years,0
5458,8400.0,9.17,36,B,credit_card,30000.0,26.64,MORTGAGE,6 years,0
1159,25000.0,15.31,36,C,debt_consolidation,104000.0,24.45,RENT,10+ years,1
1198,23000.0,12.29,36,C,debt_consolidation,50000.0,24.39,RENT,< 1 year,1
9512,7375.0,24.74,36,E,debt_consolidation,36000.0,34.7,MORTGAGE,10+ years,1
3506,4000.0,14.83,60,D,medical,45000.0,16.19,RENT,1 year,0
546,25000.0,12.99,60,C,debt_consolidation,108000.0,22.06,MORTGAGE,Unknown,0
7216,6500.0,8.18,36,B,credit_card,27000.0,25.16,RENT,10+ years,1
10196,35000.0,13.98,36,C,debt_consolidation,99000.0,12.28,MORTGAGE,10+ years,0
547,21000.0,12.99,36,C,debt_consolidation,87000.0,18.97,MORTGAGE,6 years,0
948,12000.0,12.79,36,C,debt_consolidation,38500.0,25.0,RENT,9 years,1
10493,11000.0,5.32,36,A,credit_card,138000.0,10.37,MORTGAGE,2 years,0
7208,13000.0,11.44,36,B,debt_consolidation,120000.0,25.13,MORTGAGE,9 years,0
10480,10000.0,16.29,36,D,debt_consolidation,58500.0,18.89,RENT,7 years,0
10737,2175.0,21.49,36,D,debt_consolidation,11280.0,33.51,RENT,Unknown,0
8252,6000.0,5.32,36,A,debt_consolidation,72000.0,17.08,MORTGAGE,5 years,0
2713,15000.0,14.31,60,C,debt_consolidation,149760.0,3.06,RENT,5 years,1
10397,24000.0,9.99,60,B,credit_card,74000.0,12.43,OWN,2 years,0
5163,18000.0,9.99,36,B,debt_consolidation,90000.0,14.07,MORTGAGE,2 years,0
3560,15050.0,16.99,60,D,debt_consolidation,71000.0,18.73,MORTGAGE,10+ years,1
2169,8400.0,13.98,36,C,debt_consolidation,83000.0,11.28,MORTGAGE,4 years,0
8031,24000.0,6.62,36,A,debt_consolidation,85000.0,13.2,MORTGAGE,5 years,0
10779,8500.0,12.69,36,C,credit_card,43000.0,13.54,RENT,2 years,0
10170,2000.0,16.91,36,C,home_improvement,103000.0,28.35,MORTGAGE,2 years,0
2556,35000.0,12.29,60,C,credit_card,87000.0,20.57,MORTGAGE,10+ years,1
2240,8000.0,14.65,36,C,credit_card,32000.0,14.87,RENT,9 years,1
2478,35000.0,14.85,60,C,debt_consolidation,75000.0,17.42,MORTGAGE,6 years,0
4755,10000.0,11.39,36,B,debt_consolidation,39000.0,25.63,MORTGAGE,10+ years,1
2472,18000.0,16.2,36,C,debt_consolidation,45000.0,23.52,MORTGAGE,5 years,0
6911,10000.0,10.99,36,B,debt_consolidation,65000.0,20.28,MORTGAGE,< 1 year,0
2219,8150.0,13.98,36,C,debt_consolidation,94000.0,7.72,RENT,7 years,0
8393,12000.0,8.49,36,A,debt_consolidation,54000.0,8.36,RENT,10+ years,0
3133,30250.0,17.86,36,D,debt_consolidation,108000.0,19.46,RENT,1 year,0
10681,14150.0,13.67,36,C,debt_consolidation,37850.0,28.0,MORTGAGE,2 years,0
8628,14000.0,6.24,36,A,credit_card,42000.0,19.11,RENT,2 years,0
2676,5000.0,13.99,36,C,other,93000.0,12.3,OWN,4 years,0
4665,10200.0,9.17,36,B,debt_consolidation,87000.0,19.84,MORTGAGE,5 years,1
40,20000.0,12.79,36,C,debt_consolidation,50000.0,15.65,MORTGAGE,2 years,0
1232,21600.0,17.1,60,C,debt_consolidation,65889.0,16.38,MORTGAGE,10+ years,0
3435,10475.0,16.29,36,D,credit_card,26200.0,26.89,MORTGAGE,3 years,0
2525,7850.0,13.99,36,C,moving,19680.0,14.45,RENT,3 years,0
4057,12000.0,18.25,36,D,debt_consolidation,57000.0,33.94,RENT,5 years,0
7058,15000.0,11.53,36,B,debt_consolidation,54000.0,29.53,RENT,10+ years,0
10496,13000.0,10.62,36,B,debt_consolidation,52809.12,7.45,RENT,10+ years,0
9803,8925.0,23.13,36,F,other,42500.0,46.93,RENT,8 years,1
575,10000.0,14.99,60,C,debt_consolidation,50000.0,6.17,MORTGAGE,5 years,0
1800,8400.0,14.65,36,C,credit_card,27040.0,10.39,RENT,2 years,1
630,10000.0,12.39,60,C,major_purchase,85000.0,37.9,MORTGAGE,10+ years,0
10664,11200.0,14.49,36,C,debt_consolidation,48000.0,23.83,RENT,7 years,0
3901,23900.0,16.55,60,D,credit_card,52000.0,27.39,OWN,1 year,0
10442,2250.0,7.99,36,A,home_improvement,85000.0,20.6,MORTGAGE,< 1 year,0
4832,10000.0,9.67,36,B,major_purchase,84000.0,26.96,MORTGAGE,4 years,1
10618,5000.0,12.99,36,C,credit_card,79768.33,9.96,MORTGAGE,4 years,0
528,35000.0,15.05,60,C,debt_consolidation,210000.0,11.9,MORTGAGE,3 years,0
4786,8400.0,9.67,36,B,debt_consolidation,95000.0,32.48,MORTGAGE,10+ years,0
4747,30000.0,9.44,60,B,credit_card,130000.0,26.23,OWN,10+ years,0
401,20000.0,11.99,36,C,debt_consolidation,68000.0,29.42,MORTGAGE,4 years,0
6994,10000.0,11.55,36,B,debt_consolidation,57800.0,28.86,RENT,8 years,0
4185,35000.0,17.99,36,D,debt_consolidation,126800.0,18.12,MORTGAGE,10+ years,0
11106,20000.0,12.62,36,C,debt_consolidation,60000.0,25.7,RENT,2 years,1
9645,14450.0,20.99,60,E,debt_consolidation,51000.0,32.05,MORTGAGE,3 years,1
8416,7200.0,8.9,36,A,debt_consolidation,22000.0,7.69,OWN,10+ years,1
573,25000.0,12.69,36,C,debt_consolidation,107000.0,24.02,RENT,10+ years,0
2370,11000.0,14.65,36,C,debt_consolidation,48700.0,26.32,RENT,3 years,0
407,27350.0,13.67,60,C,credit_card,65000.0,26.44,MORTGAGE,< 1 year,0
10981,9000.0,13.11,36,B,credit_card,73000.0,23.39,RENT,2 years,0
8342,1650.0,5.32,36,A,credit_card,60000.0,19.96,RENT,3 years,0
7202,3000.0,11.47,36,B,home_improvement,48981.0,11.0,RENT,10+ years,0
5646,6000.0,11.53,36,B,other,80000.0,4.41,RENT,2 years,0
5957,3550.0,11.39,36,B,medical,100000.0,8.52,MORTGAGE,10+ years,0
1866,16000.0,14.08,60,C,major_purchase,87000.0,12.28,OWN,< 1 year,0
9357,35000.0,18.54,60,E,debt_consolidation,150000.0,17.17,OWN,5 years,0
4921,26400.0,12.99,60,B,credit_card,120000.0,18.89,MORTGAGE,10+ years,0
1209,18000.0,13.99,60,C,debt_consolidation,55000.0,20.98,MORTGAGE,10+ years,0
8475,15000.0,7.89,36,A,debt_consolidation,35000.0,29.56,RENT,4 years,0
4488,24000.0,10.99,36,B,debt_consolidation,138800.0,24.65,MORTGAGE,6 years,0
9620,14000.0,19.52,60,E,debt_consolidation,75000.0,21.34,MORTGAGE,2 years,0
9018,22000.0,6.49,36,A,credit_card,92114.88,21.7,RENT,2 years,0
9020,20000.0,5.32,36,A,debt_consolidation,108000.0,17.41,MORTGAGE,10+ years,0
9919,1900.0,26.57,36,F,other,30000.0,46.88,RENT,2 years,0
4448,30000.0,8.39,36,B,debt_consolidation,200000.0,10.65,MORTGAGE,10+ years,0
3165,29250.0,17.27,36,D,debt_consolidation,65000.0,19.59,MORTGAGE,3 years,0
10169,25000.0,12.69,36,C,major_purchase,180000.0,4.83,RENT,4 years,0
10154,12000.0,16.99,60,D,debt_consolidation,47000.0,38.43,MORTGAGE,10+ years,1
5296,13200.0,9.17,36,B,debt_consolidation,68000.0,20.95,RENT,10+ years,0
8188,3500.0,6.71,36,A,credit_card,56000.0,11.42,MORTGAGE,5 years,0
6070,10000.0,9.16,60,B,debt_consolidation,68000.0,24.44,MORTGAGE,10+ years,0
2161,5400.0,14.3,36,C,credit_card,59000.0,23.47,MORTGAGE,7 years,0
8010,14700.0,5.32,36,A,major_purchase,162000.0,4.42,MORTGAGE,10+ years,0
8005,5600.0,7.24,36,A,debt_consolidation,78000.0,14.34,RENT,10+ years,0
6897,36000.0,8.39,60,B,debt_consolidation,90000.0,25.29,OWN,2 years,0
9301,7200.0,20.49,36,E,debt_consolidation,45000.0,12.24,RENT,10+ years,1
29,15000.0,15.05,36,C,credit_card,161000.0,5.66,MORTGAGE,8 years,0
7065,15000.0,9.17,60,B,home_improvement,145000.0,7.4,MORTGAGE,4 years,1
4218,8500.0,20.2,36,D,home_improvement,85000.0,12.9,MORTGAGE,9 years,0
6608,18000.0,8.18,36,B,debt_consolidation,90000.0,10.21,MORTGAGE,2 years,0
7285,13200.0,7.39,60,A,other,52000.0,25.94,MORTGAGE,10+ years,0
3044,40000.0,21.49,36,D,debt_consolidation,80796.0,32.28,MORTGAGE,10+ years,0
754,8000.0,13.98,36,C,debt_consolidation,43000.0,25.34,MORTGAGE,1 year,0
1512,25000.0,14.33,60,C,debt_consolidation,240000.0,15.02,RENT,1 year,0
5347,5000.0,11.99,36,B,home_improvement,115000.0,29.32,MORTGAGE,10+ years,0
3739,25300.0,20.0,60,D,home_improvement,55000.0,28.65,MORTGAGE,10+ years,0
4182,14400.0,18.75,36,D,other,89000.0,9.72,MORTGAGE,10+ years,1
361,12000.0,17.27,60,C,debt_consolidation,63000.0,2.91,MORTGAGE,10+ years,0
5084,10000.0,9.99,36,B,debt_consolidation,104000.0,21.38,RENT,< 1 year,0
4652,10000.0,10.99,36,B,debt_consolidation,60000.0,9.16,MORTGAGE,8 years,0
309,30000.0,13.33,60,C,debt_consolidation,130000.0,18.57,RENT,2 years,1
5555,10000.0,12.85,36,B,debt_consolidation,54350.0,15.88,RENT,10+ years,0
8167,21000.0,7.12,36,A,debt_consolidation,85000.0,27.08,MORTGAGE,10+ years,0
9943,17625.0,19.36,60,F,credit_card,55000.0,24.72,RENT,< 1 year,0
1132,15000.0,12.99,36,C,credit_card,75000.0,15.2,MORTGAGE,9 years,0
1406,16000.0,13.67,60,C,debt_consolidation,70000.0,10.94,MORTGAGE,10+ years,1
7769,6000.0,7.91,36,A,other,75000.0,21.34,MORTGAGE,< 1 year,0
9615,12000.0,22.74,60,E,credit_card,62000.0,20.03,RENT,10+ years,0
2586,4000.0,13.59,36,C,debt_consolidation,31800.0,17.55,RENT,3 years,0
10805,12000.0,9.17,36,B,debt_consolidation,60000.0,21.72,MORTGAGE,< 1 year,0
7739,8000.0,7.49,36,A,credit_card,103000.0,22.99,RENT,5 years,0
10083,18000.0,14.99,60,C,major_purchase,65000.0,15.23,MORTGAGE,8 years,0
5639,16000.0,10.49,36,B,debt_consolidation,67000.0,18.27,MORTGAGE,10+ years,0
2883,4375.0,17.97,36,D,debt_consolidation,86700.0,6.8,RENT,10+ years,0
8173,6500.0,6.71,36,A,credit_card,28500.0,39.83,MORTGAGE,2 years,1
8769,4000.0,6.97,36,A,home_improvement,89000.0,15.99,MORTGAGE,5 years,0
63,13000.0,13.33,36,C,credit_card,62000.0,22.45,OWN,10+ years,0
1449,5000.0,12.88,36,C,home_improvement,50000.0,25.44,MORTGAGE,3 years,0
6879,5000.0,11.49,36,B,debt_consolidation,81500.0,13.16,RENT,1 year,1
8468,15000.0,6.68,36,A,credit_card,102000.0,11.15,RENT,7 years,0
8723,12000.0,8.19,36,A,debt_consolidation,37000.0,14.95,OWN,10+ years,0
347,7500.0,14.65,36,C,debt_consolidation,60000.0,22.82,RENT,7 years,0
2253,8000.0,12.74,36,C,small_business,37000.0,20.27,RENT,7 years,0
4880,35000.0,9.17,36,B,debt_consolidation,150000.0,26.25,MORTGAGE,8 years,0
7081,21000.0,10.99,36,B,credit_card,57000.0,16.4,RENT,10+ years,0
4127,20000.0,16.49,60,D,debt_consolidation,58500.0,19.47,MORTGAGE,10+ years,1
6833,2850.0,12.49,36,B,other,160000.0,5.66,RENT,3 years,0
8361,8000.0,7.89,36,A,debt_consolidation,83200.0,14.41,RENT,3 years,0
633,11200.0,13.33,60,C,home_improvement,25200.0,26.57,OWN,Unknown,0
6978,12000.0,11.39,36,B,debt_consolidation,60000.0,27.04,RENT,10+ years,0
4237,3400.0,18.25,36,D,car,50400.0,17.69,MORTGAGE,10+ years,1
4503,35000.0,11.53,36,B,debt_consolidation,100000.0,16.03,MORTGAGE,10+ years,0
6138,10000.0,10.75,36,B,home_improvement,49000.0,6.47,RENT,10+ years,1
9875,10000.0,30.17,60,F,other,140000.0,20.18,RENT,10+ years,0
9012,8000.0,7.99,36,A,credit_card,35000.0,9.02,RENT,8 years,0
6278,18450.0,12.49,36,B,debt_consolidation,50000.0,17.55,RENT,Unknown,1
6271,10000.0,10.99,36,B,debt_consolidation,24000.0,11.0,RENT,4 years,0
6288,12050.0,9.75,36,B,debt_consolidation,55000.0,26.79,RENT,10+ years,1
4629,12500.0,10.15,36,B,credit_card,66435.0,19.98,MORTGAGE,10+ years,0
9729,25000.0,16.35,36,E,small_business,80004.0,9.81,RENT,10+ years,0
4722,14400.0,10.99,36,B,debt_consolidation,48300.0,10.04,RENT,10+ years,1
639,35000.0,15.31,36,C,debt_consolidation,90000.0,22.11,MORTGAGE,10+ years,0
9490,29650.0,19.89,36,E,debt_consolidation,71000.0,29.51,MORTGAGE,2 years,0
10180,11500.0,14.49,60,C,credit_card,125000.0,25.08,RENT,5 years,0
9108,15000.0,6.49,36,A,home_improvement,149500.0,1.23,MORTGAGE,10+ years,0
5261,10000.0,9.99,36,B,debt_consolidation,66000.0,6.75,OWN,9 years,0
9291,15000.0,19.52,36,E,medical,81012.0,26.25,MORTGAGE,10+ years,1
6835,10000.0,11.99,36,B,credit_card,150000.0,6.51,RENT,1 year,0
4953,5000.0,9.16,36,B,major_purchase,41000.0,19.7,RENT,1 year,0
5690,7200.0,8.49,36,B,credit_card,66600.0,13.5,RENT,7 years,1
5342,6000.0,9.16,36,B,debt_consolidation,115000.0,18.6,RENT,3 years,0
1316,10000.0,13.49,36,C,debt_consolidation,60000.0,29.08,RENT,10+ years,0
3493,8000.0,16.29,36,D,medical,65000.0,19.44,RENT,1 year,1
1287,10000.0,13.67,36,C,other,54000.0,14.29,RENT,2 years,0
8394,3000.0,5.32,36,A,debt_consolidation,108990.0,19.79,MORTGAGE,10+ years,0
11130,3000.0,10.91,36,B,debt_consolidation,54000.0,25.11,RENT,Unknown,1
5227,35000.0,12.49,36,B,credit_card,180000.0,9.13,MORTGAGE,10+ years,0
10067,15000.0,5.32,36,A,debt_consolidation,65000.0,5.5,OWN,Unknown,0
6773,10000.0,10.99,36,B,debt_consolidation,60000.0,14.62,RENT,10+ years,0
7466,12500.0,6.68,36,A,credit_card,100000.0,9.47,RENT,< 1 year,0
3746,10000.0,16.29,36,D,debt_consolidation,65000.0,27.86,MORTGAGE,Unknown,0
6615,14000.0,12.12,36,B,other,26000.0,19.98,RENT,2 years,0
1556,20000.0,11.99,36,C,debt_consolidation,65000.0,10.6,RENT,1 year,1
7196,18500.0,11.53,60,B,debt_consolidation,53200.0,8.75,MORTGAGE,10+ years,0
10133,32000.0,14.49,60,C,debt_consolidation,120000.0,23.03,MORTGAGE,6 years,0
5633,14400.0,8.18,36,B,debt_consolidation,95000.0,14.98,MORTGAGE,5 years,0
2555,8000.0,14.99,36,C,debt_consolidation,99817.0,6.17,OWN,2 years,0
3795,20000.0,15.77,36,D,other,59876.0,31.09,RENT,4 years,1
1252,12000.0,12.74,36,C,debt_consolidation,110000.0,6.52,MORTGAGE,10+ years,0
1907,28000.0,14.99,60,C,credit_card,115000.0,27.7,RENT,10+ years,0
9239,8550.0,18.25,36,E,debt_consolidation,47000.0,16.5,MORTGAGE,10+ years,1
3537,5600.0,18.24,36,D,debt_consolidation,17532.0,26.76,RENT,Unknown,0
2384,8000.0,14.46,36,C,debt_consolidation,33000.0,33.7,MORTGAGE,4 years,0
8193,10000.0,7.62,36,A,credit_card,45000.0,7.17,RENT,< 1 year,1
8299,25000.0,7.89,36,A,debt_consolidation,100000.0,17.11,RENT,10+ years,0
304,35000.0,13.65,36,C,debt_consolidation,120000.0,28.18,RENT,< 1 year,0
2120,9600.0,16.78,36,C,other,126000.0,11.71,MORTGAGE,7 years,0
7648,14000.0,6.89,36,A,home_improvement,30000.0,6.6,OWN,Unknown,0
8362,6000.0,7.39,36,A,home_improvement,32000.0,26.86,RENT,1 year,0
9121,8325.0,7.62,36,A,debt_consolidation,18120.0,14.11,MORTGAGE,Unknown,0
4776,3100.0,10.99,36,B,debt_consolidation,20000.0,8.94,RENT,3 years,0
10030,4200.0,16.99,36,D,debt_consolidation,25000.0,36.29,OWN,2 years,1
1381,1000.0,12.99,36,C,other,60000.0,22.42,OWN,10+ years,0
6494,11000.0,12.35,36,B,debt_consolidation,44000.0,20.37,OWN,< 1 year,1
9683,28000.0,18.25,60,E,debt_consolidation,70000.0,30.49,RENT,7 years,1
6318,7000.0,10.42,36,B,credit_card,113000.0,7.42,MORTGAGE,9 years,0
6498,12000.0,9.93,36,B,debt_consolidation,52000.0,3.51,OWN,Unknown,0
1609,20000.0,14.46,36,C,credit_card,62000.0,19.61,RENT,4 years,1
3886,6000.0,17.27,36,D,debt_consolidation,45700.0,24.66,RENT,10+ years,1
7943,20000.0,7.97,36,A,home_improvement,85000.0,8.27,OWN,3 years,1
6822,35000.0,13.67,60,B,credit_card,102000.0,22.82,MORTGAGE,6 years,0
5923,5000.0,8.38,36,B,home_improvement,75000.0,28.29,MORTGAGE,10+ years,0
2127,28000.0,13.99,60,C,debt_consolidation,89000.0,15.32,RENT,Unknown,1
7801,15200.0,6.99,36,A,debt_consolidation,125600.0,16.91,MORTGAGE,10+ years,0
5065,5000.0,9.99,36,B,major_purchase,93000.0,15.25,MORTGAGE,10+ years,0
7734,8000.0,7.34,36,A,major_purchase,80000.0,3.48,MORTGAGE,10+ years,0
6236,20000.0,11.53,36,B,debt_consolidation,52800.0,19.23,RENT,4 years,0
4124,15500.0,16.99,60,D,debt_consolidation,46529.0,38.92,RENT,2 years,0
9928,21000.0,28.69,60,F,debt_consolidation,50000.0,11.35,MORTGAGE,10+ years,1
2911,6000.0,18.85,36,D,debt_consolidation,80000.0,7.68,RENT,1 year,0
1179,16000.0,13.35,60,C,debt_consolidation,83200.0,19.5,RENT,7 years,1
8726,5525.0,6.03,36,A,debt_consolidation,70000.0,2.64,MORTGAGE,Unknown,0
6314,10000.0,8.39,36,B,credit_card,52000.0,28.73,MORTGAGE,10+ years,0
5537,18000.0,8.99,36,B,credit_card,70000.0,15.78,RENT,< 1 year,0
8753,4500.0,7.4,36,A,other,89016.0,6.77,MORTGAGE,10+ years,0
9785,35000.0,20.89,60,F,wedding,90000.0,8.12,MORTGAGE,4 years,1
8405,21000.0,6.03,36,A,debt_consolidation,92000.0,21.93,MORTGAGE,1 year,0
4987,20000.0,9.17,36,B,debt_consolidation,90000.0,8.85,MORTGAGE,1 year,0
3847,17200.0,16.99,36,D,credit_card,120000.0,25.72,MORTGAGE,3 years,1
6965,8000.0,11.67,36,B,credit_card,50000.0,17.35,OWN,10+ years,0
8670,12700.0,5.93,36,A,debt_consolidation,65000.0,28.25,MORTGAGE,7 years,0
6019,6000.0,10.99,36,B,debt_consolidation,56000.0,10.31,RENT,3 years,0
9352,12000.0,18.99,60,E,debt_consolidation,51000.0,15.22,RENT,2 years,1
10426,7000.0,13.99,36,C,debt_consolidation,33000.0,18.0,RENT,3 years,0
8083,15000.0,7.12,36,A,debt_consolidation,62000.0,18.16,RENT,4 years,0
2059,12000.0,14.33,36,C,credit_card,40000.0,23.85,MORTGAGE,5 years,0
5206,15000.0,11.99,36,B,debt_consolidation,83000.0,21.82,RENT,3 years,0
10473,16150.0,17.99,36,D,debt_consolidation,38500.0,26.39,MORTGAGE,6 years,0
1273,25000.0,12.62,60,C,debt_consolidation,82000.0,16.04,MORTGAGE,10+ years,0
7932,11000.0,7.99,36,A,debt_consolidation,77000.0,12.62,MORTGAGE,10+ years,0
8695,25000.0,7.89,36,A,debt_consolidation,110000.0,8.58,OWN,10+ years,0
6937,15000.0,10.75,36,B,home_improvement,105000.0,1.23,OWN,5 years,0
8093,14000.0,6.62,36,A,credit_card,120000.0,4.39,OWN,10+ years,0
10969,16000.0,13.49,36,C,debt_consolidation,40000.0,5.91,RENT,4 years,1
929,23000.0,15.88,60,C,debt_consolidation,74000.0,23.3,OWN,2 years,1
6585,20000.0,9.17,36,B,other,760000.0,10.73,MORTGAGE,7 years,0
775,7700.0,14.47,36,C,debt_consolidation,17500.0,27.5,MORTGAGE,Unknown,1
5628,5000.0,11.12,36,B,debt_consolidation,36000.0,21.87,MORTGAGE,3 years,0
2918,10000.0,16.55,36,D,debt_consolidation,51194.0,6.59,RENT,1 year,0
7164,14000.0,10.49,36,B,credit_card,55000.0,25.55,RENT,3 years,0
8645,7500.0,6.49,36,A,other,60000.0,23.4,RENT,10+ years,0
8586,11200.0,7.62,36,A,credit_card,62000.0,29.55,MORTGAGE,10+ years,0
9863,14975.0,24.99,60,F,debt_consolidation,105000.0,8.69,RENT,10+ years,0
7552,4800.0,7.21,36,A,credit_card,89000.0,25.78,OWN,2 years,0
6513,5700.0,9.76,36,B,other,72000.0,4.17,RENT,7 years,1
2065,4000.0,14.99,36,C,credit_card,80000.0,11.84,RENT,Unknown,0
5978,20000.0,8.18,36,B,home_improvement,65000.0,30.24,MORTGAGE,4 years,0
6134,12600.0,9.75,36,B,debt_consolidation,62000.0,12.16,MORTGAGE,8 years,0
3405,7500.0,19.03,36,D,debt_consolidation,68000.0,28.49,RENT,4 years,0
1526,5500.0,14.99,36,C,debt_consolidation,48012.0,21.82,MORTGAGE,5 years,1
3680,10500.0,17.86,60,D,debt_consolidation,56000.0,20.94,MORTGAGE,9 years,1
8334,1000.0,7.49,36,A,debt_consolidation,60000.0,7.84,MORTGAGE,8 years,0
293,10000.0,15.99,36,C,debt_consolidation,60000.0,30.74,RENT,2 years,1
10797,12050.0,16.99,36,D,home_improvement,80000.0,24.05,MORTGAGE,8 years,1
9333,17500.0,24.74,36,E,home_improvement,83000.0,34.86,OWN,10+ years,1
8292,10000.0,7.89,60,A,home_improvement,52000.0,15.56,RENT,4 years,0
10916,5000.0,8.9,36,A,debt_consolidation,24000.0,30.65,RENT,3 years,0
1142,3025.0,12.74,36,C,renewable_energy,25000.0,12.64,RENT,1 year,1
3309,14100.0,16.99,36,D,debt_consolidation,75000.0,22.94,MORTGAGE,1 year,0
9152,12000.0,5.32,36,A,credit_card,120000.0,3.19,MORTGAGE,1 year,0
4245,17000.0,19.72,36,D,debt_consolidation,52000.0,31.16,MORTGAGE,Unknown,0
801,17000.0,12.29,60,C,debt_consolidation,80000.0,18.24,MORTGAGE,10+ years,0
998,20000.0,16.78,60,C,debt_consolidation,100000.0,11.42,RENT,< 1 year,0
5105,19500.0,12.49,60,B,home_improvement,105318.0,22.94,MORTGAGE,5 years,0
10569,10000.0,19.52,36,E,debt_consolidation,42900.0,32.9,RENT,8 years,0
9329,17475.0,18.54,36,E,debt_consolidation,55000.0,6.63,MORTGAGE,9 years,1
3152,16000.0,16.99,36,D,debt_consolidation,55000.0,22.02,RENT,6 years,0
8963,30000.0,8.9,36,A,debt_consolidation,98000.0,10.29,OWN,4 years,0
6972,26900.0,9.8,36,B,debt_consolidation,87300.0,27.57,RENT,5 years,0
539,15000.0,12.99,36,C,debt_consolidation,75000.0,9.67,RENT,2 years,0
2512,13800.0,12.05,36,C,debt_consolidation,30000.0,24.88,MORTGAGE,1 year,0
5382,12000.0,9.93,36,B,debt_consolidation,27500.0,24.44,MORTGAGE,2 years,0
7910,10000.0,7.89,36,A,debt_consolidation,110000.0,21.92,RENT,10+ years,1
4281,17900.0,19.03,36,D,debt_consolidation,42000.0,10.09,MORTGAGE,5 years,0
10499,29000.0,9.67,36,B,debt_consolidation,124000.0,11.0,MORTGAGE,10+ years,0
2354,30000.0,13.99,60,C,home_improvement,425000.0,6.15,MORTGAGE,5 years,0
2438,25000.0,13.35,60,C,credit_card,55000.0,19.07,MORTGAGE,5 years,0
8118,8000.0,7.69,36,A,debt_consolidation,64000.0,21.47,RENT,10+ years,0
10935,30000.0,16.55,36,D,debt_consolidation,140000.0,19.72,OWN,10+ years,0
1336,24000.0,14.49,60,C,debt_consolidation,130000.0,20.45,MORTGAGE,9 years,0
1141,32500.0,12.99,60,C,home_improvement,65000.0,17.87,MORTGAGE,4 years,1
4075,5000.0,18.99,36,D,credit_card,20000.0,9.8,OWN,< 1 year,0
8483,8000.0,7.39,36,A,debt_consolidation,42000.0,18.94,RENT,2 years,0
1077,6000.0,14.65,36,C,debt_consolidation,45000.0,8.0,RENT,2 years,1
428,12000.0,15.31,60,C,credit_card,77000.0,12.55,MORTGAGE,5 years,0
8635,13600.0,6.97,36,A,debt_consolidation,118000.0,12.05,MORTGAGE,8 years,0
551,4650.0,16.29,36,C,debt_consolidation,174000.0,4.5,RENT,2 years,1
10571,8000.0,8.99,36,B,home_improvement,52000.0,17.32,MORTGAGE,10+ years,0
10451,8000.0,17.99,36,D,debt_consolidation,31000.0,28.05,RENT,< 1 year,1
9627,21000.0,21.98,60,E,debt_consolidation,50000.0,10.39,RENT,6 years,1
1554,12000.0,15.99,36,C,debt_consolidation,76000.0,16.23,MORTGAGE,9 years,1
8171,20000.0,8.6,36,A,credit_card,123000.0,11.19,MORTGAGE,10+ years,0
5954,10000.0,11.47,36,B,credit_card,25000.0,12.91,OWN,< 1 year,0
8490,8000.0,7.97,36,A,debt_consolidation,90000.0,20.53,MORTGAGE,4 years,0
2776,7525.0,13.35,36,C,medical,48096.0,21.51,MORTGAGE,Unknown,0
7885,16800.0,7.89,36,A,credit_card,80000.0,24.9,OWN,6 years,0
2566,16125.0,14.49,36,C,debt_consolidation,83172.0,8.74,MORTGAGE,10+ years,0
6231,15000.0,11.67,36,B,debt_consolidation,90000.0,16.32,MORTGAGE,7 years,0
4271,15600.0,15.61,36,D,other,110000.0,12.01,RENT,8 years,0
10889,10500.0,19.52,60,E,home_improvement,92000.0,17.11,MORTGAGE,10+ years,0
3525,30000.0,19.03,60,D,debt_consolidation,68000.0,12.09,MORTGAGE,10+ years,1
10568,5150.0,10.74,36,B,debt_consolidation,24000.0,20.7,MORTGAGE,3 years,0
9277,26000.0,20.75,60,E,debt_consolidation,52000.0,30.23,MORTGAGE,< 1 year,1
6156,8000.0,8.39,36,B,debt_consolidation,124000.0,15.15,RENT,10+ years,0
9580,15000.0,21.18,60,E,credit_card,75000.0,19.91,MORTGAGE,3 years,0
10229,16000.0,20.75,60,E,debt_consolidation,40000.0,32.79,RENT,< 1 year,0
9965,19825.0,26.77,60,G,debt_consolidation,94000.0,11.99,RENT,4 years,0
2270,11500.0,12.69,36,C,debt_consolidation,51500.0,13.0,RENT,2 years,0
8619,16800.0,8.59,60,A,credit_card,110000.0,21.76,OWN,6 years,0
10262,29100.0,17.77,36,D,debt_consolidation,65000.0,29.15,RENT,10+ years,0
5390,10000.0,13.53,36,B,debt_consolidation,44546.26,10.75,MORTGAGE,10+ years,0
6948,10000.0,11.67,36,B,credit_card,80000.0,32.87,MORTGAGE,10+ years,0
8164,21000.0,7.97,60,A,credit_card,90000.0,7.93,MORTGAGE,10+ years,0
4412,35000.0,9.17,36,B,credit_card,145000.0,22.2,MORTGAGE,5 years,0
2919,5100.0,14.96,36,D,educational,24000.0,22.8,MORTGAGE,4 years,0
2908,15000.0,16.29,36,D,debt_consolidation,58000.0,21.6,OWN,1 year,0
883,24925.0,14.48,36,C,debt_consolidation,76100.0,23.42,MORTGAGE,10+ years,0
1408,15000.0,12.59,36,C,debt_consolidation,60000.0,10.84,RENT,3 years,0
4895,12000.0,13.53,60,B,debt_consolidation,152000.0,10.83,MORTGAGE,10+ years,0
7624,6000.0,6.89,36,A,debt_consolidation,60000.0,17.6,MORTGAGE,8 years,0
8846,32000.0,5.32,36,A,debt_consolidation,205000.0,13.96,MORTGAGE,10+ years,0
1574,9600.0,13.99,36,C,credit_card,22900.0,14.77,RENT,1 year,0
9388,31200.0,22.74,60,E,debt_consolidation,65000.0,8.33,MORTGAGE,10+ years,0
865,6800.0,13.35,36,C,debt_consolidation,42000.0,39.06,MORTGAGE,3 years,0
4513,2000.0,10.75,36,B,debt_consolidation,70000.0,15.77,MORTGAGE,9 years,0
4034,26625.0,16.55,60,D,debt_consolidation,60530.0,11.38,MORTGAGE,4 years,1
4609,9000.0,14.09,36,B,debt_consolidation,80000.0,28.56,MORTGAGE,10+ years,0
4846,7450.0,10.16,36,B,credit_card,45000.0,26.73,RENT,1 year,0
10136,6000.0,7.26,36,A,debt_consolidation,42000.0,26.89,RENT,1 year,0
3556,32000.0,15.61,36,D,credit_card,100000.0,20.27,MORTGAGE,10+ years,0
8404,22400.0,6.39,36,A,credit_card,182000.0,14.7,MORTGAGE,6 years,0
3194,35000.0,17.99,36,D,major_purchase,128878.75,16.26,RENT,9 years,0
1600,7000.0,12.39,36,C,car,213800.0,10.86,MORTGAGE,9 years,0
5439,20000.0,9.75,60,B,debt_consolidation,60000.0,13.34,RENT,10+ years,1
2464,3600.0,14.65,36,C,debt_consolidation,70000.0,24.7,MORTGAGE,10+ years,0
3668,30000.0,18.06,36,D,credit_card,65856.0,24.0,RENT,3 years,0
4312,25000.0,8.49,36,B,credit_card,80000.0,33.0,MORTGAGE,10+ years,0
1368,2800.0,14.65,36,C,debt_consolidation,97000.0,28.95,MORTGAGE,5 years,1
2486,7000.0,12.99,36,C,credit_card,46000.0,29.17,MORTGAGE,< 1 year,0
4584,12000.0,10.99,36,B,debt_consolidation,51000.0,15.76,RENT,5 years,0
8742,2400.0,7.24,36,A,credit_card,52000.0,10.43,RENT,3 years,0
6924,4000.0,10.49,36,B,major_purchase,50000.0,33.61,RENT,2 years,1
5371,17500.0,12.12,60,B,home_improvement,80217.0,18.65,MORTGAGE,5 years,0
9647,15000.0,24.84,60,E,other,73500.0,38.37,MORTGAGE,9 years,0
9044,15000.0,5.32,36,A,credit_card,116000.0,25.37,OWN,< 1 year,0
4787,16000.0,11.14,36,B,debt_consolidation,120000.0,3.48,MORTGAGE,2 years,0
9839,32000.0,24.5,36,F,credit_card,103000.0,22.03,MORTGAGE,10+ years,1
5491,10000.0,9.99,36,B,credit_card,84000.0,11.24,RENT,4 years,0
5,7200.0,15.1,36,C,debt_consolidation,46000.0,14.32,MORTGAGE,5 years,0
5834,10000.0,11.44,36,B,debt_consolidation,61200.0,25.29,RENT,1 year,1
2850,35000.0,13.44,36,C,debt_consolidation,110000.0,16.09,OWN,2 years,0
3644,25000.0,15.99,60,D,debt_consolidation,75000.0,16.66,MORTGAGE,10+ years,1
9765,8325.0,23.43,36,F,debt_consolidation,30000.0,37.0,MORTGAGE,8 years,0
217,16000.0,14.65,36,C,debt_consolidation,115000.0,25.4,MORTGAGE,7 years,1
4250,14250.0,17.57,36,D,debt_consolidation,42000.0,28.23,MORTGAGE,10+ years,0
8751,8000.0,6.03,36,A,credit_card,50000.0,8.23,OWN,10+ years,0
6810,6000.0,9.17,36,B,debt_consolidation,40000.0,5.79,MORTGAGE,10+ years,0
10109,10400.0,14.65,36,C,debt_consolidation,48000.0,19.58,MORTGAGE,4 years,0
3121,8000.0,14.11,36,D,major_purchase,37000.0,16.96,RENT,2 years,0
556,8075.0,13.59,36,C,debt_consolidation,54500.0,23.06,RENT,1 year,0
9706,10000.0,21.6,60,E,debt_consolidation,42000.0,12.74,OWN,4 years,1
10655,13275.0,16.99,60,D,debt_consolidation,50000.0,31.61,MORTGAGE,8 years,0
3879,19075.0,17.99,36,D,debt_consolidation,68230.0,34.0,RENT,3 years,1
8467,10000.0,7.89,36,A,debt_consolidation,50000.0,26.28,RENT,3 years,1
600,1800.0,14.3,36,C,debt_consolidation,57000.0,10.72,OWN,10+ years,0
9001,35000.0,7.89,36,A,home_improvement,800000.0,4.63,MORTGAGE,10+ years,0
4258,1500.0,15.61,36,D,other,24000.0,35.65,OWN,Unknown,0
10367,15000.0,11.99,36,B,debt_consolidation,42000.0,16.77,OWN,10+ years,0
4837,7950.0,11.14,36,B,debt_consolidation,40000.0,25.32,MORTGAGE,1 year,0
6984,11000.0,8.39,36,B,credit_card,32000.0,11.03,RENT,9 years,1
6061,9000.0,11.49,36,B,credit_card,38000.0,16.11,MORTGAGE,1 year,1
4813,28000.0,10.99,36,B,debt_consolidation,100000.0,28.66,RENT,10+ years,0
366,9975.0,12.69,36,C,debt_consolidation,52000.0,28.2,MORTGAGE,1 year,0
11071,14000.0,16.78,60,C,debt_consolidation,79000.0,24.91,RENT,3 years,0
5362,40000.0,11.47,60,B,debt_consolidation,300000.0,4.75,RENT,2 years,1
5301,6000.0,10.07,36,B,other,75000.0,14.05,MORTGAGE,10+ years,0
9151,13200.0,7.89,36,A,car,80000.0,24.38,MORTGAGE,4 years,0
9778,18025.0,25.11,60,F,debt_consolidation,41000.0,2.22,MORTGAGE,7 years,1
7391,12250.0,7.89,36,A,home_improvement,28000.0,15.69,OWN,10+ years,0
6329,6500.0,9.43,36,B,home_improvement,60000.0,14.98,MORTGAGE,2 years,0
6945,12000.0,11.99,36,B,credit_card,67000.0,24.63,RENT,8 years,1
8178,27000.0,6.49,36,A,credit_card,150000.0,15.37,MORTGAGE,Unknown,0
5204,32000.0,9.44,36,B,home_improvement,125000.0,1.66,MORTGAGE,6 years,1
2341,10000.0,14.3,60,C,debt_consolidation,130000.0,5.83,MORTGAGE,2 years,0
3809,5225.0,17.56,36,D,debt_consolidation,25000.0,9.83,RENT,3 years,1
4064,20000.0,19.03,60,D,credit_card,112000.0,11.57,MORTGAGE,2 years,0
1716,14000.0,13.67,60,C,debt_consolidation,75000.0,22.69,RENT,5 years,0
7238,2000.0,11.47,36,B,moving,45000.0,15.55,RENT,< 1 year,0
7527,10000.0,6.92,36,A,debt_consolidation,57000.0,10.52,RENT,2 years,0
9700,26750.0,21.0,60,E,debt_consolidation,75000.0,8.64,MORTGAGE,6 years,1
9268,23025.0,22.39,36,E,small_business,48000.0,10.7,RENT,1 year,0
3110,7375.0,18.25,36,D,credit_card,15000.0,17.6,RENT,1 year,0
7173,5000.0,10.99,36,B,debt_consolidation,70000.0,32.4,MORTGAGE,10+ years,0
2107,24925.0,13.98,60,C,credit_card,50000.0,33.82,MORTGAGE,10+ years,0
10903,3250.0,11.22,36,B,debt_consolidation,31000.0,25.44,RENT,10+ years,0
9611,12800.0,22.74,36,E,debt_consolidation,32000.0,34.25,RENT,3 years,0
2672,10000.0,13.56,36,C,home_improvement,58000.0,23.09,MORTGAGE,9 years,0
3219,34275.0,20.2,60,D,debt_consolidation,84103.0,21.35,MORTGAGE,10+ years,0
11060,5000.0,9.16,36,B,other,80000.0,17.93,MORTGAGE,10+ years,1
7559,19000.0,7.89,36,A,debt_consolidation,67000.0,9.87,MORTGAGE,2 years,0
6455,28000.0,13.11,60,B,home_improvement,100000.0,24.16,MORTGAGE,2 years,0
11187,32000.0,7.69,36,A,debt_consolidation,90000.0,12.64,MORTGAGE,5 years,0
8746,7000.0,8.49,36,A,home_improvement,48000.0,12.22,MORTGAGE,10+ years,0
5833,6000.0,9.99,36,B,debt_consolidation,30000.0,20.88,RENT,8 years,0
8663,8000.0,7.9,36,A,debt_consolidation,36000.0,16.0,RENT,1 year,0
5707,10000.0,12.99,36,B,debt_consolidation,76800.0,4.61,RENT,1 year,0
494,6000.0,13.35,36,C,debt_consolidation,36000.0,26.73,RENT,1 year,0
4931,6000.0,11.53,36,B,debt_consolidation,40000.0,32.37,RENT,6 years,0
7643,7500.0,6.24,36,A,credit_card,75000.0,27.24,MORTGAGE,4 years,1
8844,15000.0,7.89,36,A,debt_consolidation,76000.0,17.89,RENT,10+ years,0
717,15000.0,14.99,36,C,debt_consolidation,65000.0,20.93,RENT,6 years,0
4751,5000.0,10.15,36,B,debt_consolidation,40936.0,15.68,RENT,10+ years,0
9365,14000.0,19.19,60,E,home_improvement,90000.0,17.2,MORTGAGE,10+ years,0
1498,16000.0,16.29,36,C,credit_card,90790.0,22.76,RENT,5 years,0
152,15000.0,13.99,36,C,debt_consolidation,66000.0,21.38,MORTGAGE,1 year,0
5794,11500.0,8.39,36,B,debt_consolidation,52000.0,24.88,RENT,1 year,0
3310,10000.0,19.99,60,D,debt_consolidation,40000.0,27.0,MORTGAGE,4 years,0
6847,7000.0,11.36,36,B,home_improvement,26400.0,5.91,OWN,10+ years,0
802,5000.0,13.66,36,C,debt_consolidation,28000.0,20.02,OWN,3 years,0
5887,30000.0,9.67,36,B,credit_card,145000.0,10.27,MORTGAGE,10+ years,0
4730,19000.0,11.47,36,B,debt_consolidation,50000.0,27.72,MORTGAGE,6 years,0
585,18000.0,12.99,36,C,debt_consolidation,43000.0,32.99,OWN,6 years,1
2683,10000.0,14.65,60,C,other,37100.0,13.33,RENT,6 years,0
2529,5000.0,14.99,36,C,home_improvement,45000.0,12.45,RENT,4 years,0
4105,30000.0,16.29,60,D,debt_consolidation,70000.0,14.52,RENT,5 years,0
367,11000.0,12.69,36,C,debt_consolidation,68000.0,16.98,MORTGAGE,10+ years,0
1044,10000.0,14.49,36,C,debt_consolidation,56368.0,31.23,MORTGAGE,< 1 year,1
8673,4800.0,7.26,36,A,debt_consolidation,40000.0,31.41,OWN,10+ years,0
9939,15000.0,24.08,60,F,debt_consolidation,37000.0,32.92,RENT,2 years,1
2642,13475.0,12.69,60,C,debt_consolidation,50000.0,23.88,RENT,< 1 year,1
1718,15000.0,15.8,36,C,credit_card,90000.0,16.56,RENT,10+ years,1
6947,14400.0,11.53,36,B,debt_consolidation,72000.0,16.92,MORTGAGE,3 years,0
8957,11000.0,7.24,36,A,credit_card,72000.0,15.75,OWN,3 years,0
6761,24000.0,10.99,60,B,debt_consolidation,49000.0,24.57,MORTGAGE,8 years,0
9226,2500.0,21.6,36,E,other,32350.0,22.0,RENT,4 years,1
3844,22050.0,20.0,60,D,home_improvement,110000.0,18.97,OWN,10+ years,0
4625,16000.0,9.99,36,B,debt_consolidation,48000.0,17.54,RENT,4 years,0
6546,30000.0,11.71,36,B,home_improvement,140000.0,19.79,MORTGAGE,5 years,0
576,12000.0,13.99,36,C,debt_consolidation,37000.0,31.11,OWN,2 years,0
7764,30000.0,7.49,36,A,debt_consolidation,61500.0,13.72,MORTGAGE,8 years,0
1490,12000.0,14.46,36,C,debt_consolidation,65000.0,20.48,MORTGAGE,10+ years,0
3136,12250.0,17.57,60,D,debt_consolidation,45000.0,17.44,MORTGAGE,3 years,0
3925,10500.0,16.99,36,D,debt_consolidation,70500.0,9.23,MORTGAGE,10+ years,0
2099,3000.0,13.49,36,C,other,60000.0,16.54,RENT,10+ years,0
564,6625.0,15.8,36,C,debt_consolidation,35000.0,25.51,RENT,8 years,0
6349,21000.0,9.8,36,B,debt_consolidation,81000.0,19.63,MORTGAGE,10+ years,0
8950,35000.0,7.49,36,A,credit_card,325000.0,12.03,MORTGAGE,5 years,0
7032,16500.0,11.44,36,B,debt_consolidation,72825.0,14.02,MORTGAGE,3 years,0
3328,3600.0,16.99,36,D,debt_consolidation,12000.0,18.4,RENT,5 years,0
5120,25000.0,10.75,60,B,home_improvement,80000.0,7.76,MORTGAGE,10+ years,0
3575,17100.0,17.57,60,D,debt_consolidation,40801.0,27.38,MORTGAGE,7 years,0
8023,24000.0,7.35,36,A,other,77000.0,25.58,RENT,10+ years,0
11194,5000.0,8.18,36,B,debt_consolidation,102000.0,14.34,MORTGAGE,3 years,0
7551,25000.0,7.21,36,A,credit_card,425000.0,13.3,MORTGAGE,10+ years,0
10022,19075.0,15.31,60,C,credit_card,43000.0,21.46,MORTGAGE,10+ years,0
2247,2800.0,14.65,36,C,debt_consolidation,35000.0,38.68,RENT,3 years,0
7352,6000.0,6.89,36,A,credit_card,67600.0,18.44,RENT,6 years,0
4862,5000.0,11.47,36,B,home_improvement,60000.0,30.4,MORTGAGE,10+ years,0
10408,6000.0,6.24,36,A,home_improvement,40000.0,18.18,MORTGAGE,10+ years,0
9426,13000.0,17.51,60,E,debt_consolidation,50000.0,21.74,RENT,7 years,1
10651,3000.0,11.99,36,B,debt_consolidation,100000.0,5.47,MORTGAGE,6 years,0
8901,5000.0,6.68,36,A,debt_consolidation,40000.0,25.18,RENT,1 year,1
6721,15000.0,11.99,36,B,debt_consolidation,70000.0,12.69,RENT,1 year,0
9419,12000.0,19.89,60,E,debt_consolidation,38000.0,26.85,RENT,4 years,0
4985,10000.0,13.53,36,B,credit_card,94000.0,9.08,RENT,4 years,0
3878,30000.0,17.57,60,D,debt_consolidation,165000.0,13.56,MORTGAGE,9 years,0
8806,20000.0,7.39,36,A,credit_card,110000.0,8.3,MORTGAGE,7 years,0
5858,8000.0,11.49,36,B,credit_card,40000.0,22.64,RENT,8 years,0
8080,35000.0,8.39,36,A,debt_consolidation,120000.0,18.45,MORTGAGE,6 years,0
2177,24000.0,11.99,36,C,debt_consolidation,100000.0,20.77,MORTGAGE,10+ years,0
5974,11000.0,13.67,60,B,debt_consolidation,55134.0,18.05,MORTGAGE,10+ years,0
320,35000.0,12.69,60,C,debt_consolidation,120000.0,33.75,MORTGAGE,10+ years,1
2128,16000.0,14.65,36,C,credit_card,72000.0,11.07,RENT,5 years,0
9386,2500.0,22.15,36,E,debt_consolidation,38000.0,32.03,MORTGAGE,10+ years,0
4370,10200.0,13.53,36,B,credit_card,50400.0,25.71,MORTGAGE,Unknown,0
8569,9800.0,6.49,36,A,debt_consolidation,50000.0,4.35,MORTGAGE,< 1 year,0
8295,28000.0,5.32,36,A,credit_card,150000.0,7.42,MORTGAGE,< 1 year,0
5977,5000.0,11.49,36,B,debt_consolidation,120000.0,9.93,MORTGAGE,10+ years,0
6923,15000.0,8.49,36,B,debt_consolidation,100000.0,20.75,MORTGAGE,10+ years,0
5373,9000.0,10.99,36,B,credit_card,75000.0,23.62,MORTGAGE,10+ years,0
3609,7000.0,18.49,36,D,credit_card,90000.0,24.19,RENT,2 years,1
642,25000.0,12.61,36,C,debt_consolidation,230000.0,3.99,MORTGAGE,9 years,0
4434,2000.0,9.17,36,B,debt_consolidation,75000.0,33.36,MORTGAGE,10+ years,0
1812,12000.0,14.49,60,C,credit_card,50000.0,29.69,RENT,7 years,0
6825,11200.0,11.49,36,B,other,60000.0,23.04,RENT,10+ years,1
4649,8000.0,8.18,36,B,other,62065.0,18.72,MORTGAGE,9 years,0
3283,4000.0,16.55,36,D,house,130000.0,11.58,MORTGAGE,10+ years,0
2419,15000.0,12.69,36,C,home_improvement,115000.0,28.8,MORTGAGE,2 years,0
9942,28500.0,24.5,60,F,debt_consolidation,65000.0,13.48,RENT,10+ years,0
3393,10000.0,19.99,36,D,other,41500.0,18.02,RENT,< 1 year,0
1197,4000.0,12.99,36,C,other,38400.0,14.38,RENT,4 years,0
1861,35000.0,13.33,36,C,debt_consolidation,85000.0,18.61,MORTGAGE,10+ years,0
3203,6700.0,12.92,36,D,debt_consolidation,19368.0,15.06,RENT,< 1 year,0
4360,8000.0,11.44,36,B,debt_consolidation,45669.0,9.51,MORTGAGE,10+ years,0
4450,7000.0,9.16,36,B,credit_card,22500.0,14.88,RENT,4 years,0
4735,12000.0,8.99,36,B,debt_consolidation,91000.0,24.77,MORTGAGE,1 year,0
5846,8400.0,13.53,36,B,home_improvement,63000.0,7.52,MORTGAGE,1 year,0
4910,14000.0,8.18,36,B,debt_consolidation,83000.0,11.94,MORTGAGE,10+ years,0
8422,12000.0,8.39,36,A,debt_consolidation,70000.0,11.9,MORTGAGE,3 years,0
1805,3500.0,12.79,36,C,home_improvement,87876.0,24.88,OWN,Unknown,0
10608,8950.0,12.59,36,C,debt_consolidation,32000.0,35.93,MORTGAGE,5 years,1
7795,3000.0,7.39,36,A,home_improvement,87000.0,21.68,OWN,10+ years,1
6719,25000.0,12.99,36,B,debt_consolidation,103000.0,13.21,RENT,5 years,0
1895,10000.0,13.99,36,C,credit_card,90000.0,13.86,MORTGAGE,10+ years,1
6651,7800.0,9.44,36,B,other,89000.0,10.07,MORTGAGE,10+ years,0
10172,19000.0,14.46,36,C,debt_consolidation,57000.0,24.72,MORTGAGE,6 years,0
4497,4200.0,9.17,36,B,debt_consolidation,81000.0,30.38,MORTGAGE,10+ years,0
5708,12000.0,11.49,36,B,debt_consolidation,105000.0,11.58,RENT,1 year,0
7207,10000.0,10.16,36,B,credit_card,62000.0,1.37,MORTGAGE,1 year,0
4168,5000.0,19.72,60,D,home_improvement,92000.0,10.08,RENT,1 year,0
4353,15000.0,10.49,36,B,debt_consolidation,150000.0,10.97,RENT,7 years,0
2401,25200.0,16.02,60,C,vacation,52896.0,14.45,MORTGAGE,Unknown,0
8397,7600.0,6.89,36,A,debt_consolidation,78500.0,16.48,MORTGAGE,8 years,0
2302,8000.0,14.99,36,C,credit_card,44700.0,8.13,MORTGAGE,Unknown,0
5533,20000.0,11.53,36,B,debt_consolidation,125000.0,6.43,MORTGAGE,9 years,0
10123,15000.0,7.12,36,A,credit_card,35000.0,23.01,RENT,1 year,0
4447,8000.0,12.49,36,B,debt_consolidation,125000.0,6.79,RENT,1 year,0
1365,35000.0,15.31,36,C,debt_consolidation,90000.0,32.08,MORTGAGE,3 years,0
2402,15000.0,12.99,36,C,debt_consolidation,43000.0,22.47,RENT,10+ years,0
1100,3600.0,13.16,36,C,major_purchase,25000.0,9.79,RENT,< 1 year,0
11,15000.0,16.02,60,C,debt_consolidation,95000.0,5.62,RENT,10+ years,0
1607,12000.0,14.33,36,C,credit_card,42500.0,5.05,RENT,6 years,0
9519,19700.0,21.99,36,E,credit_card,49400.0,38.36,OWN,2 years,1
2000,14250.0,13.99,36,C,debt_consolidation,70000.0,7.25,RENT,10+ years,1
3691,15000.0,17.57,60,D,debt_consolidation,122000.0,11.53,MORTGAGE,10+ years,1
10398,16200.0,16.99,36,D,debt_consolidation,45000.0,9.44,RENT,10+ years,0
5047,6250.0,10.38,36,B,debt_consolidation,20004.0,19.68,OWN,2 years,0
7245,20000.0,9.49,36,B,debt_consolidation,54000.0,33.22,OWN,7 years,0
7923,9000.0,7.9,36,A,debt_consolidation,42000.0,16.54,RENT,2 years,0
3812,6000.0,15.41,36,D,credit_card,40000.0,14.65,RENT,1 year,0
1634,13000.0,14.33,60,C,debt_consolidation,73126.0,26.27,MORTGAGE,10+ years,0
8105,2850.0,7.89,36,A,other,38000.0,7.42,OWN,9 years,0
5319,5500.0,10.99,36,B,credit_card,19000.0,21.1,RENT,2 years,1
740,10000.0,12.69,36,C,credit_card,35000.0,18.18,RENT,10+ years,0
9243,20000.0,25.82,60,E,credit_card,85000.0,31.98,RENT,10+ years,0
9279,18000.0,21.67,60,E,debt_consolidation,49000.0,30.66,MORTGAGE,Unknown,1
5424,18000.0,10.99,60,B,home_improvement,110000.0,15.98,MORTGAGE,5 years,1
2365,12000.0,12.29,60,C,debt_consolidation,32000.0,23.41,OWN,10+ years,1
768,15000.0,13.99,36,C,debt_consolidation,70000.0,29.35,RENT,4 years,0
562,24000.0,12.69,60,C,credit_card,78000.0,23.78,RENT,7 years,0
1541,22400.0,13.33,60,C,debt_consolidation,91000.0,22.45,MORTGAGE,< 1 year,0
3648,4000.0,20.0,36,D,moving,40000.0,17.28,MORTGAGE,10+ years,0
2339,3200.0,15.31,36,C,vacation,38000.0,26.34,MORTGAGE,< 1 year,0
10806,18000.0,14.99,60,C,debt_consolidation,49500.0,22.81,MORTGAGE,10+ years,0
10698,1000.0,10.99,36,B,other,31000.0,22.14,RENT,6 years,0
10113,18000.0,15.8,60,C,debt_consolidation,155000.0,8.02,MORTGAGE,10+ years,0
789,20000.0,15.31,36,C,debt_consolidation,115000.0,8.28,MORTGAGE,4 years,0
10333,7200.0,11.53,36,B,debt_consolidation,110000.0,21.06,RENT,10+ years,0
3482,27000.0,17.09,60,D,debt_consolidation,60000.0,32.28,OWN,Unknown,0
10591,15000.0,16.99,36,D,debt_consolidation,61000.0,9.34,RENT,< 1 year,0
9842,8075.0,24.99,36,F,debt_consolidation,54000.0,13.91,MORTGAGE,10+ years,0
2453,28000.0,14.49,60,C,debt_consolidation,68500.0,28.78,MORTGAGE,1 year,0
4653,18000.0,10.49,36,B,debt_consolidation,100000.0,11.69,OWN,8 years,0
7587,8000.0,7.84,36,A,other,125000.0,12.21,MORTGAGE,10+ years,0
2843,20000.0,15.31,36,C,home_improvement,100000.0,15.16,MORTGAGE,3 years,0
9457,9700.0,21.18,36,E,small_business,103000.0,9.25,MORTGAGE,10+ years,1
2520,10000.0,13.33,60,C,debt_consolidation,62000.0,5.79,MORTGAGE,5 years,0
7295,24000.0,5.32,36,A,credit_card,66000.0,23.62,RENT,1 year,0
10761,12000.0,21.99,36,F,debt_consolidation,40000.0,18.39,RENT,< 1 year,0
11019,10000.0,15.31,60,C,debt_consolidation,47000.0,8.45,MORTGAGE,10+ years,1
1681,21200.0,12.29,36,C,credit_card,53000.0,9.49,MORTGAGE,10+ years,1
2562,6000.0,12.74,36,C,debt_consolidation,19200.0,75.59,RENT,3 years,0
9882,14950.0,26.99,36,F,debt_consolidation,65600.0,15.02,OWN,10+ years,1
71,11000.0,13.99,36,C,debt_consolidation,62958.0,36.22,MORTGAGE,10+ years,0
4531,12000.0,13.67,36,B,debt_consolidation,46000.0,21.68,MORTGAGE,10+ years,0
1162,6000.0,13.49,36,C,credit_card,75000.0,23.49,RENT,3 years,0
9992,29400.0,28.88,60,G,debt_consolidation,70000.0,31.02,RENT,10+ years,1
7955,15000.0,6.68,36,A,credit_card,100000.0,16.49,RENT,3 years,0
7334,4000.0,7.9,36,A,home_improvement,85000.0,4.08,MORTGAGE,Unknown,0
8595,7500.0,7.69,36,A,debt_consolidation,43000.0,39.49,MORTGAGE,9 years,0
4977,15000.0,8.18,36,B,debt_consolidation,60000.0,19.47,RENT,10+ years,0
9855,35000.0,24.08,60,F,other,250000.0,4.82,MORTGAGE,4 years,1
5730,8400.0,11.48,36,B,debt_consolidation,55000.0,29.85,MORTGAGE,10+ years,0
3891,18000.0,15.99,60,D,debt_consolidation,120000.0,14.77,MORTGAGE,5 years,0
3433,29100.0,19.52,60,D,debt_consolidation,65000.0,15.84,MORTGAGE,10+ years,0
1213,10000.0,13.33,60,C,medical,65000.0,21.0,RENT,9 years,1
8966,30000.0,7.89,36,A,debt_consolidation,280000.0,21.9,RENT,8 years,1
2076,35000.0,13.33,36,C,credit_card,110000.0,23.66,MORTGAGE,10+ years,0
6500,15000.0,10.75,36,B,credit_card,33964.77,8.76,RENT,2 years,1
10009,8000.0,7.07,36,A,moving,200000.0,10.43,RENT,5 years,0
4363,16000.0,12.99,60,B,debt_consolidation,60000.0,5.7,RENT,< 1 year,1
718,1500.0,14.08,36,C,debt_consolidation,43394.0,43.21,MORTGAGE,10+ years,0
1700,8000.0,14.33,36,C,other,90000.0,13.33,MORTGAGE,2 years,0
6303,21000.0,8.18,36,B,debt_consolidation,150000.0,6.25,OWN,10+ years,0
418,20000.0,13.99,60,C,debt_consolidation,62000.0,22.88,MORTGAGE,10+ years,0
7162,10900.0,10.99,36,B,debt_consolidation,67000.0,9.7,MORTGAGE,10+ years,0
10758,1000.0,19.42,36,D,other,35000.0,22.98,RENT,2 years,0
6943,10000.0,9.44,60,B,debt_consolidation,42000.0,22.06,OWN,10+ years,0
6624,20000.0,9.17,36,B,debt_consolidation,65000.0,32.55,MORTGAGE,10+ years,0
2109,7000.0,12.99,36,C,debt_consolidation,158551.0,30.37,MORTGAGE,9 years,0
3911,2400.0,16.55,36,D,major_purchase,25000.0,38.55,RENT,4 years,0
9206,19600.0,23.32,60,E,debt_consolidation,90000.0,14.61,MORTGAGE,10+ years,0
5641,5000.0,10.49,36,B,debt_consolidation,62000.0,13.38,MORTGAGE,Unknown,1
8889,5700.0,6.68,36,A,credit_card,29000.0,21.8,OWN,5 years,0
4746,35000.0,11.44,36,B,house,110000.0,21.21,RENT,10+ years,0
9131,20000.0,7.49,36,A,credit_card,90000.0,21.29,OWN,10+ years,0
481,35000.0,14.33,36,C,debt_consolidation,86000.0,11.9,MORTGAGE,10+ years,0
5326,24000.0,11.44,60,B,debt_consolidation,140000.0,18.14,RENT,10+ years,1
9178,12500.0,20.99,60,E,debt_consolidation,25000.0,16.23,RENT,9 years,0
10693,24000.0,12.12,36,B,debt_consolidation,78000.0,16.07,RENT,5 years,0
3724,15600.0,21.45,60,D,debt_consolidation,62415.0,31.24,RENT,2 years,0
1966,4800.0,11.99,36,C,credit_card,36000.0,6.73,RENT,5 years,0
4543,12000.0,12.12,36,B,credit_card,61000.0,25.32,RENT,2 years,0
2943,12000.0,17.57,36,D,debt_consolidation,109000.0,15.15,MORTGAGE,4 years,1
4012,4000.0,18.99,36,D,debt_consolidation,29000.0,33.44,RENT,< 1 year,0
9634,10000.0,24.74,60,E,debt_consolidation,41000.0,22.69,RENT,2 years,1
3646,25000.0,16.59,36,D,debt_consolidation,57000.0,20.25,RENT,< 1 year,1
9595,10375.0,18.99,36,E,debt_consolidation,64000.0,20.59,RENT,2 years,0
10600,11625.0,17.57,36,D,other,34200.0,11.93,RENT,8 years,1
2646,26400.0,15.61,60,C,debt_consolidation,72000.0,12.77,MORTGAGE,10+ years,0
4569,11200.0,11.47,36,B,debt_consolidation,195000.0,19.64,MORTGAGE,10+ years,0
4945,6500.0,9.99,36,B,debt_consolidation,38000.0,35.03,MORTGAGE,6 years,0
8822,28000.0,6.89,36,A,credit_card,150000.0,1.96,RENT,8 years,0
9362,12975.0,20.75,36,E,debt_consolidation,42500.0,31.06,MORTGAGE,< 1 year,0
442,14800.0,14.65,36,C,debt_consolidation,37000.0,27.96,RENT,5 years,1
177,17000.0,15.59,60,C,debt_consolidation,39500.0,13.83,MORTGAGE,10+ years,0
8400,20000.0,8.9,60,A,credit_card,215000.0,8.38,MORTGAGE,1 year,0
9987,12375.0,23.13,60,G,other,40000.0,20.88,RENT,5 years,1
11121,10000.0,18.49,36,D,debt_consolidation,90000.0,22.48,MORTGAGE,6 years,0
7194,8000.0,10.99,36,B,debt_consolidation,68000.0,23.05,RENT,2 years,0
5214,2400.0,10.42,36,B,other,40000.0,22.72,MORTGAGE,2 years,1
9552,8775.0,19.19,36,E,debt_consolidation,52000.0,17.82,MORTGAGE,2 years,0
9813,24000.0,21.67,60,F,debt_consolidation,98000.0,18.02,MORTGAGE,10+ years,0
7907,6000.0,7.39,36,A,debt_consolidation,33000.0,22.11,RENT,10+ years,1
509,10875.0,13.99,36,C,debt_consolidation,53000.0,6.82,RENT,7 years,0
7605,10500.0,5.32,36,A,debt_consolidation,73000.0,15.62,MORTGAGE,10+ years,0
10472,21000.0,13.99,60,C,debt_consolidation,50000.0,34.28,MORTGAGE,10+ years,1
7318,16000.0,6.24,36,A,credit_card,100000.0,13.2,MORTGAGE,10+ years,0
3558,21125.0,17.57,36,D,debt_consolidation,60000.0,17.7,RENT,10+ years,0
3695,16200.0,18.25,36,D,debt_consolidation,45000.0,16.32,RENT,1 year,1
5130,5000.0,8.24,36,B,credit_card,36000.0,11.03,RENT,< 1 year,0
2483,9000.0,11.99,36,C,debt_consolidation,202000.0,15.19,MORTGAGE,10+ years,0
8073,8000.0,5.32,36,A,credit_card,50000.0,3.5,MORTGAGE,1 year,0
9072,7200.0,7.97,36,A,home_improvement,60000.0,16.04,MORTGAGE,8 years,0
943,6175.0,12.69,36,C,debt_consolidation,85000.0,3.19,RENT,< 1 year,0
9316,5000.0,26.77,36,E,debt_consolidation,22000.0,24.82,RENT,< 1 year,1
3388,14675.0,16.89,60,D,debt_consolidation,25164.0,19.41,RENT,< 1 year,1
3424,10000.0,18.25,36,D,debt_consolidation,65000.0,10.88,RENT,1 year,0
3647,26850.0,15.59,60,D,debt_consolidation,110000.0,32.51,MORTGAGE,10+ years,0
6522,32000.0,10.99,60,B,credit_card,100500.0,11.47,MORTGAGE,10+ years,0
6350,11075.0,13.11,36,B,debt_consolidation,42000.0,13.31,RENT,1 year,0
485,19500.0,15.31,36,C,debt_consolidation,39000.0,36.62,RENT,10+ years,1
6342,9000.0,12.49,36,B,debt_consolidation,72000.0,10.94,MORTGAGE,6 years,0
10429,24000.0,15.61,60,D,debt_consolidation,63000.0,32.76,MORTGAGE,10+ years,1
6551,25000.0,10.47,36,B,debt_consolidation,85000.0,23.76,MORTGAGE,1 year,0
538,10000.0,13.35,36,C,debt_consolidation,75000.0,13.17,MORTGAGE,4 years,0
5619,8000.0,10.99,36,B,credit_card,72500.0,28.97,MORTGAGE,2 years,0
4774,15000.0,12.69,36,B,credit_card,75000.0,14.18,RENT,8 years,0
9628,18000.0,24.49,60,E,debt_consolidation,52000.0,24.88,RENT,< 1 year,0
9111,7200.0,6.62,36,A,debt_consolidation,85000.0,23.96,MORTGAGE,10+ years,0
10851,15000.0,8.18,60,B,credit_card,104000.0,10.97,RENT,2 years,1
9548,35000.0,18.2,60,E,home_improvement,155000.0,19.64,MORTGAGE,8 years,0
7401,15000.0,7.97,60,A,home_improvement,245000.0,8.18,MORTGAGE,10+ years,0
6297,12000.0,12.49,36,B,debt_consolidation,60000.0,11.68,MORTGAGE,< 1 year,0
3051,20000.0,18.06,60,D,home_improvement,150000.0,10.78,MORTGAGE,5 years,0
2013,7500.0,14.33,60,C,other,71141.0,14.82,RENT,10+ years,0
10555,12000.0,17.57,36,D,debt_consolidation,38000.0,5.72,RENT,10+ years,1
1147,35000.0,14.46,60,C,credit_card,110000.0,28.03,MORTGAGE,10+ years,0
675,4550.0,13.66,36,C,debt_consolidation,16140.0,10.01,RENT,Unknown,0
8538,10000.0,7.26,36,A,credit_card,72000.0,14.77,MORTGAGE,3 years,0
8556,7800.0,7.14,36,A,educational,36000.0,15.27,MORTGAGE,3 years,0
7447,10000.0,7.9,36,A,debt_consolidation,60000.0,10.72,MORTGAGE,9 years,0
5590,8275.0,9.17,36,B,credit_card,50000.0,34.42,MORTGAGE,< 1 year,0
4395,13000.0,10.15,36,B,debt_consolidation,83300.0,8.38,RENT,3 years,0
10182,7500.0,13.99,36,C,credit_card,35000.0,29.22,OWN,3 years,1
9369,18550.0,21.7,60,E,debt_consolidation,66700.0,19.88,MORTGAGE,5 years,0
5793,17000.0,11.48,60,B,credit_card,70000.0,17.21,OWN,9 years,0
7579,22250.0,8.9,36,A,debt_consolidation,50000.0,17.52,RENT,2 years,0
2576,9600.0,14.47,36,C,debt_consolidation,34000.0,30.0,RENT,4 years,0
5763,9000.0,11.49,36,B,home_improvement,60000.0,15.5,OWN,2 years,0
5658,6000.0,13.11,36,B,credit_card,35000.0,14.47,RENT,10+ years,0
8868,20000.0,6.99,36,A,debt_consolidation,150000.0,10.42,MORTGAGE,10+ years,0
5854,24000.0,11.49,36,B,credit_card,75000.0,16.55,MORTGAGE,5 years,1
1443,16500.0,13.49,36,C,debt_consolidation,66000.0,12.05,OWN,Unknown,1
373,13500.0,12.74,36,C,debt_consolidation,145774.0,12.84,MORTGAGE,10+ years,0
7059,20000.0,9.75,36,B,home_improvement,40000.0,34.77,OWN,< 1 year,0
8312,5000.0,6.89,36,A,debt_consolidation,33000.0,20.15,MORTGAGE,6 years,0
2710,7200.0,15.88,36,C,debt_consolidation,140000.0,10.69,MORTGAGE,6 years,0
3496,20000.0,15.61,36,D,debt_consolidation,180000.0,4.69,RENT,< 1 year,0
6604,6000.0,11.99,36,B,credit_card,31000.0,25.94,RENT,4 years,0
5063,6500.0,10.99,36,B,home_improvement,70000.0,9.82,MORTGAGE,2 years,0
10566,16850.0,15.61,36,D,debt_consolidation,47500.0,29.54,MORTGAGE,10+ years,0
5636,14400.0,9.93,60,B,debt_consolidation,55000.0,25.7,MORTGAGE,10+ years,1
11051,28000.0,7.91,36,A,debt_consolidation,82000.0,14.97,MORTGAGE,10+ years,0
5676,11200.0,11.98,36,B,debt_consolidation,40000.0,3.21,OWN,3 years,0
6678,5000.0,14.09,36,B,credit_card,30348.5,23.57,MORTGAGE,4 years,0
4233,3000.0,16.29,36,D,small_business,34000.0,18.96,RENT,Unknown,0
1105,28000.0,15.61,36,C,debt_consolidation,260000.0,17.06,MORTGAGE,6 years,0
651,14000.0,15.99,36,C,debt_consolidation,46000.0,19.31,RENT,3 years,0
9887,8000.0,19.36,60,F,small_business,110000.0,13.45,MORTGAGE,10+ years,0
893,14825.0,14.33,36,C,debt_consolidation,86000.0,14.6,MORTGAGE,10+ years,0
9351,16500.0,22.4,60,E,debt_consolidation,37300.0,24.48,MORTGAGE,6 years,0
7677,5000.0,7.97,36,A,debt_consolidation,35000.0,22.02,RENT,2 years,0
6980,30000.0,12.99,60,B,home_improvement,81000.0,0.79,OWN,3 years,0
2913,20000.0,16.99,36,D,debt_consolidation,116000.0,16.8,MORTGAGE,9 years,0
5402,5600.0,11.53,36,B,debt_consolidation,40000.0,9.03,MORTGAGE,4 years,0
1318,7000.0,14.65,36,C,debt_consolidation,58000.0,12.91,MORTGAGE,9 years,0
7186,16000.0,12.35,36,B,home_improvement,40000.0,8.64,MORTGAGE,10+ years,0
2152,10000.0,13.59,36,C,medical,69000.0,19.62,MORTGAGE,10+ years,0
4599,15000.0,8.18,36,B,credit_card,60000.0,30.18,MORTGAGE,10+ years,0
4540,16000.0,11.47,36,B,debt_consolidation,86000.0,13.54,RENT,10+ years,0
10069,15000.0,17.09,60,D,debt_consolidation,75000.0,25.71,RENT,< 1 year,0
1770,9800.0,12.69,36,C,debt_consolidation,44000.0,15.98,RENT,3 years,0
5183,5000.0,8.24,36,B,debt_consolidation,66000.0,23.42,OWN,10+ years,0
10319,35000.0,7.39,36,A,credit_card,91000.0,11.22,RENT,10+ years,0
725,30000.0,12.88,36,C,debt_consolidation,98000.0,19.88,MORTGAGE,10+ years,0
8554,4000.0,7.9,36,A,credit_card,54000.0,20.93,RENT,< 1 year,0
4094,14000.0,17.76,36,D,debt_consolidation,76000.0,15.03,RENT,10+ years,0
8248,15000.0,6.03,36,A,debt_consolidation,185000.0,10.7,MORTGAGE,10+ years,0
10841,8000.0,15.31,36,C,home_improvement,60000.0,20.74,OWN,9 years,1
8280,8000.0,5.32,36,A,other,74000.0,7.72,RENT,2 years,1
495,20000.0,12.99,36,C,credit_card,120000.0,12.68,MORTGAGE,Unknown,0
10745,13000.0,14.31,60,C,home_improvement,45000.0,18.05,MORTGAGE,1 year,0
10001,30000.0,5.32,36,A,debt_consolidation,225000.0,17.37,MORTGAGE,10+ years,0
1292,7000.0,12.39,36,C,debt_consolidation,70000.0,15.34,RENT,10+ years,1
469,11500.0,13.68,36,C,credit_card,34600.0,13.6,RENT,10+ years,0
7308,23000.0,5.32,36,A,debt_consolidation,125000.0,24.89,MORTGAGE,3 years,0
2687,10000.0,15.61,36,C,credit_card,56664.0,13.64,RENT,3 years,0
4335,22550.0,8.39,60,B,credit_card,53000.0,22.55,MORTGAGE,9 years,0
9153,10000.0,6.03,36,A,debt_consolidation,149000.0,4.86,OWN,10+ years,0
658,15600.0,14.65,60,C,debt_consolidation,119000.0,15.72,MORTGAGE,8 years,0
406,14250.0,13.49,36,C,debt_consolidation,31000.0,23.31,RENT,5 years,1
7717,10400.0,6.62,36,A,debt_consolidation,94000.0,14.91,MORTGAGE,10+ years,0
91,3600.0,14.16,36,C,other,92000.0,9.65,OWN,10+ years,0
4043,4000.0,18.55,36,D,other,51000.0,22.89,MORTGAGE,10+ years,0
6646,12000.0,9.17,36,B,home_improvement,97000.0,17.59,MORTGAGE,5 years,0
271,10000.0,13.99,36,C,debt_consolidation,67500.0,7.7,RENT,2 years,0
7767,12000.0,7.9,36,A,credit_card,78000.0,10.61,MORTGAGE,7 years,0
8759,13750.0,6.62,36,A,house,49900.0,4.64,MORTGAGE,10+ years,0
4042,15000.0,17.57,60,D,debt_consolidation,60000.0,27.06,RENT,10+ years,1
1743,12000.0,12.69,36,C,debt_consolidation,32000.0,26.63,RENT,10+ years,0
9563,12625.0,21.48,60,E,medical,50000.0,5.88,MORTGAGE,2 years,0
6636,6500.0,9.17,36,B,credit_card,43000.0,9.15,RENT,10+ years,0
1092,15000.0,12.74,36,C,debt_consolidation,45000.0,10.89,OWN,1 year,0
5663,20000.0,12.42,36,B,credit_card,51000.0,18.26,RENT,10+ years,0
679,24000.0,15.31,36,C,debt_consolidation,95800.0,26.56,MORTGAGE,10+ years,1
939,16000.0,14.33,36,C,debt_consolidation,50000.0,8.65,RENT,< 1 year,0
8551,10000.0,7.89,36,A,debt_consolidation,65000.0,19.61,RENT,10+ years,0
8294,11200.0,7.89,36,A,debt_consolidation,85000.0,3.26,RENT,4 years,0
2844,5200.0,13.92,36,C,debt_consolidation,35000.0,8.09,RENT,< 1 year,0
9092,16000.0,6.89,36,A,debt_consolidation,97000.0,6.89,MORTGAGE,< 1 year,0
5484,8000.0,9.75,36,B,credit_card,45000.0,9.6,RENT,10+ years,0
4808,10000.0,9.49,36,B,debt_consolidation,104370.0,6.21,RENT,10+ years,0
5133,25200.0,9.99,60,B,home_improvement,78000.0,23.42,OWN,2 years,0
9583,21975.0,19.19,60,E,debt_consolidation,68000.0,23.28,MORTGAGE,6 years,1
7520,24575.0,7.9,36,A,debt_consolidation,63000.0,10.73,MORTGAGE,10+ years,0
1386,15000.0,14.65,36,C,credit_card,98000.0,12.27,RENT,2 years,0
185,7000.0,14.99,36,C,debt_consolidation,23000.0,27.19,RENT,2 years,0
170,25000.0,11.99,36,C,debt_consolidation,65000.0,20.05,RENT,8 years,0
6603,8000.0,10.42,36,B,debt_consolidation,45000.0,26.59,MORTGAGE,10+ years,1
4063,8000.0,18.06,36,D,credit_card,106900.0,23.76,RENT,2 years,0
10577,16750.0,16.55,36,D,debt_consolidation,42000.0,19.86,MORTGAGE,9 years,0
7473,5000.0,8.9,36,A,credit_card,50000.0,10.66,RENT,7 years,0
5859,6000.0,10.99,36,B,debt_consolidation,97500.0,10.07,MORTGAGE,4 years,0
8060,24000.0,6.97,36,A,credit_card,150000.0,19.5,MORTGAGE,8 years,0
9515,35000.0,18.99,36,E,major_purchase,78000.0,7.62,RENT,7 years,1
5190,4000.0,10.99,36,B,credit_card,49600.0,25.72,MORTGAGE,< 1 year,0
1778,24450.0,12.69,36,C,debt_consolidation,48936.0,16.94,OWN,Unknown,0
10662,32000.0,11.47,60,B,debt_consolidation,210000.0,14.38,MORTGAGE,10+ years,0
6316,20000.0,11.39,36,B,credit_card,271000.0,12.27,RENT,1 year,0
4422,11500.0,9.67,36,B,debt_consolidation,90000.0,11.67,MORTGAGE,4 years,0
1053,13000.0,14.33,36,C,credit_card,36000.0,13.71,MORTGAGE,1 year,0
11140,8000.0,12.62,36,C,credit_card,90254.0,14.04,MORTGAGE,9 years,0
6266,15000.0,11.39,36,B,debt_consolidation,84000.0,31.19,RENT,3 years,0
4138,14000.0,16.99,60,D,debt_consolidation,80600.0,7.3,MORTGAGE,10+ years,0
9995,11950.0,25.8,60,G,small_business,37400.0,29.71,RENT,1 year,0
3778,29975.0,17.14,36,D,debt_consolidation,60000.0,21.14,MORTGAGE,10+ years,0
2828,29000.0,15.88,60,C,debt_consolidation,88000.0,13.01,MORTGAGE,10+ years,0
10266,3000.0,10.99,36,B,debt_consolidation,100000.0,14.27,MORTGAGE,Unknown,1
7714,10000.0,7.9,36,A,debt_consolidation,35000.0,26.09,RENT,10+ years,0
4512,10750.0,13.11,36,B,debt_consolidation,40000.0,18.54,RENT,1 year,1
5020,10000.0,10.99,36,B,credit_card,67000.0,22.8,MORTGAGE,10+ years,0
4769,20000.0,10.49,36,B,debt_consolidation,87328.0,15.07,MORTGAGE,10+ years,0
977,14000.0,15.31,36,C,credit_card,88000.0,11.35,RENT,< 1 year,0
4723,6700.0,10.99,36,B,debt_consolidation,22756.0,28.11,RENT,Unknown,0
3920,35000.0,17.57,36,D,debt_consolidation,100000.0,0.16,MORTGAGE,10+ years,1
7507,28000.0,6.24,36,A,credit_card,178000.0,11.67,OWN,6 years,0
3143,7000.0,18.06,36,D,debt_consolidation,32900.0,5.0,RENT,2 years,0
7228,17000.0,9.49,36,B,debt_consolidation,62400.0,20.53,MORTGAGE,5 years,0
8482,12000.0,6.49,36,A,debt_consolidation,78000.0,25.74,MORTGAGE,7 years,0
2761,20000.0,14.33,60,C,debt_consolidation,56000.0,12.54,MORTGAGE,10+ years,0
3100,26000.0,18.85,36,D,debt_consolidation,93800.0,29.28,RENT,10+ years,0
8311,6000.0,7.99,36,A,credit_card,38000.0,9.54,RENT,2 years,0
9336,10875.0,20.99,60,E,debt_consolidation,32000.0,36.68,MORTGAGE,2 years,1
9400,16550.0,20.49,60,E,debt_consolidation,62816.0,18.59,MORTGAGE,10+ years,0
8905,5000.0,5.32,36,A,vacation,40000.0,24.49,RENT,2 years,0
2462,8000.0,12.59,36,C,debt_consolidation,57000.0,20.34,MORTGAGE,9 years,0
2630,8000.0,12.74,36,C,debt_consolidation,48000.0,24.63,MORTGAGE,3 years,1
7553,8800.0,7.49,36,A,debt_consolidation,47000.0,16.77,RENT,10+ years,0
221,25000.0,15.31,36,C,debt_consolidation,120000.0,22.58,OWN,10+ years,0
9498,29375.0,24.85,60,E,debt_consolidation,135000.0,27.64,MORTGAGE,10+ years,1
6816,6000.0,11.99,36,B,debt_consolidation,42500.0,17.85,MORTGAGE,6 years,0
694,6000.0,14.08,36,C,debt_consolidation,35000.0,17.56,RENT,10+ years,0
6014,10000.0,14.09,36,B,credit_card,50000.0,13.54,MORTGAGE,10+ years,0
9555,13000.0,22.9,60,E,credit_card,40000.0,11.4,RENT,< 1 year,1
2008,12000.0,11.99,60,C,debt_consolidation,175000.0,10.54,OWN,6 years,0
303,14000.0,13.67,60,C,debt_consolidation,34500.0,46.54,RENT,1 year,0
6606,8000.0,9.17,36,B,vacation,39000.0,19.97,RENT,10+ years,0
8350,5000.0,6.97,36,A,debt_consolidation,68000.0,5.17,MORTGAGE,1 year,0
2035,7000.0,15.81,36,C,debt_consolidation,51984.0,12.14,RENT,2 years,0
5426,5000.0,9.99,36,B,debt_consolidation,66604.0,33.69,MORTGAGE,10+ years,1
2425,29900.0,14.99,60,C,debt_consolidation,65000.0,16.93,MORTGAGE,6 years,0
4578,25000.0,10.42,60,B,home_improvement,120000.0,24.77,MORTGAGE,10+ years,0
862,10000.0,15.59,36,C,home_improvement,42000.0,27.4,RENT,2 years,0
1883,35000.0,15.59,36,C,debt_consolidation,151000.0,20.69,MORTGAGE,3 years,0
915,15000.0,13.68,36,C,credit_card,47940.0,31.95,RENT,8 years,0
5188,4950.0,12.99,36,B,debt_consolidation,55000.0,25.97,OWN,5 years,0
7807,10000.0,6.99,36,A,home_improvement,85000.0,8.17,OWN,10+ years,0
7014,16000.0,9.17,60,B,debt_consolidation,149500.0,15.4,MORTGAGE,1 year,0
3661,18000.0,19.72,60,D,debt_consolidation,90000.0,28.96,RENT,10+ years,0
7936,21100.0,8.9,36,A,credit_card,60209.68,21.15,MORTGAGE,9 years,0
4316,18000.0,9.49,60,B,debt_consolidation,48500.0,23.14,RENT,7 years,0
3101,6000.0,15.61,36,D,debt_consolidation,36000.0,24.56,RENT,5 years,1
884,16800.0,14.46,60,C,debt_consolidation,45000.0,23.31,RENT,1 year,1
8059,5000.0,7.07,36,A,credit_card,66000.0,2.87,RENT,Unknown,1
3909,14475.0,17.09,36,D,home_improvement,131000.0,9.27,MORTGAGE,1 year,1
9510,31550.0,22.74,60,E,debt_consolidation,80000.0,24.65,RENT,6 years,1
6667,15000.0,9.17,60,B,debt_consolidation,57000.0,13.14,OWN,Unknown,0
9312,24250.0,22.9,60,E,home_improvement,62000.0,23.77,MORTGAGE,6 years,1
7657,10000.0,7.89,36,A,debt_consolidation,120000.0,15.51,MORTGAGE,10+ years,0
4535,8000.0,9.17,36,B,credit_card,67000.0,12.57,RENT,10+ years,0
2358,35000.0,13.98,36,C,credit_card,105000.0,20.24,RENT,10+ years,0
8610,20000.0,7.89,36,A,home_improvement,80000.0,15.01,MORTGAGE,10+ years,0
7521,10000.0,7.62,36,A,debt_consolidation,56000.0,16.57,MORTGAGE,2 years,0
4273,35000.0,17.57,60,D,debt_consolidation,303971.0,7.09,MORTGAGE,9 years,0
3598,12025.0,17.76,60,D,debt_consolidation,68000.0,8.1,MORTGAGE,7 years,0
6775,35000.0,9.17,36,B,debt_consolidation,101000.0,16.18,MORTGAGE,10+ years,0
3162,12375.0,19.99,36,D,debt_consolidation,30950.0,12.21,RENT,< 1 year,1
2139,28000.0,17.27,60,C,debt_consolidation,125000.0,15.61,MORTGAGE,6 years,0
7127,12000.0,11.48,36,B,debt_consolidation,55000.0,19.68,MORTGAGE,< 1 year,1
4522,9400.0,14.09,36,B,debt_consolidation,80000.0,21.46,RENT,3 years,0
9440,30000.0,19.99,60,E,debt_consolidation,105000.0,12.07,RENT,10+ years,0
7386,9600.0,7.35,36,A,car,35000.0,31.72,MORTGAGE,Unknown,0
8432,13500.0,7.99,60,A,home_improvement,67000.0,11.88,MORTGAGE,6 years,0
2827,7500.0,14.33,36,C,debt_consolidation,70584.0,12.38,RENT,Unknown,0
2792,20000.0,13.33,36,C,home_improvement,75000.0,20.85,MORTGAGE,6 years,0
5068,25000.0,10.99,36,B,credit_card,165000.0,4.13,RENT,5 years,0
8596,20000.0,7.21,36,A,other,90000.0,14.13,MORTGAGE,1 year,0
4401,16000.0,9.49,36,B,debt_consolidation,106000.0,9.96,RENT,9 years,0
6095,15000.0,11.99,60,B,major_purchase,178000.0,10.51,RENT,10+ years,0
3590,10950.0,16.99,36,D,medical,38000.0,17.25,RENT,7 years,1
10444,32550.0,15.59,36,C,debt_consolidation,180000.0,7.14,MORTGAGE,5 years,0
5122,30000.0,10.49,36,B,credit_card,92000.0,18.71,MORTGAGE,Unknown,1
178,6000.0,15.8,36,C,debt_consolidation,20000.0,19.56,OWN,< 1 year,0
8856,10000.0,7.26,36,A,credit_card,45000.0,7.55,OWN,8 years,0
823,14400.0,14.49,60,C,debt_consolidation,68000.0,19.74,MORTGAGE,10+ years,0
8047,25000.0,5.32,36,A,other,75000.0,23.14,MORTGAGE,Unknown,0
1912,24000.0,16.02,36,C,credit_card,150000.0,16.65,MORTGAGE,10+ years,0
9835,24125.0,21.99,60,F,major_purchase,52474.0,17.47,RENT,4 years,1
7651,7000.0,7.69,36,A,credit_card,49000.0,25.37,RENT,10+ years,0
9585,26000.0,18.99,60,E,home_improvement,52000.0,31.92,MORTGAGE,10+ years,0
1850,6000.0,13.65,36,C,debt_consolidation,64800.0,28.26,RENT,10+ years,0
3769,7625.0,16.29,36,D,debt_consolidation,32000.0,21.98,RENT,9 years,0
6798,2000.0,13.11,36,B,debt_consolidation,55500.0,33.94,MORTGAGE,4 years,0
8220,33000.0,8.9,36,A,debt_consolidation,100812.0,33.25,MORTGAGE,Unknown,0
4385,10000.0,9.16,36,B,debt_consolidation,80000.0,6.48,OWN,8 years,0
7250,16000.0,6.92,36,A,credit_card,54000.0,2.44,OWN,7 years,0
3332,12000.0,18.49,36,D,debt_consolidation,44463.0,19.84,OWN,Unknown,0
9722,6000.0,19.99,36,E,credit_card,18500.0,19.08,RENT,2 years,0
174,7200.0,13.67,36,C,debt_consolidation,68000.0,27.36,OWN,10+ years,0
4455,30000.0,9.44,36,B,debt_consolidation,120000.0,10.57,MORTGAGE,9 years,0
6397,6025.0,9.17,36,B,debt_consolidation,70000.0,9.0,RENT,10+ years,0
10514,20000.0,6.03,36,A,debt_consolidation,120000.0,7.88,MORTGAGE,2 years,0
7223,7000.0,8.18,36,B,other,82000.0,13.38,MORTGAGE,10+ years,0
3148,2800.0,19.72,36,D,debt_consolidation,30000.0,5.08,MORTGAGE,10+ years,1
1063,12000.0,13.65,60,C,debt_consolidation,30000.0,10.16,RENT,6 years,1
2879,18000.0,15.59,60,D,credit_card,65000.0,21.01,MORTGAGE,2 years,1
7983,5000.0,7.07,36,A,credit_card,52000.0,5.75,MORTGAGE,10+ years,0
8658,28000.0,8.19,36,A,credit_card,125000.0,13.92,MORTGAGE,Unknown,0
6521,20000.0,10.64,36,B,debt_consolidation,96000.0,8.74,MORTGAGE,10+ years,0
5468,22000.0,11.14,36,B,other,55000.0,18.46,OWN,10+ years,0
6461,20000.0,9.67,60,B,credit_card,110000.0,18.11,MORTGAGE,4 years,0
7675,5000.0,5.31,36,A,home_improvement,40000.0,4.71,MORTGAGE,7 years,0
8874,16000.0,7.99,36,A,debt_consolidation,92000.0,5.92,MORTGAGE,4 years,1
10948,10000.0,6.39,36,A,credit_card,60000.0,9.24,MORTGAGE,10+ years,0
1196,10000.0,13.44,36,C,credit_card,80000.0,15.56,RENT,3 years,0
1501,12000.0,15.31,36,C,home_improvement,50000.0,15.71,MORTGAGE,10+ years,0
468,20000.0,12.88,36,C,debt_consolidation,63000.0,8.9,RENT,Unknown,0
9172,27600.0,20.49,36,E,debt_consolidation,59979.0,11.62,RENT,10+ years,0
9795,12000.0,30.65,60,F,other,30000.0,3.75,RENT,2 years,1
10640,6000.0,14.65,36,C,debt_consolidation,18000.0,12.0,MORTGAGE,10+ years,0
3015,3950.0,17.99,36,D,debt_consolidation,40000.0,17.46,RENT,4 years,1
8584,15000.0,7.99,36,A,debt_consolidation,49000.0,16.63,MORTGAGE,Unknown,0
10517,9000.0,6.91,36,A,home_improvement,36000.0,2.37,RENT,7 years,1
9873,20225.0,29.49,60,F,debt_consolidation,56189.0,22.53,MORTGAGE,10+ years,1
9480,12025.0,19.19,36,E,debt_consolidation,110000.0,5.96,RENT,9 years,0
168,23200.0,12.99,36,C,debt_consolidation,104000.0,9.79,RENT,< 1 year,1
5600,5600.0,10.99,36,B,other,22000.0,12.64,RENT,10+ years,0
3150,16150.0,17.57,60,D,debt_consolidation,34500.0,18.68,OWN,3 years,1
1917,17000.0,14.03,36,C,house,85000.0,9.85,MORTGAGE,10+ years,0
3669,6600.0,13.24,36,D,debt_consolidation,32400.0,22.0,MORTGAGE,10+ years,0
950,25000.0,14.33,60,C,debt_consolidation,104457.0,37.37,RENT,9 years,1
5370,8000.0,12.49,36,B,credit_card,65000.0,28.05,MORTGAGE,8 years,0
2835,10625.0,15.61,36,C,debt_consolidation,40000.0,18.69,RENT,5 years,1
7078,8000.0,11.49,36,B,credit_card,50000.0,14.64,RENT,6 years,1
7673,7500.0,5.32,36,A,credit_card,96000.0,8.94,RENT,4 years,0
10177,24800.0,25.49,36,E,debt_consolidation,56400.0,24.6,RENT,10+ years,0
4516,11000.0,12.12,36,B,credit_card,45000.0,9.07,RENT,7 years,1
6625,3500.0,9.99,36,B,debt_consolidation,40000.0,34.38,RENT,< 1 year,0
9023,4800.0,6.24,36,A,other,52000.0,3.81,MORTGAGE,2 years,0
1754,11000.0,14.99,60,C,home_improvement,52000.0,13.1,MORTGAGE,< 1 year,0
11174,2500.0,27.27,36,E,moving,70000.0,17.26,RENT,10+ years,0
7987,15000.0,8.39,36,A,credit_card,60000.0,19.94,RENT,7 years,0
2121,6000.0,16.02,36,C,vacation,73450.0,29.66,MORTGAGE,Unknown,1
6239,8000.0,12.85,36,B,debt_consolidation,72000.0,8.17,RENT,10+ years,0
1668,21000.0,14.98,36,C,credit_card,58000.0,13.49,MORTGAGE,10+ years,0
9878,10000.0,18.43,36,F,debt_consolidation,85000.0,12.51,OWN,3 years,0
8528,16000.0,7.89,36,A,debt_consolidation,70000.0,21.33,OWN,Unknown,0
9730,21000.0,22.39,36,E,debt_consolidation,50000.0,32.81,RENT,7 years,1
6705,9600.0,10.99,36,B,debt_consolidation,51000.0,13.23,MORTGAGE,10+ years,0
1122,14000.0,11.99,36,C,debt_consolidation,57400.0,10.64,RENT,10+ years,0
3256,5000.0,21.45,36,D,debt_consolidation,42000.0,32.0,RENT,5 years,0
10405,2000.0,14.99,36,C,debt_consolidation,62643.0,32.47,OWN,10+ years,1
9807,26000.0,23.28,60,F,debt_consolidation,75000.0,20.66,RENT,2 years,0
9078,16000.0,6.99,36,A,home_improvement,73000.0,16.74,OWN,7 years,0
6481,20000.0,11.98,60,B,credit_card,45000.0,30.4,MORTGAGE,1 year,0
7826,12000.0,7.69,36,A,debt_consolidation,42000.0,11.17,MORTGAGE,1 year,0
7722,18375.0,8.39,36,A,debt_consolidation,64000.0,20.68,MORTGAGE,5 years,0
3672,16000.0,18.06,60,D,debt_consolidation,115000.0,14.32,RENT,5 years,1
2185,20400.0,13.66,36,C,debt_consolidation,145000.0,9.41,RENT,10+ years,0
5134,16500.0,9.93,60,B,debt_consolidation,94000.0,9.95,OWN,1 year,0
2297,20950.0,15.31,60,C,debt_consolidation,66000.0,26.49,MORTGAGE,10+ years,0
3923,8350.0,16.55,36,D,debt_consolidation,20000.0,8.9,RENT,2 years,0
4877,12800.0,10.16,36,B,credit_card,84000.0,13.46,MORTGAGE,2 years,0
2820,25000.0,15.1,36,C,credit_card,90000.0,9.65,RENT,10+ years,0
7775,8500.0,6.89,36,A,debt_consolidation,60000.0,18.23,MORTGAGE,1 year,0
1773,10000.0,13.99,36,C,house,80000.0,14.72,OWN,5 years,1
5767,16425.0,13.05,36,B,home_improvement,115000.0,9.45,MORTGAGE,7 years,0
9991,14275.0,25.8,60,G,other,51000.0,20.85,MORTGAGE,2 years,0
1418,11425.0,12.69,36,C,credit_card,26000.0,17.68,RENT,10+ years,0
4915,24000.0,11.49,36,B,credit_card,90000.0,15.09,RENT,9 years,0
5800,16000.0,12.35,60,B,credit_card,48500.0,15.12,MORTGAGE,10+ years,0
1238,31000.0,11.99,60,C,debt_consolidation,99000.0,16.86,MORTGAGE,8 years,0
4466,15000.0,10.15,36,B,credit_card,80000.0,9.07,RENT,2 years,1
822,28000.0,12.62,36,C,debt_consolidation,94000.0,30.86,MORTGAGE,5 years,1
8979,5000.0,5.32,36,A,debt_consolidation,90000.0,14.64,MORTGAGE,10+ years,0
9950,13300.0,25.83,60,G,small_business,52000.0,9.46,RENT,9 years,0
570,10000.0,15.31,36,C,credit_card,109000.0,7.39,RENT,3 years,0
9682,16000.0,23.99,36,E,debt_consolidation,32000.0,32.33,RENT,2 years,0
3451,14000.0,21.49,60,D,credit_card,110000.0,22.63,RENT,9 years,1
8070,5000.0,7.89,36,A,credit_card,62000.0,24.29,MORTGAGE,9 years,0
2150,5000.0,14.49,36,C,small_business,24000.0,5.55,RENT,1 year,1
9890,35000.0,23.43,60,F,home_improvement,80000.0,8.39,MORTGAGE,7 years,0
3154,6000.0,17.47,36,D,debt_consolidation,57000.0,4.0,RENT,4 years,0
251,12000.0,11.99,36,C,credit_card,55000.0,24.33,RENT,2 years,1
4743,14500.0,9.17,36,B,credit_card,110000.0,3.99,RENT,< 1 year,0
4321,4000.0,10.47,36,B,home_improvement,100000.0,18.12,MORTGAGE,< 1 year,0
2355,28000.0,13.49,60,C,debt_consolidation,130000.0,6.6,MORTGAGE,5 years,0
9297,30000.0,22.35,36,E,debt_consolidation,67500.0,17.83,OWN,< 1 year,0
10035,3500.0,11.67,36,B,credit_card,80000.0,8.12,MORTGAGE,6 years,0
10521,10400.0,8.18,36,B,debt_consolidation,186000.0,7.18,MORTGAGE,2 years,0
660,4800.0,14.49,36,C,debt_consolidation,42000.0,9.77,OWN,4 years,0
4742,15000.0,11.89,36,B,debt_consolidation,48000.0,20.27,RENT,5 years,0
2963,19450.0,19.99,60,D,debt_consolidation,176000.0,7.88,RENT,8 years,0
6291,15000.0,11.99,36,B,debt_consolidation,86000.0,9.29,RENT,5 years,0
2011,25000.0,13.68,60,C,credit_card,105000.0,4.53,MORTGAGE,10+ years,0
6926,35000.0,10.99,60,B,credit_card,149000.0,14.97,MORTGAGE,10+ years,0
7169,28325.0,10.99,36,B,debt_consolidation,75000.0,22.38,MORTGAGE,10+ years,0
3969,7075.0,16.99,36,D,debt_consolidation,32000.0,23.89,RENT,4 years,0
3704,9000.0,18.99,36,D,debt_consolidation,107000.0,29.31,OWN,10+ years,0
3736,28000.0,15.61,60,D,debt_consolidation,82000.0,26.46,OWN,3 years,0
3956,35000.0,16.99,60,D,credit_card,112000.0,11.46,MORTGAGE,5 years,0
6960,9000.0,10.42,36,B,car,60000.0,20.28,RENT,4 years,0
5644,10000.0,11.53,36,B,credit_card,54000.0,19.91,MORTGAGE,< 1 year,0
1058,40000.0,14.49,36,C,debt_consolidation,200000.0,15.27,MORTGAGE,7 years,1
10998,4000.0,10.99,36,B,credit_card,95000.0,16.84,MORTGAGE,7 years,0
3364,5000.0,16.55,36,D,other,53650.0,26.55,RENT,3 years,0
10867,3000.0,16.55,36,D,debt_consolidation,35000.0,9.88,RENT,< 1 year,0
10434,10000.0,10.49,36,B,debt_consolidation,40000.0,29.4,MORTGAGE,Unknown,0
9764,12000.0,24.99,60,F,debt_consolidation,60000.0,17.06,MORTGAGE,Unknown,1
1015,13000.0,12.29,36,C,debt_consolidation,31000.0,25.75,OWN,Unknown,1
6748,16000.0,11.14,36,B,credit_card,60000.0,17.5,MORTGAGE,7 years,0
1218,25000.0,13.35,36,C,debt_consolidation,96000.0,31.38,OWN,6 years,1
8303,18500.0,7.9,36,A,credit_card,80000.0,13.65,RENT,1 year,1
10702,12000.0,18.55,60,E,credit_card,25000.0,18.59,MORTGAGE,5 years,0
7426,28000.0,7.69,36,A,debt_consolidation,110000.0,18.55,MORTGAGE,10+ years,0
7658,25450.0,7.89,36,A,debt_consolidation,90000.0,8.98,MORTGAGE,10+ years,0
668,12000.0,14.33,36,C,debt_consolidation,68500.0,20.69,MORTGAGE,10+ years,0
5761,8800.0,8.18,36,B,debt_consolidation,42000.0,21.97,MORTGAGE,5 years,0
10538,20000.0,10.9,36,B,debt_consolidation,170000.0,12.28,MORTGAGE,< 1 year,0
5699,9600.0,11.53,36,B,credit_card,36800.0,13.86,RENT,< 1 year,0
8684,20000.0,7.49,36,A,credit_card,49000.0,26.94,MORTGAGE,Unknown,0
3699,15000.0,17.57,60,D,credit_card,104000.0,26.87,MORTGAGE,10+ years,1
10502,26400.0,11.14,36,B,credit_card,80000.0,25.35,MORTGAGE,10+ years,0
1301,14000.0,14.08,60,C,credit_card,50000.0,1.8,OWN,< 1 year,0
5430,5000.0,10.78,36,B,credit_card,40000.0,13.05,RENT,2 years,0
6614,15000.0,12.49,36,B,credit_card,36000.0,23.71,MORTGAGE,9 years,0
10129,7000.0,7.49,36,A,home_improvement,48000.0,23.08,MORTGAGE,2 years,0
9236,19800.0,22.35,36,E,credit_card,44000.0,29.87,RENT,2 years,1
2549,24000.0,13.99,36,C,credit_card,82500.0,24.57,MORTGAGE,10+ years,0
2613,7175.0,14.46,36,C,debt_consolidation,41184.0,27.48,MORTGAGE,< 1 year,0
9105,40000.0,5.32,36,A,debt_consolidation,430000.0,8.98,MORTGAGE,10+ years,0
6123,8000.0,10.16,36,B,credit_card,45000.0,28.61,MORTGAGE,10+ years,0
4308,30000.0,17.97,60,D,debt_consolidation,72864.0,17.09,MORTGAGE,Unknown,0
7307,11200.0,7.9,36,A,credit_card,65000.0,6.15,RENT,1 year,0
9714,32000.0,19.89,36,E,debt_consolidation,110000.0,14.92,MORTGAGE,4 years,0
5088,20000.0,8.99,36,B,other,130000.0,9.96,MORTGAGE,7 years,0
4144,30000.0,16.29,36,D,debt_consolidation,85000.0,28.61,RENT,1 year,1
2266,12000.0,15.31,36,C,debt_consolidation,36000.0,18.2,RENT,< 1 year,0
4131,10000.0,18.85,36,D,debt_consolidation,44000.0,19.96,RENT,5 years,0
4190,14300.0,15.61,60,D,debt_consolidation,40077.0,23.69,RENT,< 1 year,1
10125,4000.0,15.61,36,C,debt_consolidation,68340.0,21.91,RENT,Unknown,0
3168,3000.0,15.59,36,D,home_improvement,42000.0,26.89,MORTGAGE,3 years,0
5538,19500.0,8.39,60,B,debt_consolidation,122000.0,10.42,MORTGAGE,10+ years,0
3128,8775.0,15.61,36,D,debt_consolidation,75000.0,22.4,MORTGAGE,10+ years,0
9797,16900.0,24.11,60,F,debt_consolidation,78000.0,19.06,RENT,7 years,0
8317,22575.0,7.89,60,A,credit_card,125000.0,22.7,MORTGAGE,10+ years,0
2048,3000.0,14.99,36,C,debt_consolidation,90000.0,24.2,MORTGAGE,6 years,0
4027,11300.0,19.47,60,D,credit_card,50000.0,31.97,RENT,6 years,1
8563,6000.0,6.03,36,A,credit_card,55000.0,19.9,MORTGAGE,7 years,0
9396,11975.0,22.15,60,E,debt_consolidation,43000.0,1.65,MORTGAGE,< 1 year,0
5673,19200.0,8.99,36,B,debt_consolidation,65000.0,22.32,MORTGAGE,2 years,0
2996,8000.0,18.49,36,D,debt_consolidation,36600.0,29.7,RENT,9 years,0
1804,11525.0,13.49,36,C,home_improvement,53000.0,24.93,MORTGAGE,10+ years,1
4534,2000.0,9.99,36,B,debt_consolidation,27240.0,12.42,MORTGAGE,Unknown,1
9865,3075.0,24.99,36,F,debt_consolidation,35000.0,12.45,RENT,3 years,0
5280,30500.0,8.24,36,B,debt_consolidation,105000.0,30.61,RENT,6 years,1
7110,35000.0,10.15,36,B,debt_consolidation,125000.0,22.83,MORTGAGE,10+ years,0
240,10000.0,12.29,60,C,debt_consolidation,31180.0,9.62,RENT,< 1 year,0
454,9000.0,15.8,36,C,debt_consolidation,68000.0,21.32,OWN,6 years,0
9613,27900.0,19.19,60,E,debt_consolidation,75000.0,22.06,RENT,10+ years,0
2921,10000.0,18.99,36,D,credit_card,42000.0,4.2,RENT,3 years,0
3284,30000.0,19.03,60,D,debt_consolidation,90000.0,38.34,MORTGAGE,10+ years,1
11012,20000.0,12.29,36,C,credit_card,82000.0,34.42,MORTGAGE,10+ years,0
502,5000.0,13.49,36,C,debt_consolidation,13000.0,12.28,RENT,2 years,1
1523,24000.0,14.46,60,C,debt_consolidation,75000.0,25.25,OWN,10+ years,0
9347,14775.0,24.74,36,E,debt_consolidation,50000.0,16.15,OWN,1 year,0
3541,12000.0,18.85,36,D,debt_consolidation,72500.0,17.65,RENT,Unknown,1
1322,22325.0,15.59,60,C,debt_consolidation,68000.0,25.14,MORTGAGE,9 years,0
1249,20000.0,13.66,60,C,debt_consolidation,80000.0,15.62,RENT,1 year,0
4143,8000.0,16.59,36,D,debt_consolidation,86500.0,11.49,RENT,10+ years,0
7453,24000.0,8.39,36,A,debt_consolidation,86000.0,25.95,MORTGAGE,4 years,0
8671,3000.0,7.9,36,A,home_improvement,48000.0,26.08,MORTGAGE,10+ years,0
5635,7000.0,9.93,36,B,debt_consolidation,50000.0,9.12,MORTGAGE,5 years,0
10831,5000.0,7.24,36,A,home_improvement,41000.0,10.69,MORTGAGE,5 years,0
5196,10000.0,8.18,36,B,debt_consolidation,40000.0,6.0,RENT,1 year,0
6270,21600.0,11.14,36,B,debt_consolidation,74000.0,31.78,RENT,5 years,0
2779,5000.0,15.61,36,C,debt_consolidation,27814.0,16.83,RENT,3 years,1
7020,4000.0,8.39,36,B,debt_consolidation,30000.0,24.35,RENT,Unknown,0
5164,10000.0,10.91,36,B,home_improvement,102000.0,9.79,MORTGAGE,10+ years,1
4440,6600.0,10.49,36,B,debt_consolidation,40000.0,19.98,MORTGAGE,9 years,0
1116,20000.0,16.02,60,C,debt_consolidation,60000.0,34.76,OWN,10+ years,1
9816,19200.0,22.99,60,F,credit_card,48000.0,29.22,MORTGAGE,7 years,0
8898,11000.0,7.26,36,A,credit_card,55000.0,26.09,RENT,2 years,0
34,6500.0,15.31,36,C,small_business,35000.0,7.03,RENT,2 years,0
10410,15000.0,9.93,36,B,credit_card,60000.0,33.8,RENT,10+ years,0
7057,5000.0,10.99,36,B,debt_consolidation,55000.0,20.95,MORTGAGE,8 years,0
5211,24000.0,9.99,60,B,debt_consolidation,95000.0,25.04,OWN,10+ years,0
8296,10000.0,8.9,36,A,debt_consolidation,42000.0,7.74,RENT,10+ years,0
10965,14000.0,7.91,36,A,debt_consolidation,85000.0,0.78,MORTGAGE,10+ years,0
3160,35000.0,17.57,36,D,debt_consolidation,344000.0,0.66,MORTGAGE,4 years,1
6720,7000.0,11.99,36,B,debt_consolidation,54000.0,16.36,RENT,10+ years,1
6559,34000.0,9.67,36,B,debt_consolidation,100000.0,15.76,MORTGAGE,10+ years,0
892,9500.0,15.8,36,C,debt_consolidation,35000.0,15.02,RENT,2 years,0
812,25525.0,13.99,36,C,debt_consolidation,150000.0,12.27,MORTGAGE,10+ years,0
7261,14000.0,7.69,36,A,credit_card,68000.0,24.85,RENT,6 years,0
5179,4800.0,11.47,36,B,debt_consolidation,54000.0,19.18,MORTGAGE,4 years,0
7355,7200.0,6.03,36,A,debt_consolidation,50496.0,14.59,MORTGAGE,10+ years,0
9403,25875.0,19.99,60,E,debt_consolidation,73000.0,32.43,MORTGAGE,10+ years,1
4159,30000.0,20.0,36,D,debt_consolidation,225000.0,28.23,OWN,10+ years,0
4142,16000.0,17.99,60,D,house,76124.0,19.97,RENT,10+ years,0
6805,8450.0,9.99,36,B,debt_consolidation,103000.0,29.5,MORTGAGE,10+ years,0
1041,8400.0,14.99,36,C,other,40000.0,18.72,RENT,1 year,1
1626,19125.0,14.99,60,C,credit_card,128000.0,13.1,RENT,9 years,0
6203,9000.0,9.49,36,B,credit_card,42000.0,23.8,MORTGAGE,2 years,0
7079,20000.0,11.47,36,B,debt_consolidation,86000.0,33.78,RENT,10+ years,1
6277,4500.0,9.8,36,B,major_purchase,32000.0,20.71,MORTGAGE,10+ years,0
8370,21000.0,7.89,36,A,credit_card,130000.0,16.07,RENT,8 years,0
7999,13000.0,7.69,36,A,credit_card,110000.0,9.9,MORTGAGE,7 years,0
7136,27050.0,9.17,36,B,credit_card,54200.0,26.49,RENT,2 years,0
6982,3975.0,11.53,36,B,debt_consolidation,37000.0,31.43,OWN,10+ years,0
6986,12000.0,10.99,60,B,debt_consolidation,30000.0,27.96,MORTGAGE,Unknown,0
3088,12000.0,16.29,36,D,home_improvement,63000.0,22.19,MORTGAGE,Unknown,0
6301,2800.0,10.74,36,B,debt_consolidation,30000.0,7.64,OWN,10+ years,0
571,21000.0,16.02,60,C,debt_consolidation,105000.0,7.5,MORTGAGE,7 years,0
2667,7800.0,12.62,36,C,debt_consolidation,29000.0,68.38,MORTGAGE,< 1 year,0
8457,12000.0,7.29,36,A,debt_consolidation,73000.0,5.06,MORTGAGE,7 years,0
9840,16875.0,24.5,60,F,debt_consolidation,50000.0,20.91,MORTGAGE,10+ years,0
2947,12250.0,15.61,60,D,debt_consolidation,39000.0,20.03,MORTGAGE,10+ years,1
10763,24575.0,11.99,60,B,debt_consolidation,55500.0,20.67,MORTGAGE,10+ years,0
11116,28000.0,14.85,36,C,debt_consolidation,83000.0,16.54,MORTGAGE,10+ years,1
787,35000.0,13.98,36,C,debt_consolidation,106000.0,17.34,MORTGAGE,< 1 year,0
10888,8000.0,17.27,36,D,debt_consolidation,48000.0,13.7,RENT,6 years,0
9257,22250.0,21.18,60,E,debt_consolidation,55700.0,34.58,MORTGAGE,10+ years,0
11182,21000.0,15.1,60,C,credit_card,95000.0,23.76,OWN,< 1 year,0
6111,4700.0,11.53,36,B,debt_consolidation,42000.0,24.86,OWN,5 years,0
8345,28000.0,7.89,60,A,debt_consolidation,80000.0,15.47,MORTGAGE,3 years,1
3629,6200.0,18.06,36,D,other,33600.0,29.32,RENT,2 years,0
4636,25000.0,9.75,36,B,debt_consolidation,99000.0,16.96,RENT,4 years,0
11001,28000.0,9.44,36,B,debt_consolidation,300000.0,17.77,RENT,5 years,0
3684,10000.0,16.99,60,D,debt_consolidation,46000.0,32.51,OWN,4 years,1
5412,18000.0,8.67,60,B,debt_consolidation,95000.0,9.54,MORTGAGE,2 years,0
3120,11750.0,16.99,36,D,debt_consolidation,31000.0,25.51,OWN,4 years,0
8908,20000.0,6.24,36,A,debt_consolidation,85000.0,21.53,RENT,< 1 year,0
7480,20000.0,6.99,36,A,debt_consolidation,122000.0,22.17,RENT,2 years,0
10855,22200.0,14.49,36,C,debt_consolidation,56000.0,13.18,MORTGAGE,2 years,0
1094,8000.0,12.99,60,C,home_improvement,35000.0,8.47,MORTGAGE,< 1 year,0
3586,16000.0,14.91,60,D,debt_consolidation,65500.0,16.27,RENT,6 years,0
796,11000.0,14.47,36,C,credit_card,62000.0,10.72,RENT,6 years,0
4875,13325.0,9.17,36,B,credit_card,29000.0,10.64,MORTGAGE,Unknown,0
6850,3600.0,11.49,36,B,major_purchase,35000.0,15.47,RENT,3 years,0
2940,15000.0,16.29,36,D,debt_consolidation,55000.0,28.86,MORTGAGE,10+ years,1
2267,15000.0,13.18,60,C,debt_consolidation,45000.0,26.61,MORTGAGE,9 years,0
7773,18000.0,7.9,36,A,debt_consolidation,70000.0,2.95,MORTGAGE,6 years,0
9638,15600.0,20.49,60,E,debt_consolidation,80000.0,19.2,RENT,10+ years,1
6792,18000.0,11.49,60,B,debt_consolidation,44500.0,6.69,MORTGAGE,10+ years,1
5398,9850.0,10.99,36,B,debt_consolidation,37000.0,26.89,RENT,2 years,0
9338,12900.0,18.99,60,E,debt_consolidation,36000.0,21.13,RENT,5 years,0
5397,2000.0,10.42,36,B,home_improvement,22000.0,25.75,MORTGAGE,10+ years,0
3303,21000.0,15.59,60,D,credit_card,77000.0,17.55,MORTGAGE,10+ years,0
1696,22250.0,14.99,60,C,debt_consolidation,93000.0,31.7,MORTGAGE,9 years,0
11168,6150.0,13.35,36,C,credit_card,42000.0,16.86,RENT,7 years,0
3083,16000.0,21.45,60,D,debt_consolidation,49812.0,12.53,RENT,< 1 year,0
2801,1000.0,15.99,36,C,major_purchase,60440.0,28.36,MORTGAGE,Unknown,0
2882,2500.0,15.61,36,D,debt_consolidation,25000.0,33.17,OWN,Unknown,1
8775,24000.0,7.89,36,A,credit_card,65000.0,14.72,RENT,7 years,0
9689,17350.0,22.15,60,E,debt_consolidation,99000.0,26.44,MORTGAGE,1 year,0
2601,7075.0,12.69,36,C,credit_card,100000.0,9.72,RENT,3 years,1
8025,24000.0,7.62,36,A,credit_card,60000.0,26.6,OWN,6 years,0
9781,34000.0,22.45,60,F,home_improvement,115000.0,22.46,MORTGAGE,10+ years,0
2485,19000.0,16.2,60,C,debt_consolidation,43000.0,20.29,RENT,Unknown,0
2360,15000.0,14.27,36,C,debt_consolidation,32000.0,15.3,RENT,5 years,0
6576,20000.0,11.55,36,B,debt_consolidation,130000.0,12.17,MORTGAGE,1 year,0
452,13200.0,13.06,60,C,debt_consolidation,32000.0,20.03,OWN,2 years,0
770,5825.0,15.1,36,C,debt_consolidation,25000.0,12.83,RENT,7 years,0
6875,12000.0,11.53,36,B,debt_consolidation,69000.0,14.66,RENT,7 years,0
4365,24000.0,10.99,60,B,credit_card,86100.0,17.99,MORTGAGE,4 years,1
5949,35000.0,9.17,60,B,credit_card,192500.0,24.96,MORTGAGE,10+ years,0
10341,12000.0,15.99,60,C,debt_consolidation,33000.0,4.33,MORTGAGE,2 years,0
3149,35000.0,16.99,60,D,debt_consolidation,78000.0,22.78,MORTGAGE,10+ years,0
11020,4000.0,11.49,36,B,credit_card,104000.0,28.91,MORTGAGE,4 years,0
1887,15000.0,16.02,60,C,debt_consolidation,54000.0,19.09,MORTGAGE,10+ years,0
1687,25000.0,14.33,36,C,credit_card,94000.0,27.06,MORTGAGE,8 years,0
7408,18000.0,7.26,36,A,debt_consolidation,82000.0,29.18,MORTGAGE,3 years,0
6772,5000.0,10.64,36,B,vacation,25000.0,4.73,OWN,2 years,0
7958,24000.0,8.9,36,A,debt_consolidation,110000.0,27.72,MORTGAGE,2 years,0
8077,20775.0,7.9,36,A,debt_consolidation,58000.0,16.3,MORTGAGE,3 years,0
5045,3600.0,9.75,36,B,debt_consolidation,63000.0,11.37,OWN,2 years,0
4453,35000.0,9.67,36,B,credit_card,96000.0,14.24,MORTGAGE,10+ years,0
10332,15000.0,16.2,60,C,debt_consolidation,45000.0,25.79,MORTGAGE,10+ years,0
3530,12000.0,22.35,60,D,credit_card,12312.0,14.81,OWN,Unknown,0
2500,9600.0,13.68,36,C,debt_consolidation,87000.0,14.0,RENT,6 years,1
1594,18000.0,14.65,60,C,credit_card,45000.0,36.03,OWN,Unknown,0
5756,8000.0,11.47,36,B,debt_consolidation,64500.0,7.16,MORTGAGE,1 year,0
2149,21600.0,12.74,60,C,debt_consolidation,113000.0,12.78,OWN,10+ years,0
8377,7000.0,7.49,36,A,debt_consolidation,102000.0,7.92,MORTGAGE,10+ years,0
10486,12800.0,28.18,60,G,debt_consolidation,32000.0,33.2,RENT,1 year,1
6613,7125.0,12.12,36,B,credit_card,23816.0,16.53,MORTGAGE,10+ years,0
3508,6400.0,20.31,36,D,home_improvement,115000.0,29.55,MORTGAGE,7 years,1
719,14000.0,15.8,60,C,debt_consolidation,72332.0,22.35,RENT,5 years,0
10396,2175.0,8.39,36,A,major_purchase,150000.0,10.46,MORTGAGE,10+ years,0
4086,10400.0,16.29,60,D,home_improvement,89000.0,13.79,MORTGAGE,10+ years,1
2578,9600.0,14.33,36,C,credit_card,80000.0,13.61,MORTGAGE,6 years,0
3820,5000.0,16.59,36,D,credit_card,30000.0,10.16,RENT,4 years,0
4343,12525.0,12.12,36,B,debt_consolidation,79300.0,34.3,RENT,10+ years,0
9220,10975.0,21.18,60,E,debt_consolidation,61000.0,24.87,RENT,10+ years,1
4188,10000.0,21.45,36,D,major_purchase,89000.0,27.8,RENT,10+ years,0
4,10000.0,16.24,36,C,debt_consolidation,29891.0,10.48,MORTGAGE,4 years,0
2470,5000.0,15.99,36,C,debt_consolidation,45000.0,15.97,RENT,2 years,0
8279,12000.0,7.62,36,A,home_improvement,124000.0,23.47,OWN,5 years,0
10282,10325.0,22.15,36,E,debt_consolidation,26000.0,25.95,RENT,3 years,1
8451,12000.0,6.49,36,A,credit_card,104887.0,12.28,MORTGAGE,3 years,0
6011,19025.0,10.15,36,B,debt_consolidation,66150.0,25.16,MORTGAGE,10+ years,0
1379,25000.0,14.99,36,C,debt_consolidation,75000.0,20.8,MORTGAGE,10+ years,0
5990,8000.0,9.49,36,B,debt_consolidation,100000.0,30.23,MORTGAGE,Unknown,1
3304,23750.0,18.99,60,D,debt_consolidation,58000.0,15.39,RENT,3 years,1
7091,10000.0,11.49,36,B,debt_consolidation,82000.0,24.59,MORTGAGE,10+ years,0
6934,12000.0,12.12,36,B,home_improvement,78000.0,10.97,MORTGAGE,4 years,0
2536,5375.0,15.31,36,C,debt_consolidation,60000.0,23.12,RENT,10+ years,0
9288,19100.0,21.48,36,E,debt_consolidation,46000.0,17.3,MORTGAGE,10+ years,0
10348,20000.0,24.99,60,E,credit_card,70000.0,22.87,MORTGAGE,9 years,1
3682,3000.0,21.45,36,D,moving,55000.0,19.94,RENT,1 year,1
10860,20000.0,17.09,36,D,other,85000.0,16.19,OWN,10+ years,0
6928,12000.0,11.47,36,B,credit_card,52000.0,7.1,MORTGAGE,5 years,0
11039,5000.0,12.79,36,C,debt_consolidation,75000.0,16.51,MORTGAGE,5 years,0
3922,25000.0,16.99,60,D,debt_consolidation,59000.0,36.79,RENT,1 year,0
2320,5600.0,17.1,36,C,debt_consolidation,110000.0,3.88,MORTGAGE,9 years,0
6888,15000.0,8.24,36,B,credit_card,86000.0,24.06,MORTGAGE,5 years,0
3,15000.0,14.99,36,C,debt_consolidation,80000.0,24.14,RENT,6 years,1
897,6000.0,15.8,36,C,vacation,98000.0,19.3,MORTGAGE,8 years,0
10511,32000.0,15.59,60,C,debt_consolidation,85000.0,16.07,RENT,10+ years,0
3993,3000.0,18.75,36,D,other,32000.0,16.39,MORTGAGE,7 years,0
10061,2800.0,9.43,36,B,credit_card,100000.0,20.23,RENT,2 years,0
7615,3000.0,7.07,36,A,credit_card,35000.0,4.12,RENT,3 years,0
4199,21950.0,17.57,36,D,debt_consolidation,52000.0,27.44,MORTGAGE,10+ years,0
5219,2500.0,11.49,36,B,medical,67000.0,20.53,RENT,6 years,0
8728,24000.0,7.89,36,A,credit_card,53692.2,38.8,OWN,10+ years,1
970,25000.0,14.99,60,C,debt_consolidation,50000.0,32.33,MORTGAGE,3 years,0
4996,8650.0,9.99,36,B,home_improvement,36000.0,1.33,OWN,5 years,0
9452,10800.0,18.55,36,E,debt_consolidation,30000.0,19.56,RENT,Unknown,0
10028,7000.0,12.74,36,C,debt_consolidation,60000.0,17.66,MORTGAGE,10+ years,0
2775,6000.0,13.98,36,C,debt_consolidation,90000.0,12.79,RENT,2 years,0
10461,1925.0,16.99,36,D,debt_consolidation,16000.0,18.53,RENT,< 1 year,0
5431,21000.0,10.65,36,B,other,53004.0,2.06,MORTGAGE,6 years,0
7290,6000.0,8.9,36,A,credit_card,70000.0,27.74,RENT,3 years,0
825,12000.0,12.99,60,C,credit_card,51000.0,31.04,RENT,< 1 year,0
4415,3000.0,8.18,36,B,major_purchase,41676.0,4.64,MORTGAGE,Unknown,0
8126,7000.0,7.91,36,A,credit_card,72000.0,8.0,MORTGAGE,Unknown,0
2785,9175.0,14.49,36,C,debt_consolidation,21000.0,34.99,RENT,8 years,1
749,7000.0,12.99,36,C,debt_consolidation,120000.0,10.37,MORTGAGE,10+ years,0
729,10000.0,16.78,60,C,debt_consolidation,33732.0,11.24,RENT,Unknown,0
2950,28000.0,17.76,36,D,debt_consolidation,250000.0,10.95,RENT,8 years,0
9140,30000.0,7.97,36,A,home_improvement,150000.0,16.55,MORTGAGE,10+ years,0
9674,14950.0,18.55,36,E,other,57200.0,1.73,RENT,< 1 year,0
5449,16500.0,10.49,36,B,credit_card,83000.0,28.31,MORTGAGE,10+ years,0
438,4900.0,13.49,36,C,debt_consolidation,82000.0,22.5,MORTGAGE,10+ years,1
273,20000.0,15.31,36,C,debt_consolidation,55000.0,25.64,MORTGAGE,9 years,1
5910,10000.0,10.99,36,B,debt_consolidation,56000.0,31.61,RENT,5 years,0
1744,20000.0,12.69,36,C,credit_card,200000.0,6.8,MORTGAGE,10+ years,0
5256,20000.0,9.8,36,B,debt_consolidation,100000.0,33.88,MORTGAGE,8 years,0
4025,14350.0,17.86,36,D,small_business,45000.0,12.19,MORTGAGE,10+ years,0
3323,22000.0,14.54,60,D,home_improvement,64992.0,4.17,MORTGAGE,10+ years,0
3971,26000.0,17.86,60,D,debt_consolidation,76000.0,27.63,MORTGAGE,10+ years,0
2855,35000.0,13.99,36,C,debt_consolidation,105000.0,20.43,MORTGAGE,< 1 year,0
4610,15000.0,9.67,36,B,debt_consolidation,43000.0,14.4,MORTGAGE,Unknown,0
3423,5000.0,15.61,36,D,small_business,40000.0,24.83,RENT,7 years,0
5659,20000.0,11.49,36,B,debt_consolidation,82000.0,19.1,MORTGAGE,10+ years,0
10345,35000.0,17.57,36,D,home_improvement,163000.0,8.28,MORTGAGE,10+ years,0
3037,20950.0,19.47,60,D,debt_consolidation,50000.0,19.87,MORTGAGE,6 years,1
6757,7000.0,10.36,36,B,debt_consolidation,47000.0,6.08,RENT,2 years,0
5822,8450.0,13.11,36,B,debt_consolidation,48000.0,8.4,MORTGAGE,9 years,0
9306,9075.0,19.19,36,E,debt_consolidation,30256.23,25.16,MORTGAGE,10+ years,0
1314,10000.0,12.62,36,C,credit_card,28000.0,6.69,RENT,< 1 year,0
3749,10000.0,19.47,36,D,major_purchase,43000.0,22.13,RENT,10+ years,1
4563,5400.0,8.39,36,B,debt_consolidation,115000.0,10.8,MORTGAGE,10+ years,0
7104,18000.0,12.99,60,B,credit_card,109000.0,34.24,RENT,2 years,0
8690,6000.0,7.74,36,A,home_improvement,80500.0,15.69,MORTGAGE,4 years,0
7761,8875.0,7.9,36,A,debt_consolidation,27000.0,10.53,OWN,5 years,0
2780,16750.0,14.65,36,C,debt_consolidation,40000.0,25.95,OWN,< 1 year,1
9796,34475.0,22.99,60,F,debt_consolidation,102318.0,29.03,MORTGAGE,7 years,0
5481,6000.0,11.06,36,B,debt_consolidation,100000.0,7.62,MORTGAGE,10+ years,0
9118,15000.0,7.99,36,A,debt_consolidation,75000.0,4.78,RENT,2 years,0
5364,15000.0,11.99,36,B,home_improvement,40000.0,22.08,MORTGAGE,10+ years,0
3663,32100.0,16.99,36,D,debt_consolidation,70000.0,32.38,MORTGAGE,2 years,0
4777,35000.0,10.42,60,B,debt_consolidation,43534.0,56.24,MORTGAGE,< 1 year,0
8003,9600.0,7.99,36,A,debt_consolidation,150000.0,14.61,MORTGAGE,10+ years,0
1030,13800.0,13.18,36,C,debt_consolidation,30000.0,15.44,OWN,4 years,0
9295,32000.0,21.15,60,E,home_improvement,600000.0,6.92,MORTGAGE,6 years,1
9043,25600.0,7.89,36,A,credit_card,140000.0,22.61,MORTGAGE,4 years,0
4567,11000.0,8.18,36,B,credit_card,35000.0,25.41,RENT,4 years,0
2822,21350.0,16.29,60,C,debt_consolidation,48000.0,25.38,MORTGAGE,Unknown,0
1704,16000.0,14.08,60,C,debt_consolidation,82000.0,20.81,MORTGAGE,6 years,0
1320,2700.0,16.01,36,C,other,35000.0,12.07,RENT,5 years,0
260,14000.0,15.05,60,C,debt_consolidation,79992.0,33.08,OWN,7 years,0
380,25000.0,13.99,60,C,debt_consolidation,115000.0,9.79,MORTGAGE,10+ years,1
7085,10000.0,8.24,36,B,debt_consolidation,62330.0,14.5,MORTGAGE,10+ years,0
8055,8000.0,7.99,36,A,debt_consolidation,90000.0,33.73,MORTGAGE,Unknown,1
9006,21000.0,7.9,36,A,debt_consolidation,350000.0,11.36,MORTGAGE,3 years,0
1993,20000.0,12.99,60,C,debt_consolidation,70000.0,18.05,RENT,10+ years,0
1590,9500.0,13.65,36,C,debt_consolidation,51000.0,24.28,RENT,10+ years,0
4103,21200.0,18.49,36,D,debt_consolidation,65000.0,18.59,MORTGAGE,7 years,0
3876,7000.0,19.03,36,D,debt_consolidation,33000.0,15.02,RENT,2 years,0
7994,18000.0,7.62,36,A,debt_consolidation,125000.0,28.6,MORTGAGE,10+ years,0
3118,35000.0,17.86,36,D,debt_consolidation,95000.0,25.87,RENT,10+ years,1
4392,16000.0,8.18,36,B,vacation,80000.0,9.62,RENT,3 years,0
278,22000.0,13.33,36,C,debt_consolidation,50000.0,18.79,MORTGAGE,2 years,0
4604,5750.0,11.99,36,B,credit_card,20000.0,14.59,RENT,1 year,1
10638,18500.0,14.46,36,C,debt_consolidation,120000.0,12.7,MORTGAGE,10+ years,0
9249,17500.0,21.49,60,E,debt_consolidation,64000.0,24.47,RENT,10+ years,0
5904,9000.0,9.17,36,B,credit_card,70000.0,3.81,MORTGAGE,10+ years,0
4949,2000.0,11.99,36,B,debt_consolidation,42000.0,4.46,RENT,2 years,1
3289,14375.0,15.61,60,D,debt_consolidation,36000.0,20.07,MORTGAGE,1 year,0
129,34625.0,15.99,36,C,debt_consolidation,42584.64,33.4,MORTGAGE,Unknown,1
3141,12000.0,15.61,60,D,credit_card,97532.0,32.81,MORTGAGE,Unknown,0
7331,15000.0,6.03,36,A,wedding,57500.0,0.96,MORTGAGE,< 1 year,0
6788,6250.0,9.99,36,B,debt_consolidation,41246.0,15.39,MORTGAGE,4 years,1
4691,2200.0,10.78,36,B,credit_card,44000.0,35.06,RENT,< 1 year,0
5260,8075.0,9.99,36,B,debt_consolidation,76000.0,18.63,MORTGAGE,6 years,0
6728,8000.0,12.73,36,B,debt_consolidation,70000.0,12.82,MORTGAGE,5 years,0
10736,11475.0,14.65,60,C,debt_consolidation,24960.0,18.75,RENT,10+ years,0
3306,9600.0,18.85,36,D,credit_card,42000.0,29.86,RENT,3 years,1
8781,10000.0,7.97,36,A,debt_consolidation,52209.0,16.64,OWN,10+ years,1
9684,10000.0,21.0,36,E,debt_consolidation,80000.0,27.03,RENT,3 years,1
1456,25000.0,13.99,36,C,debt_consolidation,114000.0,28.49,MORTGAGE,8 years,1
7900,20000.0,6.03,36,A,debt_consolidation,116000.0,5.15,MORTGAGE,10+ years,0
10006,35000.0,11.49,36,B,debt_consolidation,190000.0,19.15,MORTGAGE,10+ years,0
1199,10000.0,14.65,36,C,debt_consolidation,98300.0,27.38,OWN,4 years,0
11163,32000.0,15.59,60,C,debt_consolidation,145000.0,8.04,MORTGAGE,2 years,0
3135,4000.0,16.99,36,D,moving,120000.0,27.31,RENT,10+ years,0
8497,24000.0,8.9,36,A,home_improvement,68000.0,2.65,MORTGAGE,5 years,0
2376,5000.0,13.59,36,C,credit_card,62000.0,18.62,RENT,5 years,0
2064,21000.0,14.65,60,C,debt_consolidation,85000.0,15.37,RENT,4 years,0
8129,14000.0,8.39,36,A,debt_consolidation,108000.0,8.07,RENT,10+ years,0
1603,18825.0,14.99,36,C,debt_consolidation,43000.0,26.96,MORTGAGE,Unknown,1
8383,12000.0,7.89,36,A,debt_consolidation,75000.0,14.45,RENT,2 years,1
3566,22875.0,16.55,36,D,other,57241.0,11.74,MORTGAGE,10+ years,0
5829,10000.0,10.99,36,B,debt_consolidation,50000.0,10.73,RENT,10+ years,0
7232,8500.0,9.16,36,B,debt_consolidation,47484.0,10.59,RENT,2 years,0
4442,10000.0,9.8,60,B,debt_consolidation,50000.0,15.82,OWN,1 year,0
11089,6400.0,11.67,36,B,moving,33000.0,17.62,RENT,2 years,0
6068,19000.0,11.05,60,B,debt_consolidation,88000.0,7.04,MORTGAGE,9 years,0
641,18950.0,15.8,60,C,credit_card,53000.0,21.49,RENT,3 years,0
7088,3000.0,11.48,36,B,debt_consolidation,45000.0,16.83,MORTGAGE,10+ years,0
4469,11800.0,10.64,36,B,debt_consolidation,35325.0,5.74,RENT,7 years,0
8415,1200.0,8.94,36,A,major_purchase,24000.0,22.9,OWN,1 year,0
10334,5525.0,24.49,36,E,debt_consolidation,35000.0,27.64,RENT,10+ years,0
2998,5000.0,16.99,36,D,credit_card,30000.0,16.28,RENT,6 years,1
3935,5000.0,16.55,36,D,credit_card,55500.0,15.24,MORTGAGE,5 years,0
8026,23000.0,5.32,36,A,credit_card,101000.0,13.39,OWN,Unknown,0
3431,6000.0,20.31,36,D,other,70000.0,25.66,OWN,10+ years,0
448,20000.0,14.65,36,C,credit_card,150000.0,21.3,MORTGAGE,8 years,0
6206,3500.0,10.49,36,B,debt_consolidation,123000.0,13.68,RENT,6 years,0
9276,35000.0,18.54,60,E,debt_consolidation,74000.0,24.75,MORTGAGE,10+ years,0
9792,18350.0,22.99,60,F,debt_consolidation,51000.0,31.11,MORTGAGE,2 years,1
3344,20000.0,17.27,36,D,small_business,130000.0,30.08,MORTGAGE,3 years,0
2156,25000.0,12.99,60,C,major_purchase,75600.0,21.87,MORTGAGE,5 years,0
9391,9025.0,18.84,36,E,debt_consolidation,22633.69,36.11,MORTGAGE,6 years,1
895,10000.0,15.61,36,C,debt_consolidation,80000.0,11.07,MORTGAGE,5 years,0
11162,8400.0,14.33,36,C,debt_consolidation,75000.0,19.1,MORTGAGE,4 years,1
4790,28000.0,9.17,36,B,debt_consolidation,127000.0,28.92,MORTGAGE,10+ years,0
6202,3500.0,11.67,36,B,credit_card,53000.0,11.05,MORTGAGE,10+ years,0
5881,6000.0,11.53,36,B,credit_card,120000.0,13.27,RENT,1 year,1
10179,10000.0,14.65,60,C,credit_card,62000.0,10.07,MORTGAGE,9 years,0
3172,7500.0,22.35,36,D,debt_consolidation,60000.0,16.46,RENT,4 years,0
4706,14400.0,9.99,36,B,debt_consolidation,70000.0,20.45,MORTGAGE,5 years,0
11166,10000.0,10.99,36,B,debt_consolidation,39000.0,16.49,RENT,10+ years,0
9566,31200.0,24.85,36,E,credit_card,65000.0,25.04,RENT,10+ years,1
8325,20000.0,7.69,36,A,debt_consolidation,55000.0,20.8,RENT,7 years,0
2196,30000.0,12.99,60,C,credit_card,60210.0,11.01,MORTGAGE,10+ years,0
10162,7500.0,9.92,36,B,debt_consolidation,35000.0,6.41,RENT,< 1 year,0
412,10000.0,14.33,36,C,debt_consolidation,45253.0,17.05,MORTGAGE,9 years,0
10338,17600.0,8.39,36,A,debt_consolidation,77000.0,13.82,RENT,5 years,0
1084,10000.0,14.99,36,C,debt_consolidation,35000.0,34.57,RENT,7 years,1
9933,33575.0,25.57,60,F,home_improvement,80000.0,15.92,OWN,10+ years,1
9460,17400.0,19.99,60,E,debt_consolidation,62000.0,32.75,MORTGAGE,2 years,1
7469,5600.0,6.03,36,A,major_purchase,108000.0,1.13,MORTGAGE,10+ years,0
7623,7200.0,5.32,36,A,debt_consolidation,59000.0,13.07,OWN,10+ years,0
5550,22000.0,11.67,36,B,debt_consolidation,53640.0,11.79,RENT,7 years,1
479,15300.0,13.35,36,C,debt_consolidation,45000.0,16.0,OWN,< 1 year,1
2885,20000.0,19.03,36,D,debt_consolidation,82700.0,21.32,MORTGAGE,Unknown,0
4106,17650.0,17.57,36,D,debt_consolidation,70000.0,18.07,MORTGAGE,2 years,0
1995,18000.0,16.29,60,C,home_improvement,80000.0,2.63,MORTGAGE,10+ years,0
7047,28000.0,11.49,36,B,home_improvement,83536.0,31.17,MORTGAGE,Unknown,0
3182,20000.0,15.61,60,D,credit_card,55000.0,30.05,MORTGAGE,6 years,1
9605,10200.0,18.54,36,E,home_improvement,30000.0,17.16,OWN,1 year,0
3063,24000.0,20.39,60,D,credit_card,103000.0,23.52,MORTGAGE,4 years,0
2802,31000.0,13.99,60,C,debt_consolidation,62000.0,10.78,MORTGAGE,10+ years,0
1896,16000.0,14.99,60,C,credit_card,140000.0,12.94,MORTGAGE,10+ years,0
7700,25000.0,5.93,36,A,debt_consolidation,185000.0,2.96,RENT,3 years,0
7443,13150.0,8.9,36,A,credit_card,52713.0,22.7,MORTGAGE,5 years,0
2491,15600.0,14.3,60,C,credit_card,75000.0,9.96,RENT,1 year,1
1451,35000.0,12.99,60,C,debt_consolidation,168000.0,11.43,OWN,8 years,0
9036,20000.0,7.9,36,A,credit_card,100000.0,14.94,MORTGAGE,9 years,0
3973,35000.0,18.99,60,D,debt_consolidation,185000.0,19.76,RENT,10+ years,0
8041,16000.0,5.32,36,A,home_improvement,110000.0,18.04,MORTGAGE,8 years,0
10663,12350.0,19.99,36,E,debt_consolidation,34320.0,35.98,MORTGAGE,10+ years,1
1331,10000.0,15.1,36,C,other,50000.0,19.71,RENT,10+ years,0
3673,1200.0,20.0,36,D,major_purchase,85000.0,5.41,RENT,2 years,0
10561,12000.0,9.16,36,B,credit_card,145000.0,9.77,MORTGAGE,4 years,0
9808,3850.0,23.13,36,F,debt_consolidation,32000.0,22.47,MORTGAGE,< 1 year,1
6840,8000.0,12.49,36,B,debt_consolidation,61000.0,17.98,RENT,10+ years,1
3621,25000.0,19.03,60,D,debt_consolidation,78000.0,21.02,MORTGAGE,7 years,1
6022,5000.0,11.53,36,B,debt_consolidation,51960.0,5.75,MORTGAGE,Unknown,0
7919,6875.0,7.89,36,A,credit_card,20000.0,12.97,RENT,1 year,0
9521,21000.0,21.6,60,E,debt_consolidation,84000.0,16.87,MORTGAGE,10+ years,0
5387,10000.0,9.99,36,B,home_improvement,59000.0,6.06,MORTGAGE,8 years,0
6459,8000.0,8.99,36,B,debt_consolidation,82000.0,5.27,OWN,10+ years,0
3004,15675.0,15.61,60,D,debt_consolidation,49500.0,22.01,MORTGAGE,10+ years,0
147,25000.0,11.99,36,C,debt_consolidation,96500.0,8.2,RENT,2 years,0
3349,6500.0,15.61,36,D,other,48000.0,11.2,RENT,2 years,1
7892,6000.0,7.96,36,A,other,78000.0,6.46,RENT,10+ years,1
4687,30000.0,11.53,60,B,debt_consolidation,130000.0,17.48,MORTGAGE,Unknown,0
8290,20000.0,7.9,36,A,debt_consolidation,57000.0,19.22,MORTGAGE,10+ years,0
7804,7000.0,7.89,36,A,credit_card,28400.0,8.41,OWN,3 years,0
4393,20000.0,9.17,36,B,debt_consolidation,84000.0,16.19,RENT,2 years,0
5987,19000.0,13.11,36,B,debt_consolidation,50000.0,25.87,OWN,10+ years,0
9446,35000.0,19.24,60,E,major_purchase,140000.0,1.27,RENT,< 1 year,0
1524,10000.0,13.61,60,C,home_improvement,52000.0,7.98,MORTGAGE,10+ years,1
9450,24450.0,18.25,60,E,debt_consolidation,80000.0,30.14,MORTGAGE,3 years,0
4300,20000.0,16.99,60,D,debt_consolidation,59000.0,31.1,RENT,10+ years,0
4526,15000.0,9.67,36,B,major_purchase,210000.0,6.73,RENT,1 year,0
8869,16000.0,5.32,36,A,debt_consolidation,75000.0,16.48,RENT,< 1 year,0
4676,16000.0,11.44,36,B,debt_consolidation,200000.0,12.98,RENT,5 years,1
10023,10000.0,8.67,36,B,home_improvement,70000.0,33.45,MORTGAGE,Unknown,0
10489,20000.0,14.16,36,C,debt_consolidation,77000.0,15.77,RENT,10+ years,1
9755,19200.0,20.75,60,E,debt_consolidation,48000.0,29.8,RENT,< 1 year,0
5716,6500.0,12.49,36,B,credit_card,96000.0,7.54,MORTGAGE,10+ years,1
10957,10000.0,15.8,36,C,credit_card,40000.0,29.46,RENT,10+ years,0
227,11975.0,16.29,36,C,other,24000.0,16.85,RENT,4 years,1
7113,32000.0,11.99,60,B,major_purchase,50000.0,19.66,OWN,1 year,1
8706,10000.0,6.03,36,A,debt_consolidation,55000.0,7.4,RENT,< 1 year,0
6006,21600.0,12.12,36,B,debt_consolidation,145000.0,13.91,MORTGAGE,10+ years,0
4923,12000.0,9.75,36,B,credit_card,45000.0,6.19,RENT,1 year,1
10383,3200.0,7.62,36,A,debt_consolidation,52000.0,9.67,RENT,3 years,0
10966,12350.0,17.86,36,D,debt_consolidation,60000.0,20.78,RENT,2 years,1
8788,5200.0,7.69,36,A,credit_card,25000.0,28.66,RENT,3 years,0
9673,22625.0,19.99,60,E,credit_card,49208.0,30.54,MORTGAGE,10+ years,0
283,16000.0,16.02,36,C,debt_consolidation,41000.0,31.35,RENT,6 years,0
7264,18925.0,7.89,36,A,debt_consolidation,65000.0,28.17,MORTGAGE,1 year,0
7450,17000.0,6.49,36,A,credit_card,90000.0,9.89,MORTGAGE,2 years,0
859,4000.0,13.99,36,C,debt_consolidation,25000.0,6.0,RENT,< 1 year,0
1573,22800.0,14.65,36,C,debt_consolidation,78000.0,13.17,RENT,10+ years,1
9309,15000.0,19.99,60,E,debt_consolidation,51000.0,17.84,MORTGAGE,10+ years,0
9246,35000.0,21.67,60,E,debt_consolidation,75004.0,12.61,RENT,5 years,0
11169,15000.0,10.15,36,B,debt_consolidation,40000.0,24.96,RENT,< 1 year,1
5067,12000.0,9.17,36,B,credit_card,55000.0,15.86,MORTGAGE,10+ years,1
4521,8500.0,8.24,36,B,credit_card,200000.0,9.79,MORTGAGE,10+ years,1
6863,20000.0,11.99,36,B,debt_consolidation,74000.0,17.27,RENT,3 years,0
1719,21000.0,12.29,60,C,credit_card,74000.0,8.95,RENT,10+ years,0
7825,15000.0,8.19,36,A,credit_card,69000.0,31.34,RENT,10+ years,0
8259,25000.0,5.32,36,A,credit_card,285000.0,12.51,MORTGAGE,5 years,0
2372,31300.0,12.99,36,C,debt_consolidation,120000.0,21.84,MORTGAGE,10+ years,0
9624,10000.0,23.1,60,E,home_improvement,45000.0,5.33,OWN,5 years,0
1447,10500.0,13.98,36,C,debt_consolidation,68000.0,25.15,OWN,6 years,1
8873,24000.0,7.89,36,A,home_improvement,150000.0,16.58,OWN,2 years,0
4229,25000.0,15.65,36,D,small_business,65000.0,13.88,MORTGAGE,1 year,0
10697,2500.0,14.99,36,C,car,17990.0,28.62,OWN,1 year,0
7824,16000.0,6.24,36,A,debt_consolidation,90000.0,7.17,OWN,5 years,0
7976,16000.0,7.39,36,A,debt_consolidation,95000.0,21.21,MORTGAGE,10+ years,0
5856,15000.0,12.12,36,B,credit_card,88000.0,27.63,RENT,8 years,0
3370,4000.0,16.99,36,D,debt_consolidation,25000.0,15.46,OWN,Unknown,0
7180,10000.0,12.99,36,B,debt_consolidation,69000.0,30.28,MORTGAGE,6 years,0
7159,10000.0,10.99,36,B,debt_consolidation,35000.0,9.13,MORTGAGE,2 years,0
2208,10000.0,14.46,36,C,credit_card,74000.0,20.6,OWN,10+ years,0
4679,18000.0,13.67,36,B,debt_consolidation,60000.0,30.58,MORTGAGE,6 years,0
9495,10000.0,19.42,36,E,major_purchase,31000.0,13.94,RENT,3 years,1
8242,16000.0,7.26,36,A,debt_consolidation,75000.0,10.35,MORTGAGE,10+ years,0
924,7000.0,12.29,36,C,debt_consolidation,70000.0,28.82,MORTGAGE,3 years,0
1518,35000.0,13.98,36,C,debt_consolidation,165000.0,13.26,OWN,2 years,1
5167,20000.0,9.17,36,B,credit_card,98000.0,3.97,MORTGAGE,Unknown,1
10688,10000.0,13.33,36,C,debt_consolidation,52000.0,15.76,MORTGAGE,< 1 year,0
6155,7200.0,12.49,36,B,debt_consolidation,18000.0,16.99,RENT,2 years,0
6674,6000.0,11.44,36,B,home_improvement,70000.0,10.73,OWN,3 years,1
4801,40000.0,10.49,36,B,debt_consolidation,150000.0,16.02,MORTGAGE,5 years,1
3548,12000.0,15.61,36,D,credit_card,40500.0,14.99,RENT,4 years,0
6695,9500.0,14.09,36,B,home_improvement,36000.0,12.03,OWN,10+ years,0
1138,20000.0,15.05,36,C,debt_consolidation,40000.0,16.68,RENT,Unknown,1
8622,20000.0,5.32,36,A,debt_consolidation,106000.0,18.02,MORTGAGE,10+ years,0
1430,16375.0,15.99,60,C,debt_consolidation,175000.0,7.56,MORTGAGE,Unknown,0
5897,4175.0,8.99,36,B,credit_card,42000.0,20.26,RENT,3 years,0
4545,14000.0,11.53,36,B,other,90000.0,26.81,MORTGAGE,10+ years,0
3583,30225.0,17.14,60,D,debt_consolidation,84000.0,17.22,MORTGAGE,10+ years,1
10606,6000.0,7.35,36,A,credit_card,55000.0,10.23,RENT,2 years,0
8431,28000.0,6.24,36,A,credit_card,140000.0,11.56,OWN,10+ years,0
3888,5000.0,16.29,36,D,other,20000.0,33.07,RENT,10+ years,1
4664,10000.0,10.49,36,B,debt_consolidation,46500.0,8.88,RENT,4 years,0
5483,7800.0,8.24,36,B,credit_card,78000.0,15.92,MORTGAGE,6 years,0
3237,30000.0,18.99,60,D,debt_consolidation,160000.0,14.42,OWN,10+ years,0
8012,6000.0,5.32,36,A,credit_card,115000.0,16.35,MORTGAGE,< 1 year,0
8967,9500.0,8.49,36,A,major_purchase,47300.0,0.28,MORTGAGE,5 years,0
2232,2700.0,15.05,36,C,medical,21000.0,20.51,RENT,Unknown,1
6133,3600.0,10.75,36,B,debt_consolidation,115000.0,13.61,MORTGAGE,3 years,0
5520,20000.0,10.15,36,B,debt_consolidation,140000.0,13.37,RENT,7 years,0
1065,10800.0,14.31,60,C,home_improvement,46800.0,3.0,MORTGAGE,3 years,0
1017,7000.0,13.98,36,C,credit_card,80000.0,17.16,MORTGAGE,10+ years,0
4087,18525.0,16.99,36,D,debt_consolidation,46065.0,21.7,RENT,4 years,0
5680,22000.0,8.67,36,B,credit_card,62000.0,22.45,RENT,7 years,0
11059,16800.0,18.55,60,D,debt_consolidation,48000.0,23.83,RENT,5 years,0
9677,21000.0,19.42,60,E,debt_consolidation,42000.0,18.37,RENT,5 years,0
8744,5000.0,7.99,36,A,major_purchase,29000.0,30.3,OWN,Unknown,0
8558,30000.0,6.99,36,A,debt_consolidation,150000.0,18.98,MORTGAGE,10+ years,0
5170,5000.0,13.67,36,B,debt_consolidation,43000.0,12.86,RENT,1 year,0
9924,18950.0,27.79,60,F,credit_card,80000.0,12.9,RENT,10+ years,1
778,4200.0,13.59,36,C,credit_card,60000.0,20.54,RENT,6 years,0
7008,8000.0,8.24,36,B,home_improvement,90000.0,12.53,MORTGAGE,3 years,0
3287,10000.0,19.42,60,D,debt_consolidation,45000.0,23.04,RENT,10+ years,0
10973,12000.0,14.33,36,C,medical,49000.0,3.84,MORTGAGE,2 years,1
10709,12000.0,13.67,36,B,debt_consolidation,45000.0,19.04,RENT,10+ years,0
6806,27000.0,8.18,36,B,debt_consolidation,160000.0,21.32,MORTGAGE,1 year,0
5546,35000.0,11.47,36,B,debt_consolidation,165000.0,22.29,MORTGAGE,10+ years,1
7317,14000.0,8.9,36,A,debt_consolidation,60000.0,25.14,RENT,10+ years,0
3712,15000.0,18.25,36,D,credit_card,43000.0,20.79,RENT,5 years,0
2420,18000.0,12.29,36,C,debt_consolidation,62000.0,17.11,MORTGAGE,10+ years,0
1680,8000.0,14.07,36,C,credit_card,87000.0,18.48,OWN,4 years,0
4851,14400.0,10.16,36,B,debt_consolidation,58000.0,13.5,MORTGAGE,10+ years,0
6673,24000.0,8.39,36,B,other,90000.0,13.33,MORTGAGE,6 years,0
3036,3000.0,17.99,36,D,moving,150000.0,2.6,RENT,< 1 year,0
4799,12000.0,11.14,36,B,debt_consolidation,140000.0,13.56,MORTGAGE,10+ years,0
8641,22000.0,5.32,36,A,debt_consolidation,72000.0,9.88,MORTGAGE,Unknown,0
9474,10000.0,19.89,60,E,debt_consolidation,30000.0,20.68,RENT,1 year,0
1494,5600.0,12.79,36,C,debt_consolidation,27000.0,18.76,RENT,5 years,0
10920,15000.0,18.06,36,D,debt_consolidation,65000.0,22.91,MORTGAGE,10+ years,0
10261,9600.0,13.67,36,B,credit_card,35000.0,24.27,RENT,< 1 year,0
5376,5600.0,10.99,36,B,credit_card,55000.0,8.24,RENT,< 1 year,0
4812,4000.0,9.17,36,B,debt_consolidation,27000.0,13.92,RENT,3 years,0
6670,35000.0,11.44,60,B,debt_consolidation,79000.0,1.41,OWN,2 years,0
3340,16000.0,18.45,60,D,debt_consolidation,55000.0,20.05,RENT,2 years,1
9798,28000.0,23.13,60,F,debt_consolidation,100000.0,7.3,MORTGAGE,10+ years,0
3522,6000.0,18.45,36,D,debt_consolidation,48000.0,14.73,MORTGAGE,10+ years,0
1762,4000.0,12.74,36,C,debt_consolidation,30000.0,20.4,MORTGAGE,1 year,0
6895,20000.0,11.53,60,B,debt_consolidation,72000.0,14.63,RENT,2 years,0
11000,8825.0,12.59,36,C,other,26000.0,18.47,RENT,5 years,1
2939,12000.0,16.99,60,D,debt_consolidation,40000.0,18.3,RENT,3 years,0
10185,35000.0,17.86,36,D,debt_consolidation,112000.0,30.84,RENT,7 years,0
4805,12000.0,9.16,36,B,credit_card,86000.0,10.35,RENT,3 years,0
9581,25200.0,19.99,60,E,credit_card,60000.0,32.68,MORTGAGE,10+ years,1
6771,8000.0,8.49,36,B,credit_card,80000.0,20.75,MORTGAGE,10+ years,0
7671,12000.0,5.32,36,A,home_improvement,74000.0,20.32,MORTGAGE,10+ years,0
6642,4000.0,9.16,36,B,debt_consolidation,38000.0,29.15,RENT,10+ years,0
9589,15000.0,22.2,60,E,debt_consolidation,84000.0,12.71,MORTGAGE,5 years,0
370,20000.0,12.69,60,C,debt_consolidation,128000.0,12.93,MORTGAGE,5 years,1
6902,5000.0,11.44,36,B,credit_card,27000.0,19.87,RENT,8 years,0
1779,30000.0,13.67,60,C,debt_consolidation,100000.0,19.69,MORTGAGE,< 1 year,0
1962,1800.0,12.99,36,C,debt_consolidation,60000.0,10.22,OWN,< 1 year,0
2504,14000.0,12.29,36,C,credit_card,115000.0,9.77,MORTGAGE,10+ years,0
4163,5000.0,18.99,36,D,medical,40000.0,19.47,RENT,< 1 year,0
8823,8000.0,6.99,36,A,debt_consolidation,152000.0,26.44,MORTGAGE,10+ years,0
8522,24000.0,7.39,36,A,debt_consolidation,100000.0,21.76,RENT,4 years,0
9198,35000.0,18.55,60,E,credit_card,82800.0,19.52,RENT,< 1 year,1
52,15000.0,14.64,60,C,debt_consolidation,52000.0,18.79,MORTGAGE,2 years,0
3557,7200.0,18.55,36,D,small_business,35000.0,10.56,RENT,2 years,0
4361,5000.0,10.42,36,B,debt_consolidation,38000.0,31.52,MORTGAGE,9 years,0
5181,10000.0,9.16,36,B,debt_consolidation,75000.0,8.05,MORTGAGE,10+ years,0
7213,20000.0,11.67,36,B,credit_card,80000.0,6.18,MORTGAGE,3 years,1
856,3000.0,12.29,36,C,home_improvement,110000.0,11.77,OWN,10+ years,0
9090,12500.0,7.89,60,A,debt_consolidation,56000.0,17.1,MORTGAGE,10+ years,0
6764,6500.0,10.9,36,B,debt_consolidation,125000.0,7.01,MORTGAGE,10+ years,0
94,21000.0,16.29,60,C,car,184000.0,13.35,RENT,10+ years,0
6499,18000.0,11.44,36,B,debt_consolidation,98400.0,18.19,MORTGAGE,4 years,0
1078,10000.0,14.08,36,C,debt_consolidation,45000.0,8.24,RENT,4 years,0
9879,14000.0,23.5,60,F,debt_consolidation,72000.0,15.85,MORTGAGE,< 1 year,0
9374,20000.0,25.82,60,E,debt_consolidation,92000.0,17.16,MORTGAGE,10+ years,0
5686,8200.0,9.99,36,B,debt_consolidation,52000.0,11.6,RENT,< 1 year,0
8676,40000.0,5.32,36,A,house,200000.0,1.22,OWN,10+ years,0
10868,30000.0,12.29,36,C,home_improvement,200000.0,27.18,OWN,10+ years,0
5799,6000.0,13.53,36,B,car,55000.0,16.28,MORTGAGE,10+ years,0
5753,3000.0,9.75,36,B,major_purchase,13000.0,1.48,RENT,< 1 year,0
7278,20000.0,6.24,36,A,credit_card,102000.0,3.88,OWN,10+ years,0
1242,35000.0,12.74,36,C,debt_consolidation,250000.0,19.29,MORTGAGE,< 1 year,1
3974,25750.0,16.55,60,D,debt_consolidation,70000.0,22.68,RENT,1 year,1
3142,9025.0,16.99,36,D,credit_card,28400.0,38.25,RENT,3 years,0
987,26500.0,14.07,36,C,other,100000.0,6.06,OWN,2 years,0
3218,10600.0,16.99,36,D,debt_consolidation,46000.0,17.53,RENT,< 1 year,0
1937,23000.0,12.69,60,C,debt_consolidation,71000.0,23.28,RENT,2 years,1
2644,16000.0,14.46,60,C,credit_card,75000.0,28.56,MORTGAGE,6 years,0
4615,6625.0,12.49,36,B,debt_consolidation,130000.0,9.24,MORTGAGE,< 1 year,0
1452,35000.0,13.49,60,C,debt_consolidation,800000.0,5.41,MORTGAGE,2 years,0
6573,24000.0,13.53,36,B,debt_consolidation,135000.0,6.05,RENT,< 1 year,0
10771,24000.0,16.29,60,D,credit_card,48000.0,5.15,OWN,10+ years,1
8972,10800.0,8.19,36,A,credit_card,96000.0,16.89,RENT,5 years,1
3998,6000.0,20.0,36,D,other,45000.0,33.68,RENT,< 1 year,0
5634,15125.0,10.64,36,B,credit_card,42000.0,33.69,MORTGAGE,9 years,1
2932,35000.0,18.06,60,D,home_improvement,57000.0,13.92,MORTGAGE,10+ years,0
1,4000.0,13.99,36,C,home_improvement,67500.0,41.3,OWN,4 years,0
1746,7500.0,13.67,36,C,debt_consolidation,57000.0,23.98,MORTGAGE,4 years,0
8877,20000.0,8.9,36,A,debt_consolidation,85000.0,13.28,MORTGAGE,8 years,0
1472,5625.0,13.49,36,C,debt_consolidation,125000.0,32.48,MORTGAGE,10+ years,0
3250,22875.0,15.61,36,D,debt_consolidation,52000.0,29.37,MORTGAGE,< 1 year,1
8072,4000.0,7.07,36,A,home_improvement,150000.0,16.3,MORTGAGE,1 year,1
2385,24000.0,12.29,36,C,home_improvement,243522.0,29.31,MORTGAGE,7 years,0
2633,6400.0,13.18,36,C,credit_card,50000.0,30.1,MORTGAGE,9 years,0
7377,17475.0,8.9,60,A,debt_consolidation,88560.0,3.6,MORTGAGE,2 years,0
6627,8400.0,12.49,36,B,home_improvement,70000.0,6.81,MORTGAGE,7 years,0
8532,6000.0,6.49,36,A,major_purchase,46000.0,14.66,MORTGAGE,5 years,0
376,15000.0,14.27,60,C,debt_consolidation,95000.0,13.72,MORTGAGE,6 years,0
8951,8400.0,7.62,36,A,debt_consolidation,141000.0,11.0,MORTGAGE,10+ years,0
8685,10000.0,8.39,36,A,other,175000.0,8.12,RENT,2 years,0
6356,18000.0,12.99,36,B,credit_card,55000.0,17.45,MORTGAGE,2 years,0
7959,24000.0,7.89,36,A,home_improvement,92500.0,15.85,MORTGAGE,5 years,0
9646,11375.0,22.15,36,E,small_business,50000.0,35.12,MORTGAGE,3 years,0
5622,10000.0,9.99,36,B,credit_card,26000.0,25.21,OWN,6 years,0
9106,15000.0,5.32,36,A,credit_card,185000.0,4.83,RENT,10+ years,0
1959,10000.0,13.67,60,C,home_improvement,63000.0,14.95,MORTGAGE,3 years,0
2591,15000.0,15.96,36,C,credit_card,60000.0,19.52,OWN,10+ years,0
10387,7500.0,10.99,36,B,other,50000.0,12.03,RENT,4 years,0
1374,12000.0,13.68,36,C,debt_consolidation,120000.0,23.17,MORTGAGE,10+ years,1
9500,20000.0,19.99,60,E,debt_consolidation,48500.0,16.36,RENT,10+ years,1
8603,24000.0,6.49,36,A,other,75000.0,19.92,MORTGAGE,10+ years,1
1924,24925.0,15.1,36,C,debt_consolidation,82000.0,31.35,MORTGAGE,10+ years,0
8201,13200.0,7.49,36,A,car,125000.0,26.11,MORTGAGE,6 years,0
7578,14000.0,7.26,36,A,credit_card,367000.0,18.21,MORTGAGE,10+ years,0
9318,35000.0,21.48,60,E,debt_consolidation,102000.0,30.74,MORTGAGE,< 1 year,0
3653,20000.0,17.99,36,D,debt_consolidation,67000.0,28.64,MORTGAGE,7 years,1
1391,6000.0,12.99,36,C,debt_consolidation,60000.0,15.76,RENT,1 year,1
6003,16500.0,9.71,36,B,credit_card,45000.0,28.8,RENT,2 years,0
5019,14000.0,9.49,36,B,debt_consolidation,100000.0,15.41,MORTGAGE,9 years,0
1561,37025.0,11.99,36,C,debt_consolidation,116000.0,21.51,MORTGAGE,8 years,0
6109,5000.0,9.17,36,B,home_improvement,49000.0,19.1,RENT,10+ years,0
4180,35000.0,17.58,60,D,debt_consolidation,79000.0,21.95,RENT,10+ years,1
8103,35000.0,7.97,36,A,debt_consolidation,35035.0,112.44,MORTGAGE,< 1 year,0
6557,35000.0,9.99,36,B,credit_card,125000.0,19.39,RENT,10+ years,0
10703,15000.0,20.49,60,E,debt_consolidation,110000.0,26.17,MORTGAGE,10+ years,0
2612,4800.0,14.49,36,C,debt_consolidation,70500.0,23.45,RENT,7 years,0
7178,12000.0,10.99,36,B,credit_card,70000.0,14.2,OWN,4 years,0
4275,10000.0,17.77,36,D,credit_card,60000.0,29.12,RENT,4 years,0
1130,7800.0,13.99,36,C,debt_consolidation,23000.0,22.86,RENT,6 years,0
8884,15000.0,8.49,36,A,debt_consolidation,78000.0,16.51,MORTGAGE,4 years,0
7713,10000.0,7.35,36,A,debt_consolidation,90000.0,17.03,MORTGAGE,10+ years,0
7327,6000.0,5.32,36,A,credit_card,100000.0,4.97,MORTGAGE,3 years,0
9852,5500.0,23.43,36,F,moving,75000.0,24.74,RENT,10+ years,0
6712,12000.0,10.15,36,B,credit_card,50000.0,28.18,RENT,10+ years,0
4942,15000.0,12.35,36,B,debt_consolidation,70000.0,23.18,MORTGAGE,10+ years,1
9366,10200.0,20.2,36,E,debt_consolidation,30000.0,39.76,OWN,10+ years,0
5384,35000.0,11.67,36,B,debt_consolidation,145000.0,19.05,RENT,10+ years,1
4758,12000.0,14.09,36,B,credit_card,44000.0,18.16,RENT,2 years,0
6151,14000.0,12.12,36,B,credit_card,60000.0,17.56,RENT,8 years,0
9739,25000.0,18.99,60,E,house,150000.0,7.91,RENT,5 years,0
7860,16000.0,6.03,36,A,debt_consolidation,110000.0,12.93,MORTGAGE,5 years,0
8480,8000.0,6.72,36,A,debt_consolidation,52900.0,25.75,MORTGAGE,10+ years,0
5509,18000.0,10.99,60,B,credit_card,44000.0,25.8,MORTGAGE,2 years,1
9963,35000.0,30.99,60,G,debt_consolidation,84277.0,28.28,MORTGAGE,10+ years,1
4973,8000.0,14.09,36,B,debt_consolidation,53000.0,13.88,MORTGAGE,4 years,0
6723,24000.0,9.17,36,B,credit_card,65000.0,39.49,MORTGAGE,8 years,0
8917,8450.0,7.89,36,A,credit_card,96000.0,3.7,RENT,< 1 year,0
4829,3500.0,9.67,36,B,credit_card,17470.0,6.67,RENT,Unknown,1
5852,35000.0,8.24,36,B,credit_card,200000.0,15.78,MORTGAGE,1 year,0
5969,10000.0,8.24,36,B,debt_consolidation,100000.0,18.37,MORTGAGE,< 1 year,0
5081,12000.0,12.99,60,B,debt_consolidation,46000.0,23.25,MORTGAGE,< 1 year,0
8244,6000.0,8.39,36,A,car,79000.0,10.25,RENT,2 years,1
2922,3600.0,20.0,36,D,other,58000.0,33.6,MORTGAGE,< 1 year,0
2712,18225.0,14.33,60,C,debt_consolidation,47000.0,23.77,OWN,6 years,0
5532,7800.0,10.99,36,B,credit_card,40000.0,21.57,RENT,10+ years,0
7403,15000.0,6.49,36,A,debt_consolidation,117000.0,17.1,MORTGAGE,3 years,0
2910,12000.0,15.61,36,D,credit_card,45000.0,30.12,OWN,9 years,0
9601,12375.0,21.98,60,E,other,35500.0,20.08,MORTGAGE,1 year,1
2509,35000.0,12.59,60,C,home_improvement,165000.0,2.63,RENT,< 1 year,1
9516,5050.0,20.75,36,E,debt_consolidation,24000.0,21.0,MORTGAGE,Unknown,0
7409,7800.0,7.9,36,A,other,120000.0,10.2,MORTGAGE,6 years,0
9780,33000.0,25.57,60,F,major_purchase,150000.0,3.5,MORTGAGE,10+ years,0
909,20000.0,15.59,36,C,debt_consolidation,62500.0,32.35,OWN,4 years,1
8180,35000.0,7.89,36,A,debt_consolidation,160000.0,18.69,MORTGAGE,10+ years,1
158,14400.0,15.31,36,C,medical,48000.0,36.65,RENT,1 year,1
5947,9600.0,10.91,36,B,debt_consolidation,35000.0,20.68,OWN,Unknown,0
4727,30000.0,10.49,60,B,debt_consolidation,90000.0,21.96,MORTGAGE,8 years,0
9931,12650.0,21.99,60,F,debt_consolidation,68466.0,6.63,RENT,8 years,0
53,12000.0,13.59,36,C,credit_card,35360.0,22.66,RENT,1 year,0
3311,14500.0,15.57,36,D,debt_consolidation,48000.0,21.88,RENT,6 years,1
7381,1200.0,8.0,36,A,other,40000.0,7.26,OTHER,< 1 year,0
1750,26575.0,12.99,36,C,credit_card,57800.0,30.19,OWN,4 years,0
6220,15000.0,11.22,36,B,debt_consolidation,45000.0,16.75,MORTGAGE,9 years,0
6087,18000.0,9.8,36,B,debt_consolidation,78000.0,9.69,MORTGAGE,10+ years,0
6262,16000.0,10.99,60,B,debt_consolidation,42000.0,30.06,RENT,10+ years,0
6976,9500.0,12.99,36,B,debt_consolidation,105000.0,16.42,RENT,Unknown,0
144,30000.0,14.98,36,C,debt_consolidation,120000.0,16.19,MORTGAGE,10+ years,0
4955,8000.0,8.49,36,B,debt_consolidation,100000.0,7.91,RENT,3 years,0
2727,20000.0,15.05,60,C,home_improvement,51640.0,23.73,MORTGAGE,1 year,0
3362,6000.0,16.29,36,D,debt_consolidation,28000.0,10.24,MORTGAGE,1 year,0
7679,16000.0,7.35,36,A,debt_consolidation,68000.0,9.67,RENT,6 years,0
544,10000.0,11.99,36,C,debt_consolidation,64500.0,21.75,MORTGAGE,4 years,0
10184,10000.0,7.89,36,A,credit_card,48000.0,17.45,RENT,10+ years,1
3055,28000.0,16.59,60,D,debt_consolidation,60000.0,18.72,RENT,10+ years,0
4183,6400.0,20.0,36,D,debt_consolidation,40000.0,13.47,RENT,10+ years,0
6632,8000.0,9.99,36,B,debt_consolidation,32000.0,7.95,RENT,10+ years,0
6199,7500.0,9.99,36,B,credit_card,77500.0,26.28,RENT,3 years,0
9084,8000.0,6.24,36,A,credit_card,50000.0,25.28,RENT,10+ years,0
4690,25000.0,8.39,60,B,debt_consolidation,74000.0,29.94,MORTGAGE,6 years,1
1143,22000.0,14.85,36,C,credit_card,90000.0,15.69,RENT,3 years,0
2407,3050.0,12.29,36,C,credit_card,50433.0,22.37,RENT,8 years,0
8029,10000.0,6.49,36,A,home_improvement,160000.0,9.53,RENT,10+ years,0
9250,21850.0,18.79,60,E,credit_card,52800.0,20.32,RENT,4 years,0
262,14400.0,12.62,36,C,credit_card,75000.0,17.06,MORTGAGE,< 1 year,0
10011,18875.0,23.43,60,F,debt_consolidation,45000.0,19.04,RENT,Unknown,0
8636,9000.0,8.9,36,A,debt_consolidation,52000.0,13.54,MORTGAGE,10+ years,0
514,25600.0,14.65,36,C,debt_consolidation,60000.0,16.86,MORTGAGE,6 years,0
3504,32750.0,16.99,60,D,debt_consolidation,68250.0,23.93,OWN,7 years,1
6558,9100.0,11.47,36,B,home_improvement,120000.0,6.36,MORTGAGE,8 years,0
2904,11000.0,15.59,60,D,debt_consolidation,25000.0,18.34,MORTGAGE,10+ years,1
6173,18000.0,9.99,60,B,debt_consolidation,80000.0,9.48,MORTGAGE,10+ years,1
6045,18000.0,12.12,36,B,credit_card,54000.0,11.4,OWN,10+ years,0
9811,5750.0,22.99,36,F,house,60000.0,17.54,RENT,10+ years,0
9870,20000.0,20.89,60,F,debt_consolidation,90000.0,16.23,MORTGAGE,10+ years,1
9056,10200.0,5.32,36,A,credit_card,95000.0,12.84,MORTGAGE,10+ years,0
993,25000.0,16.2,60,C,debt_consolidation,72000.0,11.97,MORTGAGE,6 years,0
5820,11000.0,12.12,36,B,debt_consolidation,56000.0,11.79,RENT,5 years,0
4217,1550.0,15.61,36,D,debt_consolidation,33000.0,27.71,MORTGAGE,10+ years,1
2825,9000.0,13.99,36,C,home_improvement,48000.0,23.6,MORTGAGE,3 years,0
1383,12300.0,15.88,36,C,home_improvement,68500.0,17.58,RENT,10+ years,0
3285,17200.0,18.49,36,D,debt_consolidation,41000.0,29.02,RENT,Unknown,1
3363,15825.0,17.57,36,D,debt_consolidation,44000.0,30.52,RENT,5 years,0
4007,10000.0,17.99,60,D,debt_consolidation,45600.0,19.84,MORTGAGE,Unknown,1
5855,14000.0,13.11,36,B,other,150000.0,7.01,MORTGAGE,10+ years,0
5403,2800.0,8.99,36,B,home_improvement,55000.0,16.39,RENT,10+ years,0
478,6000.0,14.07,36,C,credit_card,60000.0,33.9,RENT,1 year,0
4396,10000.0,9.17,36,B,debt_consolidation,58000.0,25.12,RENT,< 1 year,1
9051,12650.0,7.12,36,A,debt_consolidation,35000.0,15.88,RENT,10+ years,0
4482,16000.0,8.39,36,B,debt_consolidation,42186.0,28.39,OWN,10+ years,0
4959,18000.0,12.49,36,B,debt_consolidation,84000.0,19.76,RENT,10+ years,0
9445,5900.0,21.18,36,E,debt_consolidation,75000.0,4.38,RENT,< 1 year,1
989,30000.0,13.49,36,C,debt_consolidation,70000.0,10.23,MORTGAGE,10+ years,0
9126,16000.0,7.62,36,A,debt_consolidation,200000.0,7.84,MORTGAGE,3 years,0
8597,10000.0,7.89,36,A,major_purchase,100000.0,22.8,MORTGAGE,< 1 year,0
2043,40000.0,14.08,60,C,debt_consolidation,119000.0,20.48,MORTGAGE,4 years,0
6975,18000.0,9.17,36,B,debt_consolidation,110000.0,14.96,MORTGAGE,8 years,0
4867,10000.0,8.49,36,B,debt_consolidation,48048.0,18.08,RENT,2 years,1
7301,19500.0,7.62,36,A,credit_card,111867.37,24.06,MORTGAGE,8 years,0
3196,19000.0,19.05,60,D,debt_consolidation,60000.0,19.96,RENT,1 year,0
3226,21000.0,15.61,36,D,home_improvement,49000.0,5.09,OWN,1 year,0
2799,12700.0,12.99,60,C,debt_consolidation,70674.0,8.49,RENT,9 years,1
4716,16200.0,13.11,60,B,debt_consolidation,42000.0,18.17,MORTGAGE,8 years,1
1697,18250.0,14.98,60,C,debt_consolidation,41000.0,4.98,MORTGAGE,< 1 year,0
5475,18000.0,9.17,36,B,debt_consolidation,70000.0,20.59,RENT,1 year,0
10788,8000.0,20.2,36,D,debt_consolidation,65000.0,21.62,RENT,4 years,1
3383,6725.0,17.09,36,D,major_purchase,28000.0,0.96,MORTGAGE,Unknown,0
3436,16800.0,16.99,60,D,credit_card,122000.0,21.77,MORTGAGE,< 1 year,1
8581,11000.0,5.42,36,A,credit_card,42000.0,9.74,MORTGAGE,10+ years,0
6829,8000.0,11.99,36,B,credit_card,27000.0,16.62,OWN,3 years,0
10990,11000.0,5.32,36,A,debt_consolidation,50000.0,8.83,RENT,1 year,0
457,8500.0,17.27,36,C,debt_consolidation,60500.0,14.58,MORTGAGE,9 years,1
3475,24000.0,17.57,36,D,credit_card,80000.0,32.52,RENT,4 years,0
11032,15000.0,23.99,60,E,debt_consolidation,90000.0,18.77,RENT,4 years,0
5956,2400.0,12.69,36,B,debt_consolidation,45000.0,20.05,MORTGAGE,10+ years,0
6516,8000.0,10.99,36,B,debt_consolidation,60000.0,25.82,RENT,< 1 year,1
8217,24000.0,5.32,36,A,home_improvement,250000.0,8.64,MORTGAGE,10+ years,0
2056,16000.0,12.74,60,C,debt_consolidation,118000.0,20.86,MORTGAGE,8 years,0
4475,5000.0,8.39,36,B,debt_consolidation,48441.0,18.14,MORTGAGE,Unknown,0
10204,12150.0,16.49,36,D,debt_consolidation,65000.0,11.82,RENT,3 years,1
8143,18000.0,6.03,36,A,debt_consolidation,85000.0,17.98,RENT,8 years,0
7033,9525.0,11.99,36,B,debt_consolidation,65000.0,2.68,RENT,2 years,0
155,16000.0,11.99,36,C,credit_card,80000.0,30.91,OWN,10+ years,0
2487,1200.0,13.99,36,C,medical,44500.0,20.98,RENT,6 years,1
3345,4725.0,19.47,36,D,debt_consolidation,30000.0,25.88,RENT,< 1 year,1
9888,32950.0,23.43,60,F,other,121000.0,20.68,RENT,6 years,1
1965,18000.0,13.99,60,C,debt_consolidation,90000.0,4.63,MORTGAGE,< 1 year,1
7165,3000.0,10.75,36,B,debt_consolidation,55000.0,26.23,MORTGAGE,9 years,0
5465,30000.0,10.99,36,B,debt_consolidation,205000.0,13.64,MORTGAGE,5 years,0
4592,6400.0,10.49,36,B,credit_card,54000.0,14.44,MORTGAGE,Unknown,0
7893,17050.0,7.62,36,A,other,90000.0,3.39,MORTGAGE,10+ years,0
1777,20500.0,14.46,36,C,credit_card,44604.55,28.63,MORTGAGE,Unknown,0
2331,8000.0,11.99,36,C,debt_consolidation,78865.44,16.51,MORTGAGE,10+ years,0
4745,28000.0,12.99,36,B,debt_consolidation,83000.0,17.93,MORTGAGE,3 years,1
2905,30000.0,17.86,60,D,debt_consolidation,110500.0,6.73,MORTGAGE,8 years,0
191,5600.0,13.49,36,C,credit_card,120000.0,7.87,MORTGAGE,10+ years,0
2809,2425.0,11.99,36,C,small_business,30000.0,6.6,RENT,2 years,0
236,18000.0,14.31,36,C,debt_consolidation,54000.0,19.69,RENT,2 years,1
2301,21300.0,12.88,36,C,debt_consolidation,65000.0,31.65,OWN,10+ years,0
6692,6000.0,10.75,36,B,debt_consolidation,41000.0,24.94,OWN,10+ years,1
10324,7000.0,12.99,36,C,credit_card,34000.0,20.23,RENT,7 years,0
3270,4475.0,18.24,36,D,debt_consolidation,12500.0,15.08,MORTGAGE,4 years,0
9000,8400.0,8.19,36,A,debt_consolidation,41000.0,17.92,RENT,3 years,0
3307,2000.0,15.61,36,D,major_purchase,59050.0,12.83,RENT,2 years,0
9710,23500.0,18.55,60,E,debt_consolidation,75000.0,22.65,RENT,1 year,0
7417,7000.0,7.07,36,A,credit_card,54000.0,17.16,RENT,4 years,0
8642,6325.0,7.62,36,A,debt_consolidation,30000.0,23.4,MORTGAGE,3 years,0
8545,24000.0,7.12,36,A,debt_consolidation,134100.0,15.94,MORTGAGE,8 years,0
9996,24000.0,21.27,60,G,debt_consolidation,80000.0,21.51,OWN,8 years,0
1870,25000.0,13.33,60,C,debt_consolidation,78000.0,24.82,MORTGAGE,10+ years,1
5973,35000.0,9.49,36,B,home_improvement,330000.0,4.4,MORTGAGE,8 years,0
4642,10000.0,13.11,36,B,debt_consolidation,100000.0,19.69,RENT,10+ years,1
6713,10000.0,9.16,36,B,credit_card,50000.0,13.78,OWN,9 years,0
253,7200.0,14.49,36,C,credit_card,19000.0,26.72,RENT,Unknown,0
4759,8000.0,11.99,36,B,debt_consolidation,70000.0,8.18,MORTGAGE,10+ years,0
4675,12000.0,8.18,36,B,debt_consolidation,70000.0,4.42,MORTGAGE,8 years,0
10636,13000.0,11.99,36,B,credit_card,57860.0,26.76,RENT,3 years,0
8566,9000.0,7.99,36,A,debt_consolidation,59100.0,17.12,RENT,4 years,0
9511,14375.0,20.2,36,E,debt_consolidation,36000.0,16.75,RENT,< 1 year,0
919,30000.0,13.67,36,C,debt_consolidation,130000.0,19.39,OWN,4 years,0
5492,9450.0,14.09,36,B,debt_consolidation,51000.0,20.21,MORTGAGE,3 years,0
7095,20000.0,9.75,36,B,debt_consolidation,61000.0,9.25,OWN,7 years,0
4841,21000.0,11.39,36,B,debt_consolidation,82500.0,5.97,MORTGAGE,10+ years,0
5248,14300.0,11.49,60,B,small_business,72000.0,8.63,MORTGAGE,3 years,0
7908,5000.0,6.49,36,A,home_improvement,38000.0,20.5,MORTGAGE,9 years,0
858,15000.0,13.67,60,C,debt_consolidation,85000.0,5.03,RENT,10+ years,0
9247,30000.0,22.74,60,E,debt_consolidation,100000.0,19.91,MORTGAGE,10+ years,0
9348,18000.0,22.4,36,E,other,152000.0,12.58,MORTGAGE,5 years,0
5681,16000.0,10.99,36,B,credit_card,70000.0,19.99,MORTGAGE,10+ years,0
6803,8000.0,10.75,36,B,debt_consolidation,32000.0,25.06,MORTGAGE,10+ years,0
7040,18000.0,11.67,60,B,debt_consolidation,90000.0,8.69,MORTGAGE,2 years,0
2627,3500.0,13.18,36,C,other,126000.0,16.76,MORTGAGE,1 year,0
1186,9000.0,12.99,60,C,credit_card,55598.0,18.09,MORTGAGE,7 years,0
8737,16000.0,6.49,36,A,debt_consolidation,70000.0,13.96,RENT,3 years,0
3866,16750.0,15.99,36,D,debt_consolidation,40000.0,19.71,RENT,10+ years,0
5769,7500.0,10.75,36,B,credit_card,65000.0,4.82,MORTGAGE,10+ years,1
2246,30000.0,14.49,60,C,home_improvement,80000.0,20.22,OWN,4 years,0
9161,6500.0,21.97,36,E,debt_consolidation,23000.0,37.21,RENT,< 1 year,1
10674,12000.0,17.86,60,D,debt_consolidation,50000.0,45.78,OWN,1 year,0
1370,16000.0,13.59,36,C,credit_card,105000.0,21.06,MORTGAGE,1 year,0
7766,10000.0,7.26,36,A,debt_consolidation,160000.0,8.64,RENT,3 years,0
319,15000.0,14.33,36,C,debt_consolidation,66500.0,31.14,MORTGAGE,6 years,0
1441,10000.0,13.49,36,C,major_purchase,30000.0,25.4,MORTGAGE,2 years,1
1503,9550.0,14.33,36,C,debt_consolidation,60000.0,5.08,RENT,6 years,0
10639,15000.0,10.99,36,B,house,75000.0,8.55,RENT,< 1 year,0
1848,2400.0,13.33,36,C,other,25920.0,14.63,RENT,2 years,0
3642,24500.0,18.25,60,D,small_business,49000.0,14.06,RENT,3 years,0
6828,15000.0,9.93,36,B,credit_card,65000.0,9.58,RENT,1 year,1
8205,10400.0,7.89,36,A,credit_card,56489.86,22.85,MORTGAGE,10+ years,0
8857,12950.0,6.62,36,A,credit_card,128000.0,11.27,MORTGAGE,8 years,0
6143,14000.0,8.18,36,B,credit_card,225000.0,7.83,MORTGAGE,6 years,0
8065,15000.0,7.9,36,A,credit_card,120000.0,17.01,MORTGAGE,3 years,0
10140,4750.0,18.49,36,D,debt_consolidation,50000.0,23.14,MORTGAGE,4 years,0
9732,20000.0,26.3,60,E,debt_consolidation,60000.0,21.42,MORTGAGE,2 years,1
8841,22000.0,7.69,36,A,debt_consolidation,110000.0,16.51,MORTGAGE,2 years,0
8221,15000.0,7.49,36,A,credit_card,160000.0,8.58,MORTGAGE,4 years,0
861,8000.0,14.99,36,C,debt_consolidation,62000.0,25.55,RENT,10+ years,0
7132,18500.0,13.11,36,B,credit_card,85000.0,27.74,RENT,7 years,0
634,30000.0,12.74,36,C,debt_consolidation,58000.0,29.27,RENT,3 years,0
9383,24000.0,19.19,60,E,credit_card,86500.0,13.12,RENT,1 year,1
3628,30650.0,21.49,36,D,credit_card,80000.0,20.96,MORTGAGE,3 years,1
2223,15000.0,13.49,36,C,debt_consolidation,72000.0,12.22,MORTGAGE,10+ years,0
6309,20000.0,9.76,36,B,credit_card,60000.0,20.72,RENT,2 years,0
78,9000.0,14.3,36,C,debt_consolidation,41000.0,18.03,MORTGAGE,Unknown,0
8662,10000.0,7.07,36,A,debt_consolidation,145000.0,15.41,MORTGAGE,3 years,0
11069,10000.0,16.59,60,D,debt_consolidation,175000.0,7.83,RENT,10+ years,0
9844,24925.0,25.28,60,F,moving,165000.0,25.06,RENT,8 years,1
4568,24000.0,11.47,36,B,other,140000.0,23.2,MORTGAGE,6 years,0
6177,19500.0,9.99,36,B,credit_card,225000.0,24.03,OWN,3 years,0
9176,7475.0,18.99,36,E,debt_consolidation,65000.0,29.28,MORTGAGE,5 years,1
6821,8400.0,8.39,36,B,debt_consolidation,38000.0,32.88,RENT,Unknown,0
342,18000.0,13.99,36,C,debt_consolidation,57833.0,25.3,MORTGAGE,10+ years,0
2559,30000.0,14.52,60,C,credit_card,130000.0,33.47,RENT,5 years,0
9017,13900.0,6.03,36,A,credit_card,85000.0,8.85,MORTGAGE,10+ years,0
4210,29700.0,19.22,36,D,debt_consolidation,133000.0,12.99,RENT,10+ years,0
6903,7000.0,8.38,36,B,debt_consolidation,147000.0,15.83,MORTGAGE,10+ years,0
8692,28000.0,7.39,60,A,debt_consolidation,93720.0,19.77,MORTGAGE,Unknown,0
4425,20000.0,11.49,36,B,debt_consolidation,67000.0,18.84,MORTGAGE,10+ years,0
5075,10000.0,9.91,36,B,credit_card,50000.0,9.1,RENT,3 years,0
8605,30000.0,7.59,36,A,home_improvement,200000.0,1.68,OWN,10+ years,0
3610,15000.0,19.92,36,D,debt_consolidation,67800.0,35.59,RENT,10+ years,0
7962,15000.0,6.49,36,A,home_improvement,120000.0,11.83,MORTGAGE,1 year,0
7519,16000.0,8.9,36,A,debt_consolidation,84000.0,29.91,RENT,4 years,0
10738,24000.0,30.74,60,F,debt_consolidation,61650.0,32.96,MORTGAGE,10+ years,1
9267,15000.0,23.87,60,E,debt_consolidation,55000.0,22.98,MORTGAGE,4 years,0
3092,12000.0,15.61,60,D,credit_card,32500.0,10.49,MORTGAGE,7 years,0
3233,5000.0,17.57,36,D,debt_consolidation,60000.0,5.8,MORTGAGE,1 year,0
9299,10000.0,20.2,60,E,other,111300.0,4.68,RENT,< 1 year,0
1485,7000.0,15.61,36,C,house,52000.0,13.02,MORTGAGE,1 year,1
5203,3000.0,8.18,36,B,credit_card,13000.0,12.83,OWN,3 years,0
3352,35000.0,17.56,60,D,debt_consolidation,100000.0,20.62,MORTGAGE,10+ years,0
10342,28800.0,6.89,36,A,credit_card,60000.0,31.88,MORTGAGE,Unknown,0
2588,14400.0,14.99,60,C,debt_consolidation,81000.0,19.96,MORTGAGE,7 years,0
3995,2400.0,18.25,36,D,debt_consolidation,30000.0,2.28,MORTGAGE,4 years,1
7029,14575.0,12.12,36,B,debt_consolidation,49500.0,24.27,MORTGAGE,10+ years,0
10525,19200.0,9.16,60,B,home_improvement,42000.0,7.43,MORTGAGE,4 years,0
6729,8800.0,9.17,36,B,debt_consolidation,60000.0,15.96,RENT,6 years,0
6150,14000.0,11.14,36,B,debt_consolidation,67490.0,21.73,RENT,10+ years,0
9091,24000.0,7.12,36,A,credit_card,90000.0,13.17,OWN,10+ years,0
2697,11500.0,15.61,36,C,credit_card,31600.0,25.49,RENT,Unknown,0
521,24000.0,14.52,36,C,debt_consolidation,41000.0,29.22,MORTGAGE,10+ years,0
3115,4000.0,18.24,36,D,debt_consolidation,52000.0,3.08,RENT,2 years,1
10026,10000.0,9.67,36,B,credit_card,28800.0,11.04,MORTGAGE,< 1 year,0
4313,15000.0,9.99,60,B,debt_consolidation,79200.0,12.32,MORTGAGE,10+ years,0
9455,22175.0,19.99,36,E,debt_consolidation,52800.0,33.64,MORTGAGE,Unknown,0
10550,7000.0,17.27,36,D,debt_consolidation,129393.36,25.6,RENT,10+ years,0
9748,29325.0,19.52,60,E,debt_consolidation,70000.0,23.76,MORTGAGE,2 years,1
10710,10000.0,17.86,36,D,debt_consolidation,45000.0,18.64,RENT,10+ years,1
10108,35000.0,13.33,60,C,debt_consolidation,87000.0,24.87,RENT,1 year,0
7371,19000.0,8.9,36,A,credit_card,142000.0,14.48,RENT,5 years,0
653,7000.0,14.03,36,C,debt_consolidation,63000.0,11.49,RENT,8 years,1
306,5600.0,13.65,36,C,debt_consolidation,40000.0,28.86,RENT,4 years,0
10390,11100.0,14.98,60,C,debt_consolidation,85000.0,15.56,MORTGAGE,3 years,0
5410,35000.0,11.22,36,B,debt_consolidation,95000.0,35.38,MORTGAGE,10+ years,0
4523,3000.0,8.99,36,B,credit_card,80000.0,19.32,RENT,10+ years,0
3913,24000.0,17.57,60,D,debt_consolidation,131000.0,15.88,RENT,8 years,0
10802,18850.0,16.99,36,D,debt_consolidation,75000.0,10.58,RENT,10+ years,0
11183,31300.0,15.88,60,C,debt_consolidation,70000.0,17.84,RENT,10+ years,0
9990,20000.0,30.79,36,G,other,95000.0,22.33,MORTGAGE,10+ years,0
2310,19200.0,16.02,36,C,credit_card,175000.0,9.94,RENT,10+ years,1
4926,12000.0,9.99,36,B,debt_consolidation,42000.0,18.63,RENT,3 years,0
1799,12000.0,12.74,60,C,debt_consolidation,71355.0,12.9,MORTGAGE,6 years,0
1212,7800.0,13.49,36,C,debt_consolidation,47000.0,11.59,MORTGAGE,4 years,0
5427,5000.0,9.99,36,B,debt_consolidation,45000.0,33.52,RENT,7 years,0
9231,20300.0,18.99,60,E,debt_consolidation,60000.0,26.42,MORTGAGE,10+ years,1
10616,18000.0,8.9,36,A,credit_card,80000.0,9.92,RENT,1 year,0
10192,21000.0,9.17,36,B,debt_consolidation,225000.0,15.55,RENT,10+ years,0
5189,7000.0,12.49,36,B,debt_consolidation,170000.0,16.22,MORTGAGE,10+ years,1
5746,11900.0,9.17,60,B,debt_consolidation,100000.0,12.69,MORTGAGE,10+ years,0
10130,4000.0,12.79,36,C,other,50000.0,19.14,RENT,6 years,0
6470,10000.0,11.49,36,B,debt_consolidation,33000.0,19.6,RENT,Unknown,0
11004,15000.0,13.11,36,B,credit_card,53000.0,19.81,MORTGAGE,4 years,0
10961,12000.0,14.99,60,C,debt_consolidation,40000.0,17.77,RENT,3 years,0
8668,35000.0,6.89,36,A,debt_consolidation,135000.0,10.02,MORTGAGE,< 1 year,0
1759,5100.0,14.65,36,C,home_improvement,59000.0,21.75,MORTGAGE,10+ years,0
5655,15000.0,10.42,36,B,credit_card,42000.0,23.37,RENT,3 years,0
6812,5000.0,11.53,36,B,credit_card,26000.0,28.49,RENT,5 years,0
1878,1500.0,14.46,36,C,home_improvement,110000.0,31.21,MORTGAGE,4 years,0
10874,20000.0,17.99,60,D,credit_card,54600.0,14.2,RENT,2 years,0
5145,3500.0,11.39,36,B,moving,34000.0,19.48,RENT,7 years,0
9762,11500.0,24.99,60,F,debt_consolidation,80000.0,25.16,RENT,10+ years,1
5932,10000.0,11.44,36,B,debt_consolidation,80000.0,12.98,RENT,10+ years,0
3013,15000.0,20.0,60,D,credit_card,68000.0,7.96,MORTGAGE,10+ years,1
7656,20000.0,5.32,36,A,credit_card,70000.0,21.16,RENT,10+ years,0
7581,16000.0,7.62,36,A,credit_card,48000.0,28.1,RENT,5 years,0
4791,15400.0,9.99,60,B,debt_consolidation,63000.0,12.86,MORTGAGE,3 years,0
4236,10375.0,18.75,36,D,debt_consolidation,30000.0,12.28,RENT,8 years,0
26,35000.0,14.99,36,C,debt_consolidation,108000.0,28.47,MORTGAGE,9 years,0
4467,6000.0,11.44,36,B,debt_consolidation,65000.0,8.35,MORTGAGE,10+ years,0
623,14000.0,15.59,36,C,debt_consolidation,123000.0,21.52,OWN,10+ years,0
3420,3950.0,17.86,36,D,debt_consolidation,24000.0,20.15,RENT,1 year,0
10917,23500.0,21.18,36,E,debt_consolidation,56000.0,13.44,RENT,1 year,0
10528,7000.0,8.18,36,B,credit_card,50000.0,14.69,OWN,2 years,1
1415,22000.0,12.79,36,C,debt_consolidation,100000.0,24.27,MORTGAGE,2 years,0
3880,12000.0,15.99,36,D,debt_consolidation,36000.0,28.6,RENT,< 1 year,1
4719,35000.0,9.99,36,B,credit_card,121000.0,31.56,OWN,10+ years,0
2052,14000.0,13.49,60,C,debt_consolidation,205000.0,20.37,RENT,2 years,0
10166,10000.0,9.16,36,B,home_improvement,49800.0,4.22,MORTGAGE,2 years,0
3208,19575.0,17.56,60,D,credit_card,73000.0,27.17,RENT,10+ years,0
6128,2400.0,9.92,36,B,credit_card,15000.0,10.72,OWN,1 year,0
2621,24000.0,14.48,36,C,debt_consolidation,61605.96,34.91,RENT,Unknown,1
9892,11100.0,24.5,60,F,credit_card,33000.0,24.47,MORTGAGE,5 years,0
901,7200.0,14.99,36,C,home_improvement,54000.0,15.89,MORTGAGE,10+ years,0
8970,16800.0,5.32,36,A,other,47303.0,21.64,OWN,10+ years,0
10368,29000.0,7.89,36,A,credit_card,303000.0,13.41,MORTGAGE,10+ years,1
11050,21000.0,13.99,36,C,credit_card,75000.0,10.08,RENT,2 years,0
9547,18000.0,20.99,36,E,other,75000.0,38.35,MORTGAGE,6 years,0
1026,12600.0,12.99,36,C,debt_consolidation,40000.0,25.74,MORTGAGE,5 years,0
1377,8000.0,13.99,36,C,debt_consolidation,41750.0,11.5,RENT,4 years,0
258,4225.0,16.02,36,C,debt_consolidation,28000.0,27.39,MORTGAGE,10+ years,0
3402,16450.0,21.49,36,D,debt_consolidation,48000.0,21.5,MORTGAGE,Unknown,0
7006,25000.0,10.99,60,B,credit_card,85000.0,17.92,OWN,8 years,0
11139,6000.0,10.99,36,B,home_improvement,50000.0,14.57,MORTGAGE,10+ years,0
1083,33600.0,12.62,60,C,credit_card,120000.0,21.87,MORTGAGE,4 years,0
3406,14975.0,16.55,36,D,debt_consolidation,63100.0,34.88,MORTGAGE,10+ years,0
10839,27750.0,10.78,60,B,credit_card,97000.0,13.25,MORTGAGE,10+ years,0
8200,8000.0,7.97,36,A,debt_consolidation,50000.0,22.34,RENT,3 years,0
5936,6000.0,10.99,36,B,home_improvement,31000.0,6.43,MORTGAGE,7 years,0
8243,1500.0,7.39,36,A,debt_consolidation,58850.0,10.07,RENT,10+ years,0
8501,23000.0,7.89,36,A,credit_card,55418.0,14.72,MORTGAGE,10+ years,0
6584,8400.0,11.67,36,B,medical,72000.0,14.03,MORTGAGE,10+ years,0
3516,6000.0,16.99,36,D,other,67874.0,28.62,MORTGAGE,10+ years,1
7212,4200.0,8.24,36,B,debt_consolidation,65000.0,20.38,OWN,5 years,0
46,27500.0,14.99,36,C,debt_consolidation,65000.0,19.87,MORTGAGE,Unknown,0
10412,21000.0,14.31,60,C,vacation,80000.0,5.55,RENT,2 years,1
8939,15000.0,6.97,36,A,credit_card,50000.0,23.76,RENT,5 years,0
6402,13000.0,9.17,36,B,debt_consolidation,160000.0,6.27,MORTGAGE,3 years,0
4202,25000.0,16.55,36,D,debt_consolidation,135000.0,7.89,RENT,4 years,1
8513,7200.0,6.03,36,A,debt_consolidation,47250.0,13.05,MORTGAGE,6 years,0
2251,4000.0,12.62,36,C,credit_card,25176.0,20.4,MORTGAGE,Unknown,0
1597,13375.0,13.65,36,C,debt_consolidation,32000.0,12.19,RENT,5 years,0
5314,10800.0,10.75,36,B,debt_consolidation,65000.0,30.43,RENT,10+ years,0
9432,14000.0,22.15,60,E,debt_consolidation,65000.0,22.24,MORTGAGE,< 1 year,0
7664,28000.0,6.24,36,A,debt_consolidation,85000.0,16.74,RENT,4 years,0
914,16000.0,13.49,36,C,debt_consolidation,54000.0,20.8,MORTGAGE,3 years,0
11124,10025.0,18.25,60,D,home_improvement,120000.0,32.16,MORTGAGE,7 years,0
5653,20800.0,11.8,60,B,debt_consolidation,100000.0,8.58,MORTGAGE,10+ years,0
10549,5000.0,9.99,36,B,credit_card,30000.0,10.88,RENT,9 years,0
4852,7500.0,9.99,36,B,debt_consolidation,44000.0,12.38,MORTGAGE,10+ years,0
1671,2500.0,12.69,36,C,car,72500.0,12.55,RENT,10+ years,0
9191,13175.0,25.82,36,E,debt_consolidation,130000.0,30.66,MORTGAGE,1 year,1
10987,17000.0,9.75,36,B,home_improvement,50000.0,25.69,OWN,Unknown,1
9575,25000.0,18.25,60,E,home_improvement,95000.0,9.41,MORTGAGE,4 years,1
11043,16000.0,7.89,36,A,debt_consolidation,56800.0,12.04,MORTGAGE,10+ years,0
5994,12175.0,9.67,36,B,debt_consolidation,65000.0,19.48,RENT,2 years,0
5332,3000.0,8.49,36,B,debt_consolidation,127000.0,11.06,MORTGAGE,7 years,0
8824,4550.0,8.39,36,A,car,90000.0,13.45,OWN,10+ years,0
3865,15000.0,20.0,60,D,debt_consolidation,60000.0,30.98,MORTGAGE,2 years,0
6421,11000.0,9.17,36,B,debt_consolidation,48000.0,11.98,MORTGAGE,6 years,0
5006,12000.0,8.39,60,B,moving,60000.0,25.74,RENT,3 years,0
9286,25000.0,20.99,60,E,home_improvement,65328.0,23.25,MORTGAGE,10+ years,0
8048,12000.0,6.68,36,A,debt_consolidation,80000.0,25.11,MORTGAGE,10+ years,0
11079,15000.0,14.49,36,C,debt_consolidation,50000.0,20.39,OWN,6 years,0
5177,18000.0,9.17,36,B,debt_consolidation,50000.0,18.65,RENT,1 year,0
10320,12000.0,14.65,60,C,credit_card,45783.0,15.23,MORTGAGE,4 years,0
4736,8400.0,9.93,36,B,debt_consolidation,80000.0,7.83,MORTGAGE,10+ years,0
4529,8000.0,11.49,36,B,credit_card,80000.0,28.09,MORTGAGE,< 1 year,0
2993,8000.0,21.49,36,D,debt_consolidation,47000.0,4.62,RENT,10+ years,1
2063,10000.0,12.69,36,C,debt_consolidation,27500.0,17.2,RENT,3 years,0
591,35000.0,12.69,60,C,credit_card,80000.0,24.66,RENT,1 year,0
5186,9200.0,11.99,36,B,credit_card,28000.0,16.55,RENT,3 years,0
8778,10000.0,6.49,36,A,debt_consolidation,59500.0,16.9,MORTGAGE,10+ years,0
7964,7500.0,7.89,36,A,credit_card,105000.0,6.74,MORTGAGE,10+ years,0
2236,8000.0,17.27,36,C,other,72000.0,20.1,RENT,6 years,0
9503,16300.0,18.99,60,E,other,48000.0,5.43,RENT,4 years,0
6004,15000.0,10.75,60,B,credit_card,90000.0,12.16,RENT,8 years,1
934,12000.0,17.27,60,C,debt_consolidation,69000.0,9.2,RENT,6 years,1
5102,9000.0,9.17,36,B,debt_consolidation,45000.0,28.59,MORTGAGE,3 years,0
196,28000.0,14.46,60,C,credit_card,175000.0,10.19,MORTGAGE,10+ years,0
7246,16800.0,7.49,36,A,debt_consolidation,86000.0,9.63,MORTGAGE,10+ years,0
4994,14400.0,11.53,60,B,debt_consolidation,45000.0,29.46,RENT,10+ years,1
9828,17425.0,25.57,60,F,debt_consolidation,64000.0,24.71,RENT,7 years,0
4000,14050.0,16.29,36,D,debt_consolidation,41467.68,21.62,MORTGAGE,Unknown,0
6687,14400.0,10.99,36,B,credit_card,117000.0,16.95,MORTGAGE,10+ years,0
2498,24000.0,13.67,36,C,debt_consolidation,60000.0,27.52,MORTGAGE,6 years,1
480,22500.0,12.79,36,C,debt_consolidation,71350.0,11.44,MORTGAGE,1 year,0
7479,10000.0,5.32,36,A,debt_consolidation,60000.0,19.2,RENT,6 years,0
3319,17000.0,17.57,60,D,debt_consolidation,46000.0,32.64,MORTGAGE,10+ years,0
566,3250.0,12.74,36,C,home_improvement,104800.0,31.56,MORTGAGE,1 year,0
10715,24000.0,12.49,60,B,credit_card,116000.0,24.51,MORTGAGE,9 years,1
10962,2200.0,14.65,36,C,medical,15636.0,29.16,RENT,Unknown,0
559,7800.0,12.74,36,C,debt_consolidation,45000.0,32.96,MORTGAGE,3 years,0
1440,18550.0,14.49,36,C,debt_consolidation,74000.0,29.6,OWN,10+ years,0
10283,10850.0,17.99,36,D,debt_consolidation,21700.0,23.68,OWN,10+ years,0
9569,33000.0,26.24,60,E,debt_consolidation,115000.0,11.04,OWN,5 years,1
5589,8000.0,9.75,36,B,debt_consolidation,80000.0,12.48,MORTGAGE,10+ years,0
2888,20600.0,17.99,60,D,debt_consolidation,56693.19,17.32,RENT,10+ years,1
617,30000.0,16.78,60,C,debt_consolidation,75000.0,14.96,MORTGAGE,4 years,1
6909,15000.0,12.49,36,B,other,110000.0,6.75,RENT,< 1 year,0
9346,16700.0,21.48,60,E,debt_consolidation,40000.0,35.58,MORTGAGE,3 years,1
5817,25000.0,10.78,36,B,credit_card,115000.0,13.19,RENT,6 years,0
2637,15000.0,12.53,36,C,home_improvement,141000.0,3.03,MORTGAGE,9 years,0
1981,16700.0,12.69,36,C,debt_consolidation,68000.0,18.58,MORTGAGE,10+ years,1
5927,12000.0,10.91,36,B,debt_consolidation,85000.0,21.91,RENT,5 years,0
6044,20400.0,9.99,36,B,debt_consolidation,165000.0,10.36,MORTGAGE,< 1 year,0
8666,12000.0,8.9,36,A,credit_card,65000.0,14.84,MORTGAGE,2 years,0
10619,15950.0,26.14,60,F,small_business,42000.0,5.6,MORTGAGE,10+ years,0
1610,8000.0,14.49,36,C,debt_consolidation,47871.0,12.28,RENT,< 1 year,1
960,28000.0,12.69,36,C,debt_consolidation,227000.0,13.66,MORTGAGE,1 year,0
8519,25000.0,8.6,36,A,debt_consolidation,83915.0,7.84,MORTGAGE,10+ years,0
10453,30000.0,19.05,60,D,debt_consolidation,110000.0,12.27,MORTGAGE,9 years,0
10633,4800.0,7.89,36,A,debt_consolidation,49000.0,15.97,MORTGAGE,6 years,0
2965,1600.0,16.99,36,D,debt_consolidation,64150.0,14.81,RENT,9 years,0
3996,16750.0,17.57,60,D,debt_consolidation,42000.0,27.37,MORTGAGE,10+ years,1
487,31000.0,14.99,60,C,home_improvement,256000.0,6.73,OWN,9 years,0
7481,8000.0,7.99,36,A,credit_card,65000.0,10.27,RENT,10+ years,0
6939,24000.0,13.11,36,B,debt_consolidation,95000.0,15.78,RENT,5 years,1
5972,10000.0,8.24,36,B,home_improvement,62000.0,8.63,MORTGAGE,10+ years,1
1753,8000.0,12.74,36,C,medical,39894.0,17.12,RENT,5 years,1
7036,8400.0,8.18,36,B,credit_card,44000.0,21.47,RENT,10+ years,0
11038,7200.0,12.36,36,D,other,17280.0,4.58,RENT,6 years,0
7956,21600.0,5.32,36,A,credit_card,75000.0,19.39,MORTGAGE,7 years,0
9344,20000.0,19.19,60,E,debt_consolidation,65000.0,14.53,MORTGAGE,10+ years,0
1534,40000.0,11.99,36,C,debt_consolidation,102000.0,9.27,RENT,10+ years,1
4770,4000.0,9.49,36,B,debt_consolidation,23064.0,6.97,RENT,Unknown,0
3561,26500.0,20.2,36,D,debt_consolidation,60000.0,27.74,OWN,10+ years,1
4083,20050.0,19.52,60,D,debt_consolidation,100000.0,12.19,RENT,10+ years,0
9841,9500.0,24.99,36,F,credit_card,19000.0,25.46,RENT,2 years,0
5039,10000.0,13.11,36,B,debt_consolidation,40000.0,11.13,RENT,3 years,0
1471,31000.0,14.08,60,C,debt_consolidation,70000.0,19.78,MORTGAGE,10+ years,1
3098,10000.0,17.09,36,D,debt_consolidation,22000.0,6.55,OWN,Unknown,0
7424,29000.0,7.26,36,A,debt_consolidation,93000.0,16.53,RENT,6 years,0
246,19200.0,14.08,36,C,debt_consolidation,85000.0,36.28,MORTGAGE,8 years,1
2001,26000.0,13.99,60,C,debt_consolidation,72000.0,16.78,RENT,5 years,0
7810,10000.0,8.9,36,A,credit_card,42000.0,17.34,RENT,2 years,1
333,10000.0,16.2,36,C,credit_card,32000.0,20.71,RENT,3 years,0
8816,5500.0,8.08,36,A,credit_card,62500.0,22.31,MORTGAGE,4 years,0
10508,16000.0,17.57,60,D,debt_consolidation,60000.0,11.18,RENT,< 1 year,0
10483,24000.0,7.39,60,A,debt_consolidation,85000.0,15.23,MORTGAGE,5 years,0
10609,16000.0,16.49,60,D,credit_card,55000.0,15.71,MORTGAGE,1 year,1
760,10000.0,13.35,36,C,debt_consolidation,46925.0,5.83,MORTGAGE,10+ years,0
9296,10000.0,23.88,36,E,home_improvement,150000.0,2.89,RENT,< 1 year,1
6552,20000.0,9.17,60,B,debt_consolidation,63000.0,20.91,MORTGAGE,Unknown,0
2506,4500.0,13.99,36,C,debt_consolidation,45000.0,11.71,RENT,Unknown,1
8396,14000.0,6.99,36,A,other,72000.0,13.03,RENT,2 years,0
4908,10000.0,9.44,36,B,debt_consolidation,100000.0,30.03,MORTGAGE,10+ years,0
1811,18000.0,14.65,36,C,debt_consolidation,72000.0,29.52,MORTGAGE,10+ years,0
610,6300.0,13.65,36,C,other,41416.0,4.35,MORTGAGE,2 years,0
4854,7500.0,8.67,36,B,debt_consolidation,55000.0,17.52,RENT,< 1 year,0
4999,4000.0,9.76,36,B,moving,22000.0,5.18,RENT,< 1 year,0
5310,16000.0,9.71,36,B,debt_consolidation,65000.0,22.97,MORTGAGE,10+ years,0
1713,6000.0,14.08,36,C,debt_consolidation,53000.0,4.3,RENT,2 years,0
6071,14000.0,8.18,60,B,debt_consolidation,100000.0,21.56,MORTGAGE,2 years,0
6331,15000.0,10.49,36,B,debt_consolidation,48000.0,19.73,RENT,4 years,0
4079,5075.0,19.53,36,D,debt_consolidation,55000.0,17.5,RENT,2 years,1
2742,4800.0,12.99,36,C,debt_consolidation,63000.0,18.08,RENT,3 years,1
3941,12000.0,20.31,60,D,debt_consolidation,50000.0,10.63,OWN,1 year,0
6538,20000.0,8.24,36,B,debt_consolidation,150000.0,9.48,RENT,10+ years,0
9507,17100.0,26.77,36,E,debt_consolidation,95874.0,9.79,RENT,Unknown,0
2847,5975.0,14.49,36,C,debt_consolidation,38000.0,26.15,MORTGAGE,7 years,0
1227,5000.0,12.29,36,C,credit_card,64000.0,15.0,MORTGAGE,2 years,0
4223,20300.0,17.57,60,D,debt_consolidation,60000.0,23.92,RENT,10+ years,1
10625,31075.0,11.53,36,B,credit_card,62191.0,25.11,MORTGAGE,6 years,0
4761,15000.0,9.17,36,B,debt_consolidation,100000.0,21.4,MORTGAGE,10+ years,0
2599,12000.0,13.99,60,C,major_purchase,40000.0,12.87,MORTGAGE,8 years,0
6248,3600.0,11.49,36,B,other,44483.0,13.06,RENT,5 years,0
1096,24225.0,12.29,36,C,debt_consolidation,57700.0,20.38,RENT,Unknown,1
8204,17000.0,8.9,36,A,credit_card,50000.0,12.65,MORTGAGE,2 years,0
4227,13900.0,16.99,36,D,debt_consolidation,41000.0,18.21,RENT,2 years,0
130,8325.0,14.3,36,C,vacation,24000.0,27.9,RENT,1 year,0
1032,24000.0,13.33,60,C,debt_consolidation,150000.0,5.42,MORTGAGE,10+ years,1
10656,15000.0,9.17,60,B,debt_consolidation,62000.0,27.72,RENT,2 years,0
930,10000.0,15.99,60,C,debt_consolidation,60000.0,32.1,OWN,10+ years,0
4260,20000.0,16.99,36,D,debt_consolidation,90000.0,30.92,RENT,< 1 year,1
9335,35000.0,18.99,60,E,debt_consolidation,80000.0,16.94,MORTGAGE,9 years,0
1678,25000.0,17.1,36,C,debt_consolidation,122000.0,24.31,MORTGAGE,10+ years,0
8544,13000.0,8.19,36,A,credit_card,80000.0,22.81,MORTGAGE,2 years,0
9623,22300.0,22.15,60,E,moving,70000.0,28.61,RENT,3 years,0
10059,8000.0,12.99,36,C,debt_consolidation,29000.0,31.21,MORTGAGE,7 years,0
9162,15000.0,19.52,60,E,debt_consolidation,47000.0,24.92,RENT,1 year,0
1435,17625.0,14.33,36,C,debt_consolidation,40000.0,23.73,RENT,10+ years,0
8181,15000.0,6.03,36,A,credit_card,140000.0,17.56,MORTGAGE,4 years,0
10856,10000.0,6.72,36,A,home_improvement,100000.0,3.47,MORTGAGE,10+ years,0
1056,11000.0,12.69,36,C,debt_consolidation,38000.0,23.15,RENT,Unknown,0
1168,23000.0,13.33,60,C,debt_consolidation,89700.0,7.38,RENT,10+ years,0
8715,25000.0,5.31,36,A,debt_consolidation,71000.0,20.44,RENT,1 year,0
10922,12000.0,11.44,36,B,home_improvement,150000.0,21.33,MORTGAGE,10+ years,0
9358,22000.0,25.29,60,E,debt_consolidation,78000.0,19.03,MORTGAGE,2 years,0
7154,36000.0,9.44,36,B,credit_card,46000.0,15.78,OWN,10+ years,1
492,12000.0,13.67,60,C,debt_consolidation,75000.0,33.32,OWN,3 years,0
3501,8400.0,18.49,36,D,debt_consolidation,72000.0,29.58,RENT,10+ years,0
11165,7200.0,9.17,36,B,debt_consolidation,25000.0,15.36,MORTGAGE,Unknown,0
8665,22500.0,7.62,36,A,debt_consolidation,100000.0,13.96,MORTGAGE,7 years,1
8115,20000.0,6.03,36,A,debt_consolidation,114000.0,9.05,MORTGAGE,< 1 year,0
9889,9325.0,18.62,60,F,major_purchase,19200.0,3.19,MORTGAGE,Unknown,0
8069,25000.0,6.72,36,A,other,90000.0,13.22,RENT,8 years,0
1427,10000.0,12.29,36,C,medical,60000.0,38.12,OWN,6 years,0
1489,6000.0,14.46,36,C,credit_card,24000.0,25.1,RENT,< 1 year,0
6730,5000.0,11.47,36,B,debt_consolidation,110000.0,25.73,MORTGAGE,10+ years,0
3854,20000.0,16.59,60,D,debt_consolidation,330000.0,7.27,MORTGAGE,< 1 year,0
5778,20000.0,12.13,36,B,home_improvement,80000.0,4.89,OWN,10+ years,0
8895,1000.0,5.32,36,A,credit_card,65000.0,6.07,MORTGAGE,6 years,0
8507,3000.0,5.32,36,A,major_purchase,136849.0,10.39,MORTGAGE,8 years,0
9232,20000.0,17.74,36,E,debt_consolidation,69500.0,23.17,RENT,3 years,0
5321,20125.0,13.67,36,B,debt_consolidation,51456.0,18.82,RENT,2 years,0
172,20000.0,13.33,36,C,small_business,110000.0,15.54,MORTGAGE,10+ years,0
8027,12000.0,5.32,36,A,home_improvement,60000.0,12.34,RENT,10+ years,0
5477,9600.0,11.47,36,B,debt_consolidation,62500.0,19.45,MORTGAGE,8 years,0
1515,16000.0,16.02,36,C,debt_consolidation,60000.0,30.22,MORTGAGE,4 years,0
8607,30000.0,6.68,36,A,debt_consolidation,109000.0,15.93,OWN,2 years,0
8500,22800.0,8.9,60,A,debt_consolidation,110000.0,19.28,MORTGAGE,10+ years,0
5526,8000.0,8.99,36,B,debt_consolidation,36000.0,14.97,RENT,10+ years,0
3466,20000.0,21.85,36,D,credit_card,72466.0,31.52,MORTGAGE,5 years,1
6869,4800.0,10.9,36,B,debt_consolidation,53334.0,4.91,RENT,10+ years,0
9592,4800.0,18.49,36,E,debt_consolidation,50000.0,24.27,OWN,2 years,0
5126,10000.0,8.39,36,B,debt_consolidation,52000.0,27.93,RENT,< 1 year,0
10818,18925.0,21.99,60,F,debt_consolidation,52600.0,16.97,MORTGAGE,10+ years,1
10947,15000.0,13.11,60,B,debt_consolidation,55500.0,9.36,MORTGAGE,4 years,0
2115,8000.0,13.67,36,C,debt_consolidation,40000.0,29.97,RENT,6 years,0
2892,34475.0,18.99,36,D,debt_consolidation,70000.0,23.8,RENT,6 years,0
1819,15850.0,17.27,36,C,small_business,40000.0,19.71,RENT,10+ years,0
6232,3000.0,13.11,36,B,medical,69480.0,22.57,MORTGAGE,6 years,0
593,5000.0,12.29,36,C,other,45000.0,13.57,RENT,10+ years,0
2263,18000.0,15.31,36,C,debt_consolidation,92000.0,6.14,MORTGAGE,8 years,0
8494,20000.0,5.32,36,A,credit_card,120000.0,28.31,MORTGAGE,2 years,0
1395,4000.0,12.74,36,C,debt_consolidation,60000.0,15.6,MORTGAGE,Unknown,0
2116,12700.0,17.1,36,C,debt_consolidation,75000.0,9.97,RENT,1 year,1
498,17000.0,13.18,36,C,debt_consolidation,34000.0,32.37,RENT,2 years,0
416,13000.0,13.99,36,C,debt_consolidation,90000.0,3.97,OWN,2 years,0
3693,35000.0,17.57,60,D,debt_consolidation,100000.0,29.49,OWN,10+ years,0
7822,17000.0,5.32,36,A,debt_consolidation,130000.0,4.86,RENT,< 1 year,0
2934,8325.0,17.86,36,D,debt_consolidation,28000.0,37.03,MORTGAGE,2 years,0
6831,4800.0,10.75,36,B,major_purchase,130000.0,19.49,MORTGAGE,10+ years,0
3069,8775.0,16.99,36,D,debt_consolidation,28600.0,29.37,RENT,< 1 year,0
9160,16000.0,6.24,36,A,credit_card,55000.0,10.54,MORTGAGE,3 years,0
5069,2000.0,11.44,36,B,other,71000.0,14.99,OWN,10+ years,0
9238,8325.0,22.2,36,E,debt_consolidation,110000.0,9.98,MORTGAGE,2 years,1
1486,4800.0,13.98,36,C,credit_card,42000.0,15.6,MORTGAGE,8 years,0
11188,7000.0,7.39,36,A,debt_consolidation,47000.0,17.01,MORTGAGE,1 year,0
7745,18000.0,7.49,36,A,debt_consolidation,85000.0,22.49,RENT,9 years,0
5765,12000.0,11.99,60,B,debt_consolidation,35000.0,19.72,MORTGAGE,4 years,0
7184,12000.0,10.78,60,B,debt_consolidation,30000.0,20.6,MORTGAGE,9 years,0
8864,15000.0,8.59,36,A,credit_card,88600.0,10.82,MORTGAGE,< 1 year,0
5696,18000.0,11.47,36,B,credit_card,77000.0,38.7,MORTGAGE,8 years,0
5457,4000.0,11.53,36,B,debt_consolidation,40000.0,24.87,RENT,4 years,0
10431,6000.0,13.67,36,C,other,42000.0,21.2,RENT,9 years,0
8478,20000.0,7.12,36,A,debt_consolidation,70000.0,24.52,RENT,10+ years,0
9655,14400.0,17.51,60,E,debt_consolidation,42000.0,12.91,MORTGAGE,10+ years,0
3453,24600.0,16.99,36,D,debt_consolidation,95000.0,10.71,MORTGAGE,5 years,0
1763,6750.0,15.02,36,C,debt_consolidation,33000.0,16.91,MORTGAGE,10+ years,0
4582,3500.0,9.17,36,B,home_improvement,100000.0,14.64,OWN,6 years,0
2959,35000.0,20.31,36,D,debt_consolidation,115000.0,8.7,MORTGAGE,9 years,0
8626,2700.0,7.96,36,A,other,24000.0,21.9,OWN,< 1 year,0
3032,5600.0,16.59,36,D,debt_consolidation,39000.0,14.68,RENT,1 year,1
9492,2875.0,18.99,36,E,debt_consolidation,14989.0,39.31,RENT,Unknown,0
1424,15000.0,13.33,60,C,debt_consolidation,46000.0,16.43,RENT,3 years,1
10642,9000.0,14.99,36,C,debt_consolidation,85000.0,17.66,RENT,10+ years,0
911,9075.0,14.46,36,C,small_business,93000.0,11.95,MORTGAGE,10+ years,0
2783,18825.0,15.61,60,C,credit_card,42760.0,28.06,MORTGAGE,1 year,0
105,16750.0,14.65,36,C,debt_consolidation,57000.0,27.52,MORTGAGE,6 years,0
4045,2200.0,19.99,36,D,debt_consolidation,39096.0,32.14,MORTGAGE,Unknown,0
10465,25000.0,16.99,36,D,debt_consolidation,52500.0,14.65,MORTGAGE,Unknown,0
4907,25000.0,9.17,60,B,credit_card,156000.0,16.12,MORTGAGE,10+ years,0
7433,6800.0,7.49,36,A,other,70000.0,16.63,MORTGAGE,10+ years,0
7324,5000.0,7.26,36,A,debt_consolidation,24877.35,17.74,MORTGAGE,Unknown,0
4655,6000.0,10.49,36,B,home_improvement,95000.0,10.04,MORTGAGE,9 years,0
4283,1375.0,19.53,36,D,debt_consolidation,18085.0,31.19,RENT,Unknown,0
9556,30000.0,26.3,60,E,debt_consolidation,80000.0,15.54,MORTGAGE,3 years,0
7347,5000.0,7.96,36,A,home_improvement,103000.0,19.46,MORTGAGE,10+ years,0
11104,15000.0,10.99,36,B,debt_consolidation,61000.0,14.18,RENT,9 years,0
10126,6000.0,9.44,36,B,credit_card,60000.0,3.56,RENT,10+ years,0
7045,39200.0,10.42,60,B,home_improvement,110000.0,1.37,MORTGAGE,10+ years,0
1348,30000.0,14.08,36,C,debt_consolidation,80000.0,11.88,OWN,1 year,0
8367,3000.0,7.9,36,A,debt_consolidation,35004.0,15.7,OWN,3 years,0
2362,11225.0,12.99,36,C,debt_consolidation,25000.0,37.01,OWN,10+ years,0
9576,15275.0,23.1,60,E,credit_card,106000.0,20.76,MORTGAGE,8 years,0
5909,6325.0,10.49,36,B,debt_consolidation,58000.0,7.86,MORTGAGE,1 year,0
5274,24000.0,9.17,36,B,credit_card,80000.0,31.68,MORTGAGE,5 years,1
7001,22000.0,11.67,60,B,credit_card,62000.0,23.24,RENT,1 year,0
10573,33500.0,24.85,60,E,debt_consolidation,131040.0,31.42,MORTGAGE,2 years,1
9528,14000.0,21.48,60,E,debt_consolidation,60000.0,27.28,RENT,9 years,1
8414,15000.0,6.62,36,A,debt_consolidation,83000.0,14.43,MORTGAGE,10+ years,0
9728,15000.0,16.69,60,E,debt_consolidation,90000.0,16.24,RENT,10+ years,0
8153,20000.0,7.46,36,A,other,80000.0,6.03,OWN,Unknown,0
4607,20000.0,11.14,36,B,debt_consolidation,72000.0,11.02,OWN,10+ years,0
1095,2500.0,13.33,36,C,other,30800.0,19.8,MORTGAGE,10+ years,0
1934,16000.0,14.08,60,C,other,96786.83,18.07,OWN,9 years,1
312,24000.0,15.59,60,C,debt_consolidation,91000.0,28.07,MORTGAGE,10+ years,0
4952,10200.0,10.74,36,B,debt_consolidation,157000.0,21.59,OWN,10+ years,0
1361,24000.0,16.14,60,C,home_improvement,73000.0,25.76,MORTGAGE,5 years,0
8408,10000.0,8.46,36,A,debt_consolidation,45000.0,10.69,MORTGAGE,10+ years,0
8652,17000.0,8.9,36,A,debt_consolidation,70000.0,19.1,RENT,4 years,0
4998,8000.0,12.12,36,B,other,78000.0,18.61,MORTGAGE,4 years,0
9641,17000.0,18.25,60,E,debt_consolidation,57000.0,27.73,OWN,10+ years,1
10223,11300.0,13.67,36,C,credit_card,29740.0,15.98,MORTGAGE,10+ years,0
10504,10000.0,13.33,36,C,debt_consolidation,45000.0,30.35,OWN,1 year,0
5147,14400.0,10.99,36,B,debt_consolidation,49999.0,31.11,RENT,10+ years,0
10052,24000.0,13.18,60,C,debt_consolidation,102500.0,28.51,RENT,8 years,0
10002,8200.0,8.24,36,B,credit_card,52250.0,16.17,MORTGAGE,1 year,0
7056,4800.0,9.99,36,B,debt_consolidation,35000.0,2.57,RENT,3 years,0
9849,17925.0,22.99,60,F,debt_consolidation,53000.0,29.94,RENT,10+ years,1
6619,8000.0,9.67,36,B,debt_consolidation,90000.0,8.31,RENT,3 years,0
5391,15000.0,10.75,36,B,debt_consolidation,40000.0,10.68,MORTGAGE,4 years,0
8820,8000.0,6.89,36,A,credit_card,62450.0,21.37,MORTGAGE,1 year,0
6484,5600.0,8.39,36,B,major_purchase,65000.0,28.66,OWN,10+ years,0
9068,16000.0,7.39,36,A,debt_consolidation,98000.0,13.26,MORTGAGE,10+ years,0
4957,12000.0,9.17,36,B,medical,47000.0,22.09,OWN,3 years,0
9427,24000.0,21.99,60,E,debt_consolidation,100000.0,10.56,RENT,< 1 year,1
2505,12000.0,13.33,36,C,debt_consolidation,76000.0,19.74,MORTGAGE,10+ years,0
10310,9600.0,16.29,36,D,debt_consolidation,55000.0,36.29,RENT,< 1 year,0
4104,13500.0,18.55,36,D,debt_consolidation,75000.0,15.2,MORTGAGE,10+ years,0
3483,5600.0,21.45,36,D,debt_consolidation,79992.0,10.62,MORTGAGE,5 years,0
10894,24000.0,26.24,60,E,debt_consolidation,60000.0,24.12,RENT,4 years,0
2089,11500.0,12.69,36,C,debt_consolidation,132500.0,7.34,RENT,1 year,0
8754,20000.0,7.89,36,A,debt_consolidation,60000.0,16.24,OWN,< 1 year,1
3534,20000.0,19.52,36,D,debt_consolidation,60000.0,14.12,RENT,10+ years,0
9537,28000.0,19.99,60,E,debt_consolidation,120000.0,8.63,RENT,10+ years,0
5324,21600.0,9.99,36,B,credit_card,105000.0,12.96,MORTGAGE,10+ years,0
1833,8300.0,13.67,36,C,credit_card,45000.0,11.16,RENT,3 years,1
5330,20000.0,8.49,36,B,debt_consolidation,63000.0,16.19,MORTGAGE,10+ years,0
8810,10000.0,5.31,36,A,credit_card,52000.0,12.3,MORTGAGE,Unknown,0
5422,1500.0,9.58,36,B,other,45000.0,13.04,OWN,1 year,0
1033,20000.0,12.99,36,C,credit_card,58000.0,25.8,MORTGAGE,10+ years,1
3531,21000.0,16.99,60,D,debt_consolidation,83000.0,11.75,MORTGAGE,< 1 year,0
10156,16000.0,25.49,60,E,credit_card,95000.0,16.99,OWN,4 years,0
6217,11200.0,11.53,36,B,debt_consolidation,58000.0,7.12,RENT,2 years,0
4315,10000.0,10.99,36,B,debt_consolidation,50000.0,16.77,MORTGAGE,< 1 year,0
4248,7000.0,17.09,36,D,home_improvement,65000.0,9.69,MORTGAGE,10+ years,0
5432,4000.0,11.67,36,B,credit_card,15216.0,19.95,RENT,Unknown,0
533,20000.0,15.31,36,C,debt_consolidation,90000.0,24.65,MORTGAGE,10+ years,0
5689,20000.0,10.99,36,B,credit_card,80000.0,16.16,RENT,5 years,0
7000,6000.0,11.49,36,B,debt_consolidation,34000.0,20.62,RENT,10+ years,0
3465,12850.0,17.86,60,D,debt_consolidation,43000.0,29.84,RENT,10+ years,0
9034,30000.0,8.39,36,A,debt_consolidation,102000.0,30.33,MORTGAGE,3 years,0
3634,20000.0,16.99,60,D,credit_card,60000.0,12.34,RENT,< 1 year,0
2558,12000.0,13.35,36,C,debt_consolidation,45760.0,19.96,RENT,< 1 year,1
8365,16800.0,7.26,36,A,credit_card,50000.0,18.75,RENT,3 years,0
7502,4000.0,6.49,36,A,credit_card,93000.0,20.5,MORTGAGE,2 years,0
5952,16000.0,12.35,36,B,debt_consolidation,46000.0,11.06,RENT,10+ years,0
2291,5100.0,13.59,36,C,debt_consolidation,50000.0,34.35,OWN,Unknown,0
2274,15000.0,13.98,36,C,debt_consolidation,64435.0,11.96,RENT,Unknown,0
7179,10000.0,10.99,36,B,medical,78000.0,25.35,MORTGAGE,10+ years,0
1694,25000.0,13.59,60,C,credit_card,67200.0,16.18,MORTGAGE,4 years,0
2964,3500.0,17.99,36,D,debt_consolidation,65000.0,5.59,MORTGAGE,6 years,0
8924,8700.0,7.89,36,A,credit_card,23000.0,32.1,RENT,2 years,0
10168,12000.0,10.47,60,B,debt_consolidation,41914.0,21.74,RENT,Unknown,0
3459,23000.0,18.25,36,D,debt_consolidation,85000.0,12.95,RENT,< 1 year,0
10883,5500.0,9.17,36,B,credit_card,46500.0,16.9,RENT,< 1 year,0
1450,35000.0,12.69,60,C,debt_consolidation,175656.0,22.97,MORTGAGE,Unknown,0
1938,1200.0,12.69,36,C,debt_consolidation,65000.0,10.08,RENT,2 years,0
10583,10750.0,18.75,36,D,debt_consolidation,76000.0,7.42,OWN,10+ years,0
5921,8400.0,11.99,36,B,debt_consolidation,36000.0,13.87,OWN,1 year,0
4375,20000.0,10.75,36,B,debt_consolidation,300000.0,15.52,OWN,10+ years,0
2209,14000.0,14.27,36,C,debt_consolidation,105000.0,17.79,MORTGAGE,7 years,0
4986,21600.0,12.35,60,B,debt_consolidation,66000.0,29.45,MORTGAGE,10+ years,0
4929,2500.0,10.49,36,B,credit_card,28000.0,11.92,RENT,8 years,0
1522,12300.0,14.33,36,C,car,58000.0,25.47,RENT,10+ years,0
7814,24000.0,6.99,36,A,debt_consolidation,75000.0,8.13,MORTGAGE,10+ years,0
5119,18000.0,11.47,36,B,credit_card,91000.0,9.76,OWN,8 years,0
9447,31300.0,21.98,60,E,debt_consolidation,78840.0,13.97,MORTGAGE,10+ years,1
22,20000.0,13.99,36,C,debt_consolidation,75000.0,12.45,RENT,10+ years,0
927,25000.0,13.99,60,C,credit_card,75000.0,32.54,RENT,4 years,1
10077,20000.0,14.65,60,C,credit_card,46212.0,28.67,MORTGAGE,Unknown,1
6135,30000.0,10.91,36,B,debt_consolidation,80000.0,6.99,RENT,2 years,0
6592,24000.0,10.99,60,B,home_improvement,76000.0,19.63,MORTGAGE,2 years,0
6890,18000.0,9.49,60,B,credit_card,71000.0,27.79,MORTGAGE,10+ years,0
9325,7200.0,19.99,36,E,vacation,49550.0,5.96,MORTGAGE,8 years,0
4481,9600.0,10.99,36,B,debt_consolidation,40000.0,15.99,MORTGAGE,8 years,0
5487,2900.0,9.17,36,B,debt_consolidation,48000.0,8.81,MORTGAGE,< 1 year,0
7494,10950.0,6.91,36,A,credit_card,47230.0,13.34,RENT,10+ years,0
6401,6000.0,10.64,36,B,debt_consolidation,55000.0,19.18,MORTGAGE,10+ years,0
11170,35000.0,17.47,60,D,other,120000.0,1.55,OWN,1 year,1
5273,12800.0,8.39,36,B,credit_card,44000.0,25.4,RENT,3 years,0
7967,12000.0,8.9,36,A,debt_consolidation,55000.0,12.0,MORTGAGE,10+ years,0
4261,8400.0,18.49,36,D,credit_card,45000.0,19.49,RENT,3 years,1
6170,35000.0,9.16,36,B,credit_card,97000.0,21.6,OWN,2 years,0
8266,28200.0,7.9,36,A,debt_consolidation,72000.0,4.68,RENT,6 years,0
4696,6000.0,10.49,36,B,debt_consolidation,30000.0,5.2,ANY,5 years,0
8466,8500.0,8.9,36,A,credit_card,115104.0,7.53,RENT,10+ years,0
3111,21000.0,17.86,60,D,credit_card,50000.0,8.48,RENT,10+ years,0
9420,30000.0,21.98,60,E,credit_card,102000.0,17.64,MORTGAGE,10+ years,0
4266,14000.0,16.55,36,D,home_improvement,35000.0,22.74,MORTGAGE,10+ years,0
4320,10000.0,10.99,36,B,debt_consolidation,23242.0,10.38,MORTGAGE,10+ years,0
10314,8350.0,13.49,36,C,credit_card,44000.0,10.5,RENT,Unknown,0
6506,14775.0,9.17,36,B,debt_consolidation,75000.0,18.24,RENT,8 years,0
7898,12000.0,7.49,36,A,credit_card,31557.98,5.55,MORTGAGE,Unknown,0
9964,11500.0,25.89,60,G,small_business,75000.0,11.6,MORTGAGE,< 1 year,1
5034,21000.0,10.99,36,B,debt_consolidation,104400.0,17.12,MORTGAGE,6 years,0
5472,20000.0,13.11,36,B,debt_consolidation,86000.0,12.52,OWN,< 1 year,0
10007,2975.0,12.99,36,C,credit_card,14500.0,27.65,OWN,< 1 year,0
1911,10000.0,13.18,36,C,debt_consolidation,85000.0,7.51,MORTGAGE,4 years,0
5109,15000.0,11.67,36,B,debt_consolidation,35000.0,19.79,MORTGAGE,1 year,0
4373,8000.0,11.99,36,B,debt_consolidation,80000.0,20.95,MORTGAGE,1 year,0
10392,31000.0,14.99,36,C,debt_consolidation,84700.0,29.3,RENT,6 years,1
7235,15000.0,12.35,60,B,debt_consolidation,50000.0,32.86,MORTGAGE,10+ years,1
6403,11200.0,12.12,36,B,debt_consolidation,80000.0,12.54,MORTGAGE,2 years,0
3776,11000.0,16.55,60,D,debt_consolidation,45300.0,21.25,RENT,2 years,1
1810,12875.0,13.49,60,C,debt_consolidation,96000.0,12.98,RENT,4 years,1
1535,7000.0,13.49,36,C,debt_consolidation,34000.0,17.05,RENT,< 1 year,0
3851,15000.0,18.99,36,D,debt_consolidation,55000.0,29.7,OWN,2 years,1
6800,5000.0,10.99,36,B,debt_consolidation,52000.0,15.92,RENT,2 years,0
2522,4200.0,12.99,36,C,other,75000.0,18.91,MORTGAGE,8 years,0
1931,10000.0,14.49,36,C,home_improvement,120000.0,5.27,MORTGAGE,< 1 year,0
968,12000.0,15.99,60,C,credit_card,135000.0,10.82,MORTGAGE,10+ years,0
3167,11075.0,16.49,36,D,debt_consolidation,66000.0,16.96,RENT,6 years,0
2547,27250.0,12.29,60,C,other,54525.0,1.43,RENT,4 years,0
3159,17275.0,19.99,36,D,debt_consolidation,54000.0,25.13,RENT,Unknown,0
3517,18000.0,17.57,60,D,debt_consolidation,43000.0,7.51,MORTGAGE,4 years,0
1013,4800.0,13.98,36,C,other,52000.0,35.15,MORTGAGE,4 years,1
3900,16000.0,17.99,60,D,debt_consolidation,80000.0,27.6,MORTGAGE,5 years,0
112,5000.0,13.18,36,C,debt_consolidation,60000.0,2.58,RENT,< 1 year,0
8162,16000.0,6.03,36,A,credit_card,60000.0,24.66,MORTGAGE,6 years,0
3267,13200.0,17.99,36,D,debt_consolidation,43500.0,23.39,MORTGAGE,1 year,0
5367,10000.0,8.67,36,B,debt_consolidation,38500.0,4.83,MORTGAGE,10+ years,0
9721,11500.0,18.2,60,E,debt_consolidation,61200.0,30.63,RENT,7 years,1
3606,10000.0,15.61,60,D,debt_consolidation,50000.0,34.61,RENT,2 years,0
2451,13600.0,13.35,36,C,debt_consolidation,60000.0,11.84,RENT,10+ years,0
6932,16000.0,11.22,60,B,home_improvement,110000.0,15.45,MORTGAGE,8 years,0
1969,7000.0,12.29,36,C,debt_consolidation,125000.0,19.57,RENT,2 years,0
10861,9600.0,7.89,36,A,home_improvement,35000.0,25.29,OWN,8 years,0
5313,16000.0,9.49,36,B,credit_card,58000.0,13.72,MORTGAGE,10+ years,1
1117,18000.0,12.05,36,C,debt_consolidation,55000.0,22.02,MORTGAGE,10+ years,1
6946,8000.0,10.15,36,B,debt_consolidation,55000.0,6.79,RENT,10+ years,0
6338,10000.0,9.99,60,B,major_purchase,80000.0,9.9,MORTGAGE,4 years,0
3793,20000.0,19.05,60,D,credit_card,72000.0,19.88,MORTGAGE,10+ years,0
3640,19425.0,18.49,60,D,debt_consolidation,70000.0,15.6,MORTGAGE,10+ years,1
1832,9475.0,15.31,36,C,debt_consolidation,47000.0,12.03,RENT,Unknown,0
7478,12950.0,6.68,36,A,credit_card,52000.0,16.38,RENT,3 years,0
10999,35000.0,25.88,60,F,home_improvement,112284.0,19.62,MORTGAGE,1 year,1
555,5000.0,13.49,36,C,debt_consolidation,38400.0,15.19,RENT,3 years,0
8593,18000.0,7.89,36,A,debt_consolidation,93000.0,5.17,MORTGAGE,4 years,0
9948,18000.0,30.99,60,G,debt_consolidation,90000.0,16.22,MORTGAGE,5 years,0
7231,8400.0,8.24,36,B,credit_card,60000.0,18.46,RENT,4 years,0
9773,27300.0,24.08,60,F,other,65000.0,34.33,RENT,2 years,0
9204,20000.0,19.42,60,E,debt_consolidation,48000.0,16.2,MORTGAGE,10+ years,0
10956,10000.0,7.99,36,A,debt_consolidation,90000.0,10.27,RENT,10+ years,0
2303,12000.0,12.29,60,C,debt_consolidation,72000.0,17.27,MORTGAGE,10+ years,0
11080,8000.0,8.9,36,A,debt_consolidation,110000.0,8.92,MORTGAGE,8 years,1
4701,5000.0,11.53,36,B,debt_consolidation,28000.0,27.88,RENT,Unknown,1
207,34000.0,13.98,60,C,debt_consolidation,82000.0,19.62,MORTGAGE,10+ years,0
6684,12000.0,11.67,60,B,debt_consolidation,48000.0,15.6,RENT,1 year,0
2337,35000.0,15.59,36,C,debt_consolidation,102563.0,32.82,MORTGAGE,10+ years,1
11181,12325.0,22.35,36,E,debt_consolidation,44000.0,18.52,MORTGAGE,10+ years,0
3264,19575.0,16.02,60,D,home_improvement,56000.0,21.58,MORTGAGE,10+ years,0
10265,18000.0,22.99,60,F,debt_consolidation,50000.0,9.15,MORTGAGE,10+ years,0
5378,5600.0,11.49,36,B,credit_card,40000.0,14.19,RENT,5 years,0
2137,9600.0,12.69,36,C,home_improvement,134000.0,15.47,MORTGAGE,10+ years,0
4720,7500.0,10.49,36,B,home_improvement,98000.0,8.86,MORTGAGE,9 years,0
133,10000.0,12.62,60,C,debt_consolidation,49000.0,16.41,OWN,10+ years,0
8222,21000.0,8.9,36,A,credit_card,216000.0,14.79,MORTGAGE,5 years,0
6223,8000.0,8.24,36,B,credit_card,106000.0,10.31,MORTGAGE,9 years,0
1387,6000.0,14.99,36,C,debt_consolidation,44000.0,33.55,OWN,4 years,0
10599,14575.0,15.61,36,D,debt_consolidation,62000.0,20.33,RENT,7 years,0
10706,28000.0,5.32,36,A,credit_card,250000.0,7.3,MORTGAGE,5 years,0
197,3500.0,13.68,36,C,debt_consolidation,30000.0,8.68,RENT,2 years,0
5530,8800.0,10.99,36,B,debt_consolidation,22000.0,32.29,RENT,7 years,0
1060,18000.0,12.84,36,C,wedding,55000.0,7.29,RENT,2 years,0
4848,9600.0,8.38,36,B,debt_consolidation,95000.0,24.72,MORTGAGE,< 1 year,0
4768,40000.0,10.42,60,B,home_improvement,200000.0,6.7,RENT,4 years,0
1308,25000.0,15.99,60,C,credit_card,56000.0,30.6,RENT,2 years,0
1822,1000.0,14.65,36,C,debt_consolidation,30000.0,31.36,MORTGAGE,9 years,0
6280,13600.0,11.44,36,B,credit_card,123000.0,15.54,RENT,10+ years,0
10837,5000.0,6.03,36,A,debt_consolidation,37000.0,13.07,MORTGAGE,10+ years,0
9853,25075.0,21.99,60,F,debt_consolidation,57000.0,2.84,RENT,3 years,0
10018,15000.0,16.24,36,C,debt_consolidation,47943.0,15.57,MORTGAGE,6 years,0
9523,20000.0,20.99,60,E,debt_consolidation,40000.0,32.16,OWN,8 years,1
10875,7000.0,11.49,36,B,major_purchase,111000.0,19.51,RENT,5 years,0
10835,7000.0,12.39,36,C,credit_card,38000.0,20.31,RENT,10+ years,0
7690,22000.0,6.92,36,A,debt_consolidation,100000.0,11.53,MORTGAGE,4 years,0
9671,25000.0,18.99,60,E,other,82000.0,24.51,RENT,10+ years,0
7203,8000.0,11.44,36,B,debt_consolidation,49360.0,28.35,RENT,4 years,0
7726,10000.0,6.99,36,A,debt_consolidation,65000.0,17.73,MORTGAGE,10+ years,0
1149,20000.0,14.46,60,C,debt_consolidation,70000.0,14.81,OWN,3 years,1
1312,9600.0,13.68,36,C,car,70000.0,24.08,MORTGAGE,10+ years,0
5048,5500.0,9.99,36,B,debt_consolidation,57000.0,13.52,RENT,3 years,0
1815,10000.0,13.59,36,C,credit_card,45000.0,33.64,OWN,Unknown,0
267,25325.0,15.99,60,C,debt_consolidation,78000.0,27.05,MORTGAGE,3 years,1
6411,8500.0,8.24,36,B,other,68000.0,23.19,MORTGAGE,4 years,0
3280,10000.0,19.03,60,D,credit_card,85000.0,14.53,MORTGAGE,2 years,1
3322,30000.0,17.57,36,D,credit_card,80000.0,20.72,MORTGAGE,10+ years,0
6092,8800.0,12.13,36,B,credit_card,30202.0,23.37,ANY,Unknown,0
3690,3225.0,18.99,36,D,credit_card,46800.0,7.51,RENT,7 years,0
2421,3000.0,11.99,36,C,medical,31000.0,12.96,RENT,3 years,0
2784,26000.0,13.99,60,C,debt_consolidation,80000.0,19.41,MORTGAGE,1 year,0
1329,8550.0,12.39,36,C,credit_card,30000.0,19.04,MORTGAGE,2 years,1
519,24000.0,15.99,60,C,debt_consolidation,97000.0,25.05,RENT,5 years,1
510,10000.0,14.49,36,C,credit_card,30000.0,10.45,RENT,2 years,1
1544,5400.0,13.33,36,C,debt_consolidation,35000.0,13.8,OWN,3 years,0
849,10000.0,17.1,36,C,home_improvement,56000.0,22.63,MORTGAGE,3 years,0
7418,26850.0,8.39,36,A,debt_consolidation,90000.0,15.3,MORTGAGE,10+ years,0
2055,10000.0,14.65,60,C,credit_card,40248.0,12.79,RENT,10+ years,0
10096,6250.0,13.11,36,B,debt_consolidation,32000.0,23.74,RENT,6 years,0
3532,30000.0,17.14,36,D,debt_consolidation,86000.0,21.62,OWN,10+ years,0
10752,9600.0,10.15,36,B,debt_consolidation,86000.0,5.3,MORTGAGE,10+ years,0
6900,21000.0,8.39,36,B,debt_consolidation,70000.0,25.23,MORTGAGE,4 years,0
5893,20000.0,11.44,36,B,debt_consolidation,114000.0,10.33,MORTGAGE,10+ years,0
6954,7200.0,9.17,36,B,debt_consolidation,38000.0,15.95,RENT,10+ years,0
9814,18000.0,28.72,60,F,home_improvement,50000.0,0.0,OWN,3 years,0
3665,22000.0,18.06,36,D,debt_consolidation,90000.0,37.33,RENT,9 years,0
10381,35000.0,7.49,36,A,credit_card,94000.0,13.85,MORTGAGE,10+ years,0
2235,16000.0,15.99,60,C,debt_consolidation,50000.0,12.75,MORTGAGE,2 years,0
9222,3600.0,22.15,36,E,debt_consolidation,25000.0,13.06,RENT,< 1 year,0
7561,12000.0,5.32,36,A,credit_card,80000.0,11.33,MORTGAGE,10+ years,0
8702,6650.0,6.24,36,A,debt_consolidation,41000.0,15.6,RENT,3 years,0
5803,8000.0,9.16,36,B,other,305000.0,11.59,RENT,8 years,0
5588,8000.0,11.49,36,B,debt_consolidation,110000.0,11.1,MORTGAGE,10+ years,0
1382,16000.0,14.49,60,C,debt_consolidation,85000.0,23.01,RENT,8 years,1
3948,4800.0,17.77,60,D,debt_consolidation,32000.0,25.53,OWN,1 year,0
9802,16000.0,30.74,60,F,debt_consolidation,135000.0,28.35,MORTGAGE,1 year,0
1080,28000.0,15.59,36,C,debt_consolidation,103000.0,16.85,OWN,10+ years,0
10446,20000.0,13.99,60,C,debt_consolidation,87000.0,4.37,MORTGAGE,10+ years,0
9098,8000.0,7.49,36,A,credit_card,99700.0,25.95,RENT,10+ years,0
10768,5000.0,12.69,36,C,vacation,83000.0,19.74,MORTGAGE,5 years,0
6393,10000.0,11.53,36,B,car,60000.0,4.56,RENT,< 1 year,1
631,28000.0,12.62,60,C,debt_consolidation,96000.0,17.35,MORTGAGE,10+ years,0
3745,6000.0,16.99,36,D,medical,200000.0,11.63,MORTGAGE,10+ years,0
6321,20000.0,9.17,36,B,credit_card,70000.0,11.47,RENT,10+ years,0
704,8000.0,16.29,36,C,debt_consolidation,63041.0,18.16,RENT,4 years,0
1439,20000.0,14.65,36,C,home_improvement,86255.0,22.42,OWN,4 years,0
4658,20000.0,13.53,36,B,credit_card,45000.0,32.58,MORTGAGE,3 years,0
4325,18000.0,11.05,36,B,credit_card,70000.0,37.51,OWN,< 1 year,0
10276,16000.0,6.03,36,A,debt_consolidation,91000.0,8.58,MORTGAGE,1 year,0
10375,8000.0,7.89,36,A,moving,95000.0,5.52,RENT,3 years,0
3019,35000.0,17.57,60,D,debt_consolidation,150000.0,20.38,RENT,2 years,0
4656,8000.0,11.49,36,B,credit_card,240000.0,8.11,MORTGAGE,10+ years,0
795,25000.0,15.05,36,C,debt_consolidation,96000.0,17.06,OWN,10+ years,0
10979,9100.0,14.65,36,C,debt_consolidation,80000.0,26.34,OWN,10+ years,0
10817,24000.0,8.9,36,A,home_improvement,106000.0,8.82,MORTGAGE,1 year,0
5024,10625.0,14.09,36,B,credit_card,32000.0,25.28,OWN,1 year,0
7636,9600.0,5.32,36,A,debt_consolidation,42000.0,12.63,RENT,10+ years,0
5341,6000.0,9.67,36,B,debt_consolidation,15000.0,4.0,RENT,3 years,0
1272,24000.0,14.52,60,C,medical,55000.0,19.9,MORTGAGE,< 1 year,0
5652,7500.0,10.75,36,B,debt_consolidation,61500.0,22.49,MORTGAGE,7 years,0
3630,9600.0,15.61,36,D,debt_consolidation,27733.0,24.62,RENT,10+ years,0
8104,10000.0,6.03,36,A,debt_consolidation,72000.0,13.7,MORTGAGE,< 1 year,0
738,12000.0,13.33,60,C,debt_consolidation,60000.0,24.52,RENT,4 years,1
7103,8000.0,12.53,36,B,debt_consolidation,45000.0,11.57,MORTGAGE,1 year,0
2033,18000.0,15.8,60,C,debt_consolidation,47340.0,17.62,MORTGAGE,10+ years,0
2845,12000.0,13.59,60,C,debt_consolidation,60000.0,27.66,RENT,10+ years,1
1140,32000.0,13.49,60,C,debt_consolidation,250000.0,5.19,OWN,10+ years,0
3651,2500.0,19.72,36,D,other,29120.0,12.4,RENT,< 1 year,0
920,10400.0,14.98,60,C,debt_consolidation,56000.0,10.16,MORTGAGE,10+ years,0
3372,35000.0,18.24,60,D,debt_consolidation,115000.0,28.93,OWN,2 years,1
3977,8000.0,17.99,36,D,credit_card,55920.0,13.41,MORTGAGE,5 years,1
956,24000.0,13.98,60,C,debt_consolidation,70000.0,22.86,MORTGAGE,10+ years,0
8727,8000.0,6.92,36,A,credit_card,56000.0,29.02,MORTGAGE,3 years,0
10992,35000.0,20.99,60,E,other,130000.0,24.16,OWN,10+ years,0
726,15000.0,13.98,60,C,credit_card,95000.0,11.32,MORTGAGE,1 year,0
908,14400.0,13.67,60,C,debt_consolidation,95000.0,28.32,RENT,10+ years,0
2397,4000.0,12.69,36,C,debt_consolidation,23000.0,10.28,RENT,10+ years,0
3316,3825.0,16.55,36,D,debt_consolidation,54316.0,30.03,MORTGAGE,10+ years,0
9263,11000.0,18.84,60,E,debt_consolidation,36000.0,26.67,RENT,10+ years,1
1352,16000.0,13.99,60,C,debt_consolidation,52000.0,34.69,MORTGAGE,4 years,0
7641,22000.0,7.24,36,A,debt_consolidation,87000.0,10.83,RENT,10+ years,0
7152,32000.0,11.99,36,B,credit_card,400000.0,9.87,OWN,6 years,0
1532,16000.0,12.69,36,C,debt_consolidation,85000.0,20.49,MORTGAGE,10+ years,0
8479,10000.0,6.03,36,A,credit_card,46000.0,22.44,RENT,3 years,0
9182,32875.0,19.99,60,E,debt_consolidation,78298.73,20.22,MORTGAGE,5 years,1
7743,9600.0,7.9,36,A,debt_consolidation,42240.0,9.06,RENT,7 years,0
2734,9025.0,14.98,36,C,debt_consolidation,160000.0,5.52,MORTGAGE,10+ years,0
2319,18000.0,15.61,36,C,debt_consolidation,52000.0,28.36,RENT,1 year,1
2353,6000.0,15.31,36,C,credit_card,35000.0,32.2,RENT,10+ years,0
10078,20000.0,7.39,36,A,credit_card,90000.0,8.8,OWN,10+ years,0
1504,7000.0,13.99,36,C,debt_consolidation,92000.0,23.01,MORTGAGE,10+ years,1
5447,1000.0,9.99,36,B,major_purchase,50000.0,4.08,MORTGAGE,6 years,0
3965,9950.0,18.25,36,D,debt_consolidation,34874.98,10.32,RENT,9 years,0
60,10000.0,15.59,36,C,credit_card,95000.0,30.91,MORTGAGE,4 years,0
6438,9600.0,9.99,36,B,home_improvement,88500.0,18.93,OWN,2 years,0
3756,24000.0,16.99,60,D,debt_consolidation,95000.0,21.12,RENT,1 year,1
10755,5000.0,5.32,36,A,credit_card,108000.0,11.1,MORTGAGE,5 years,0
2066,9000.0,15.88,36,C,debt_consolidation,124998.0,25.43,MORTGAGE,7 years,0
3232,12600.0,17.86,36,D,debt_consolidation,42000.0,11.85,MORTGAGE,10+ years,1
10114,21000.0,20.2,60,E,debt_consolidation,82125.0,13.02,MORTGAGE,4 years,0
8919,10000.0,5.32,36,A,credit_card,49000.0,4.97,MORTGAGE,Unknown,0
3655,7000.0,18.92,36,D,other,170000.0,15.99,RENT,4 years,1
8812,17500.0,6.97,36,A,other,150000.0,0.62,MORTGAGE,3 years,1
10415,12800.0,8.24,60,B,credit_card,59000.0,5.45,OWN,10+ years,0
917,10000.0,13.35,60,C,debt_consolidation,30000.0,23.12,RENT,10+ years,1
6915,28000.0,8.39,36,B,credit_card,200000.0,7.24,RENT,10+ years,0
9233,13650.0,23.99,36,E,debt_consolidation,65000.0,22.27,RENT,2 years,1
7382,1500.0,6.62,36,A,other,33000.0,9.34,RENT,3 years,0
3068,35000.0,16.55,36,D,debt_consolidation,90000.0,29.95,MORTGAGE,10+ years,0
6197,3600.0,11.99,36,B,credit_card,20000.0,34.15,RENT,3 years,0
6066,25000.0,10.49,36,B,debt_consolidation,100000.0,31.54,MORTGAGE,1 year,0
3944,11200.0,16.99,60,D,debt_consolidation,33000.0,33.24,RENT,10+ years,1
7875,35000.0,7.26,36,A,credit_card,190000.0,12.06,MORTGAGE,< 1 year,0
9189,8800.0,17.19,60,E,credit_card,65000.0,3.21,RENT,4 years,1
10757,8000.0,11.99,36,B,credit_card,60000.0,27.58,MORTGAGE,2 years,0
6164,8000.0,11.53,36,B,debt_consolidation,30000.0,6.4,MORTGAGE,4 years,0
10417,26400.0,7.89,36,A,credit_card,81140.0,21.27,RENT,1 year,0
143,25200.0,15.59,36,C,moving,66560.0,12.57,MORTGAGE,10+ years,0
622,20800.0,16.24,60,C,debt_consolidation,85000.0,10.5,MORTGAGE,10+ years,1
2739,6000.0,12.69,36,C,debt_consolidation,38000.0,23.63,RENT,10+ years,0
9517,8000.0,21.0,36,E,debt_consolidation,35000.0,11.18,RENT,10+ years,0
3937,19200.0,19.05,60,D,credit_card,80000.0,11.19,MORTGAGE,Unknown,0
9894,13625.0,24.99,60,F,debt_consolidation,31000.0,17.34,OWN,Unknown,0
4088,5000.0,18.06,36,D,debt_consolidation,45000.0,24.64,RENT,5 years,0
10421,9000.0,12.69,36,C,credit_card,67000.0,26.26,RENT,6 years,1
3671,6000.0,18.24,36,D,moving,65000.0,17.37,RENT,1 year,0
125,25000.0,14.33,36,C,debt_consolidation,65000.0,28.98,RENT,Unknown,0
9913,14000.0,22.99,60,F,major_purchase,60000.0,16.38,RENT,2 years,1
4028,18000.0,17.57,36,D,house,50000.0,19.37,OWN,2 years,0
7193,9100.0,8.67,36,B,debt_consolidation,60000.0,22.06,MORTGAGE,10+ years,0
4269,7350.0,17.14,36,D,other,54000.0,29.93,MORTGAGE,9 years,0
6188,3500.0,11.99,36,B,car,75000.0,6.86,OWN,2 years,0
6383,15000.0,11.14,36,B,debt_consolidation,125000.0,16.15,MORTGAGE,1 year,1
659,16000.0,13.99,60,C,small_business,69444.0,35.46,RENT,3 years,0
86,12000.0,13.67,60,C,credit_card,75000.0,13.49,RENT,6 years,1
6245,2000.0,10.99,36,B,major_purchase,25000.0,17.47,RENT,2 years,0
3030,10000.0,15.99,36,D,debt_consolidation,107000.0,13.96,MORTGAGE,4 years,0
6841,10000.0,9.17,36,B,debt_consolidation,110000.0,6.92,MORTGAGE,10+ years,0
640,8000.0,13.99,36,C,debt_consolidation,45000.0,10.77,MORTGAGE,1 year,1
2643,15000.0,15.8,36,C,debt_consolidation,64000.0,12.19,MORTGAGE,7 years,1
322,15000.0,15.22,60,C,debt_consolidation,37000.0,28.9,RENT,4 years,0
5434,10000.0,9.99,36,B,home_improvement,40000.0,32.19,MORTGAGE,2 years,0
7172,4500.0,8.24,36,B,credit_card,30000.0,15.46,RENT,< 1 year,0
9952,8450.0,25.8,36,G,other,32232.0,14.85,MORTGAGE,7 years,1
9718,4400.0,18.49,36,E,home_improvement,18820.0,39.54,MORTGAGE,Unknown,0
1617,20000.0,12.74,60,C,home_improvement,75000.0,14.72,MORTGAGE,6 years,0
11064,20000.0,14.08,36,C,debt_consolidation,102000.0,15.56,MORTGAGE,10+ years,0
9945,22600.0,28.99,60,G,debt_consolidation,70700.0,25.17,RENT,10+ years,1
10844,8000.0,9.62,60,B,car,128000.0,14.13,MORTGAGE,< 1 year,0
11132,25000.0,7.89,36,A,debt_consolidation,93000.0,26.08,RENT,1 year,0
2614,11600.0,13.99,36,C,debt_consolidation,120000.0,17.2,MORTGAGE,< 1 year,0
3828,3000.0,20.0,36,D,debt_consolidation,65000.0,23.42,RENT,10+ years,1
7779,5000.0,5.93,36,A,car,68000.0,14.67,MORTGAGE,10+ years,0
9215,16975.0,18.55,60,E,debt_consolidation,60000.0,38.29,MORTGAGE,< 1 year,1
1984,30000.0,13.35,36,C,debt_consolidation,90000.0,11.27,MORTGAGE,8 years,0
6894,10500.0,9.17,36,B,debt_consolidation,45500.0,12.13,MORTGAGE,10+ years,0
803,5000.0,13.66,36,C,debt_consolidation,18000.0,22.93,RENT,5 years,1
4838,14000.0,10.99,36,B,credit_card,105000.0,20.94,RENT,1 year,0
5433,15000.0,8.18,36,B,debt_consolidation,52750.0,17.93,OWN,2 years,0
2794,3500.0,15.99,36,C,debt_consolidation,92000.0,26.65,RENT,10+ years,1
8814,4850.0,6.49,36,A,medical,15000.0,1.12,OWN,Unknown,1
3134,18000.0,15.61,60,D,debt_consolidation,72240.0,8.64,RENT,< 1 year,1
8748,5000.0,6.24,36,A,credit_card,70000.0,15.84,RENT,8 years,0
154,30000.0,12.05,60,C,home_improvement,68000.0,5.72,MORTGAGE,10+ years,0
5082,6000.0,12.49,36,B,debt_consolidation,103000.0,11.63,MORTGAGE,10+ years,0
2926,16000.0,18.99,36,D,debt_consolidation,63000.0,13.66,MORTGAGE,10+ years,1
3716,15000.0,17.97,36,D,debt_consolidation,60000.0,12.02,RENT,10+ years,0
9579,14325.0,19.99,60,E,credit_card,60000.0,24.24,MORTGAGE,9 years,1
4251,21000.0,20.39,60,D,credit_card,108000.0,24.81,MORTGAGE,10+ years,1
2793,18900.0,14.64,36,C,debt_consolidation,45000.0,12.53,OWN,8 years,0
9526,5000.0,26.77,36,E,major_purchase,120000.0,0.0,RENT,5 years,1
9418,35000.0,18.25,60,E,debt_consolidation,140000.0,18.38,RENT,9 years,1
1614,15150.0,15.05,36,C,home_improvement,123400.0,27.7,MORTGAGE,10+ years,0
568,2000.0,13.33,36,C,debt_consolidation,60000.0,4.84,RENT,6 years,0
4894,12000.0,8.18,36,B,debt_consolidation,71000.0,4.6,RENT,2 years,1
5348,25000.0,10.91,60,B,debt_consolidation,90000.0,16.29,MORTGAGE,9 years,0
5355,15000.0,9.17,36,B,debt_consolidation,42265.0,13.0,MORTGAGE,10+ years,0
5508,16000.0,9.63,60,B,debt_consolidation,33924.0,9.48,RENT,Unknown,1
7792,11500.0,6.99,36,A,debt_consolidation,120000.0,26.4,MORTGAGE,10+ years,0
8682,24000.0,8.9,60,A,debt_consolidation,128000.0,19.83,MORTGAGE,10+ years,0
4904,10500.0,9.16,36,B,credit_card,29000.0,17.55,RENT,1 year,0
691,10000.0,12.99,36,C,debt_consolidation,140000.0,9.99,RENT,10+ years,0
3939,9450.0,18.49,36,D,debt_consolidation,87360.0,11.62,RENT,< 1 year,0
9820,25850.0,24.99,60,F,debt_consolidation,72000.0,24.52,MORTGAGE,10+ years,0
2551,3000.0,15.59,36,C,debt_consolidation,48000.0,19.35,RENT,2 years,0
8832,20000.0,7.97,36,A,debt_consolidation,111960.0,19.81,RENT,< 1 year,1
8088,12000.0,7.97,36,A,credit_card,120000.0,3.97,MORTGAGE,1 year,0
8148,19200.0,7.69,36,A,credit_card,56000.0,24.09,RENT,10+ years,0
3054,16775.0,18.06,36,D,credit_card,80000.0,16.83,RENT,10+ years,0
10846,16100.0,26.3,60,E,small_business,35000.0,24.35,RENT,1 year,0
300,7500.0,12.29,36,C,other,30000.0,28.96,RENT,5 years,0
3412,35000.0,18.25,60,D,credit_card,90000.0,23.77,MORTGAGE,10+ years,0
9974,20000.0,25.8,60,G,small_business,95000.0,26.45,MORTGAGE,3 years,0
3064,6725.0,16.59,36,D,debt_consolidation,56000.0,40.51,MORTGAGE,4 years,0
5547,35000.0,11.99,36,B,other,250000.0,1.65,OWN,< 1 year,0
3760,4000.0,16.55,36,D,other,46000.0,33.13,RENT,Unknown,1
7573,14400.0,6.24,36,A,credit_card,29000.0,16.97,RENT,< 1 year,0
3261,11200.0,16.55,60,D,major_purchase,80000.0,9.84,MORTGAGE,< 1 year,1
6425,24000.0,12.12,60,B,debt_consolidation,80000.0,22.59,MORTGAGE,10+ years,0
7312,20000.0,5.32,36,A,debt_consolidation,60000.0,18.49,MORTGAGE,7 years,0
2958,5600.0,15.61,36,D,other,40000.0,6.39,RENT,10+ years,0
710,22800.0,12.79,60,C,debt_consolidation,97000.0,25.7,MORTGAGE,8 years,1
2709,30000.0,12.79,60,C,credit_card,117000.0,21.0,MORTGAGE,5 years,0
6051,24000.0,10.49,36,B,debt_consolidation,90000.0,24.53,RENT,5 years,0
1897,12925.0,13.33,60,C,debt_consolidation,40000.0,27.0,MORTGAGE,10+ years,0
2685,23350.0,13.66,36,C,credit_card,52000.0,25.57,MORTGAGE,9 years,0
6057,24000.0,10.75,36,B,debt_consolidation,81000.0,26.65,MORTGAGE,10+ years,1
5631,4000.0,9.16,36,B,credit_card,38000.0,27.57,RENT,5 years,0
3441,27825.0,21.45,60,D,credit_card,41000.0,26.74,MORTGAGE,8 years,0
3252,25000.0,18.49,36,D,debt_consolidation,63000.0,19.66,RENT,5 years,0
1001,3250.0,12.69,36,C,home_improvement,45000.0,12.05,MORTGAGE,2 years,0
1784,12000.0,13.65,36,C,debt_consolidation,80000.0,11.75,OWN,8 years,0
5700,12000.0,11.49,36,B,debt_consolidation,62565.0,15.92,MORTGAGE,10+ years,0
9738,10225.0,19.99,36,E,debt_consolidation,32000.0,13.71,MORTGAGE,1 year,0
3477,39200.0,16.99,36,D,debt_consolidation,380000.0,7.91,MORTGAGE,< 1 year,0
4495,15000.0,10.91,36,B,credit_card,115000.0,17.03,MORTGAGE,10+ years,0
2040,16000.0,13.33,36,C,debt_consolidation,90000.0,13.45,RENT,5 years,0
5253,20000.0,11.48,60,B,credit_card,60000.0,32.76,MORTGAGE,Unknown,0
10686,26500.0,11.44,36,B,credit_card,53000.0,34.22,RENT,4 years,0
4238,12000.0,18.99,60,D,other,65000.0,22.97,OWN,2 years,1
1425,30000.0,13.35,60,C,credit_card,125000.0,12.37,MORTGAGE,4 years,1
5345,4000.0,11.99,36,B,debt_consolidation,25000.0,17.66,RENT,3 years,0
9869,19525.0,25.69,60,F,debt_consolidation,44400.0,32.03,RENT,6 years,1
19,12000.0,15.61,60,C,debt_consolidation,80000.0,17.76,MORTGAGE,10+ years,0
5413,9600.0,10.99,36,B,credit_card,42000.0,10.46,MORTGAGE,9 years,0
8247,35000.0,7.35,36,A,debt_consolidation,430000.0,4.81,MORTGAGE,6 years,0
7399,24000.0,7.49,36,A,debt_consolidation,131004.0,7.19,MORTGAGE,10+ years,0
9914,14925.0,25.88,60,F,debt_consolidation,51000.0,29.41,MORTGAGE,10+ years,1
6600,6000.0,13.11,36,B,debt_consolidation,32000.0,18.94,MORTGAGE,10+ years,0
9422,19225.0,19.52,60,E,debt_consolidation,65000.0,23.23,MORTGAGE,10+ years,0
3563,18425.0,17.57,36,D,small_business,91200.0,11.88,RENT,1 year,0
7565,5600.0,7.97,36,A,credit_card,32000.0,7.35,MORTGAGE,3 years,0
9619,33600.0,21.97,60,E,debt_consolidation,70000.0,29.18,MORTGAGE,10+ years,1
8891,15600.0,7.49,36,A,other,58000.0,17.71,MORTGAGE,9 years,0
4554,13425.0,10.99,60,B,credit_card,70000.0,28.12,RENT,9 years,1
1530,25000.0,14.08,60,C,credit_card,54000.0,29.26,RENT,5 years,0
7880,21000.0,6.24,36,A,credit_card,80000.0,17.94,RENT,10+ years,0
7041,5000.0,10.78,36,B,credit_card,79000.0,22.47,RENT,8 years,1
8552,10000.0,8.39,36,A,major_purchase,48000.0,20.05,RENT,2 years,0
8435,20000.0,7.89,36,A,home_improvement,200000.0,28.08,MORTGAGE,7 years,0
2184,20000.0,17.27,36,C,debt_consolidation,72000.0,20.22,MORTGAGE,10+ years,0
6834,3000.0,9.93,36,B,small_business,33000.0,10.65,RENT,1 year,1
10406,12550.0,16.99,60,D,credit_card,49000.0,10.46,MORTGAGE,1 year,0
9156,8000.0,7.99,36,A,credit_card,45000.0,12.61,RENT,2 years,0
8918,15550.0,5.32,36,A,debt_consolidation,84000.0,9.28,MORTGAGE,10+ years,0
10047,2000.0,7.84,36,A,debt_consolidation,28000.0,22.07,RENT,Unknown,0
10231,10000.0,13.98,36,C,medical,33000.0,23.96,RENT,4 years,0
6907,9600.0,10.37,36,B,other,85000.0,16.09,MORTGAGE,2 years,0
3842,23800.0,18.49,60,D,debt_consolidation,80000.0,14.08,MORTGAGE,5 years,0
7965,8900.0,6.92,36,A,debt_consolidation,42500.0,28.13,RENT,< 1 year,1
4965,8000.0,9.99,36,B,debt_consolidation,30000.0,8.12,MORTGAGE,10+ years,0
5865,10000.0,12.99,36,B,credit_card,39000.0,12.8,RENT,7 years,1
4729,23000.0,8.18,60,B,credit_card,56000.0,22.04,MORTGAGE,7 years,0
5257,5000.0,10.42,36,B,credit_card,47765.0,5.22,MORTGAGE,10+ years,1
374,12000.0,13.98,36,C,credit_card,57000.0,6.46,RENT,2 years,0
11086,5000.0,9.49,36,B,home_improvement,96000.0,23.19,MORTGAGE,6 years,0
958,6000.0,12.29,36,C,debt_consolidation,34000.0,13.66,MORTGAGE,10+ years,0
4588,25000.0,10.99,36,B,debt_consolidation,170000.0,29.44,RENT,Unknown,0
8838,25000.0,7.39,36,A,credit_card,95000.0,16.53,RENT,< 1 year,1
8848,15000.0,7.62,36,A,debt_consolidation,85000.0,12.01,MORTGAGE,3 years,0
7177,12000.0,9.99,36,B,other,36184.8,20.59,OWN,2 years,0
5124,23000.0,11.47,36,B,other,45000.0,24.83,RENT,2 years,0
10024,11625.0,18.25,36,D,home_improvement,30000.0,15.92,OWN,Unknown,0
880,3500.0,15.49,36,C,home_improvement,95000.0,13.52,MORTGAGE,6 years,0
4022,8825.0,16.99,36,D,other,23232.0,39.15,RENT,2 years,0
2686,20000.0,12.69,36,C,debt_consolidation,90000.0,26.67,MORTGAGE,10+ years,0
577,24000.0,12.79,60,C,debt_consolidation,80000.0,25.8,OWN,10+ years,0
2032,5250.0,15.31,36,C,home_improvement,68000.0,18.53,MORTGAGE,10+ years,1
9201,10000.0,18.99,36,E,major_purchase,160000.0,6.92,MORTGAGE,9 years,1
2335,35000.0,12.69,60,C,credit_card,90000.0,29.99,MORTGAGE,9 years,1
1958,24000.0,13.67,60,C,home_improvement,60000.0,13.7,MORTGAGE,10+ years,0
9187,21075.0,19.99,60,E,debt_consolidation,48000.0,19.85,RENT,6 years,0
5885,15500.0,11.49,36,B,debt_consolidation,100000.0,27.28,MORTGAGE,< 1 year,0
6218,15000.0,11.99,36,B,debt_consolidation,65000.0,34.08,MORTGAGE,< 1 year,0
9046,26000.0,8.39,60,A,home_improvement,950000.0,6.81,MORTGAGE,10+ years,0
7491,10000.0,8.59,36,A,home_improvement,125900.0,11.73,MORTGAGE,4 years,0
10971,6000.0,12.62,36,C,debt_consolidation,22080.0,9.04,RENT,< 1 year,1
7917,20000.0,6.03,36,A,debt_consolidation,180000.0,11.74,MORTGAGE,10+ years,0
6480,12000.0,10.91,60,B,credit_card,30000.0,33.94,RENT,8 years,0
9697,35000.0,20.3,60,E,credit_card,138200.0,20.45,RENT,6 years,0
4826,30000.0,10.15,36,B,debt_consolidation,480000.0,6.4,MORTGAGE,10+ years,0
5996,15000.0,11.14,36,B,major_purchase,140000.0,17.3,RENT,1 year,1
9801,16325.0,24.11,60,F,debt_consolidation,110000.0,16.87,OWN,3 years,0
4019,32000.0,15.61,36,D,debt_consolidation,280000.0,16.61,MORTGAGE,4 years,0
7299,2000.0,8.59,36,A,debt_consolidation,87000.0,12.12,RENT,1 year,0
1109,18200.0,12.79,60,C,credit_card,78000.0,25.18,MORTGAGE,< 1 year,0
2617,15475.0,12.29,36,C,credit_card,64009.0,38.71,MORTGAGE,Unknown,0
565,13600.0,15.31,36,C,debt_consolidation,65000.0,23.15,MORTGAGE,3 years,0
2696,5000.0,14.65,36,C,debt_consolidation,39000.0,35.66,OWN,10+ years,0
5771,9600.0,11.53,36,B,debt_consolidation,54000.0,6.72,RENT,10+ years,0
7233,12000.0,8.38,36,B,home_improvement,56810.0,28.79,MORTGAGE,5 years,0
1411,24000.0,12.29,36,C,debt_consolidation,72000.0,26.1,MORTGAGE,10+ years,0
6580,10000.0,11.14,36,B,credit_card,98400.0,12.45,MORTGAGE,< 1 year,0
10187,12000.0,14.08,36,C,credit_card,45000.0,48.16,OWN,2 years,0
10585,28000.0,7.9,36,A,credit_card,126000.0,11.71,MORTGAGE,10+ years,0
9603,25500.0,18.25,60,E,debt_consolidation,51000.0,16.19,RENT,< 1 year,0
2942,12000.0,15.61,60,D,credit_card,120000.0,26.51,MORTGAGE,10+ years,0
5840,8000.0,11.99,36,B,debt_consolidation,70000.0,19.72,MORTGAGE,8 years,1
11065,19200.0,6.99,36,A,debt_consolidation,88000.0,16.51,MORTGAGE,8 years,0
4612,10000.0,10.42,36,B,debt_consolidation,30000.0,13.92,RENT,Unknown,0
6048,7000.0,10.42,36,B,debt_consolidation,29772.0,6.93,MORTGAGE,Unknown,0
8875,14500.0,8.08,36,A,debt_consolidation,80000.0,6.17,MORTGAGE,Unknown,0
1438,16000.0,14.98,60,C,debt_consolidation,72000.0,26.23,MORTGAGE,10+ years,0
9735,12000.0,26.3,36,E,debt_consolidation,38480.0,24.36,RENT,2 years,0
4253,11925.0,16.29,36,D,debt_consolidation,42000.0,32.89,OWN,10+ years,0
9024,25000.0,5.32,36,A,home_improvement,75000.0,4.37,MORTGAGE,10+ years,0
6084,3000.0,9.91,36,B,house,34800.0,14.17,MORTGAGE,5 years,0
1816,15000.0,13.98,36,C,other,61000.0,21.62,RENT,< 1 year,0
5740,15000.0,11.49,36,B,major_purchase,75000.0,11.12,RENT,< 1 year,0
6710,9000.0,8.39,36,B,credit_card,109000.0,4.8,MORTGAGE,5 years,0
386,7000.0,14.64,36,C,debt_consolidation,24662.0,12.85,OWN,Unknown,0
6185,12000.0,11.49,60,B,debt_consolidation,73000.0,16.37,MORTGAGE,7 years,0
326,35000.0,13.33,36,C,debt_consolidation,200000.0,0.3,RENT,4 years,0
110,7000.0,13.98,36,C,debt_consolidation,22000.0,8.46,OWN,2 years,0
8883,5000.0,8.9,36,A,debt_consolidation,105000.0,8.37,OWN,10+ years,0
7503,24000.0,7.89,36,A,debt_consolidation,130000.0,19.7,RENT,8 years,0
6997,6025.0,9.76,36,B,medical,75000.0,7.3,MORTGAGE,10+ years,0
5723,21000.0,11.44,60,B,debt_consolidation,51000.0,7.18,MORTGAGE,10+ years,0
4901,14300.0,11.14,36,B,debt_consolidation,36000.0,26.63,MORTGAGE,5 years,0
7017,20000.0,9.8,36,B,debt_consolidation,78465.0,20.18,RENT,10+ years,1
4593,8000.0,11.67,36,B,debt_consolidation,41000.0,9.05,MORTGAGE,9 years,0
2854,20000.0,13.66,60,C,debt_consolidation,76000.0,18.12,RENT,10+ years,0
1148,24825.0,15.99,36,C,renewable_energy,54000.0,6.8,OWN,7 years,0
10328,6000.0,6.03,36,A,debt_consolidation,64000.0,23.95,MORTGAGE,10+ years,0
9305,29400.0,21.18,60,E,debt_consolidation,70000.0,16.76,RENT,1 year,1
3906,1000.0,16.99,36,D,vacation,42144.0,31.06,RENT,Unknown,0
9621,25000.0,20.49,60,E,debt_consolidation,70000.0,23.18,RENT,10+ years,0
6776,24000.0,11.99,60,B,debt_consolidation,209000.0,19.76,MORTGAGE,10+ years,0
4558,8400.0,11.14,36,B,credit_card,101000.0,28.01,MORTGAGE,7 years,1
2889,15075.0,18.25,36,D,debt_consolidation,37000.0,15.13,MORTGAGE,1 year,0
10769,8000.0,10.78,36,B,medical,30000.0,23.01,OWN,Unknown,0
3853,14400.0,18.55,36,D,debt_consolidation,110000.0,20.33,RENT,10+ years,1
2294,15000.0,14.48,60,C,credit_card,45000.0,17.31,RENT,10+ years,1
2493,11700.0,13.35,60,C,debt_consolidation,30000.0,17.6,RENT,1 year,0
936,12000.0,12.29,36,C,debt_consolidation,72500.0,5.41,RENT,10+ years,1
8940,10000.0,6.72,36,A,credit_card,45000.0,23.57,RENT,2 years,0
8429,11300.0,6.49,36,A,credit_card,74000.0,21.11,MORTGAGE,2 years,0
9577,9525.0,20.49,36,E,small_business,82600.0,8.3,RENT,7 years,0
9979,30000.0,30.94,60,G,debt_consolidation,15000.0,103.52,RENT,< 1 year,0
6450,14400.0,11.47,36,B,debt_consolidation,63900.0,27.54,RENT,5 years,0
9463,35000.0,19.19,60,E,credit_card,120000.0,16.11,MORTGAGE,10+ years,0
204,30000.0,12.29,36,C,debt_consolidation,90000.0,22.23,RENT,10+ years,0
4605,15000.0,13.11,36,B,major_purchase,37000.0,14.14,MORTGAGE,2 years,0
7254,12000.0,6.03,36,A,home_improvement,51000.0,9.72,MORTGAGE,10+ years,0
9805,3125.0,21.99,36,F,debt_consolidation,33000.0,32.44,MORTGAGE,4 years,0
666,5500.0,13.59,36,C,credit_card,74000.0,12.23,RENT,4 years,0
1236,8000.0,14.08,36,C,debt_consolidation,34200.0,6.42,MORTGAGE,5 years,0
10887,35000.0,20.99,60,E,debt_consolidation,120000.0,14.65,MORTGAGE,Unknown,0
7035,15000.0,8.18,36,B,debt_consolidation,102000.0,15.13,MORTGAGE,10+ years,0
9899,5800.0,23.33,60,F,debt_consolidation,65000.0,5.79,RENT,10+ years,1
4573,10600.0,10.49,36,B,credit_card,36000.0,30.1,RENT,3 years,0
4149,2500.0,17.09,36,D,home_improvement,60000.0,13.7,MORTGAGE,10+ years,0
6409,14000.0,11.99,60,B,small_business,65000.0,32.37,MORTGAGE,3 years,1
2589,4000.0,12.99,36,C,credit_card,38000.0,14.88,RENT,3 years,0
9202,20000.0,22.15,60,E,debt_consolidation,64000.0,25.09,RENT,10+ years,0
3485,10000.0,20.0,36,D,debt_consolidation,25000.0,63.99,RENT,Unknown,0
5587,10000.0,11.49,36,B,debt_consolidation,44000.0,21.88,OWN,8 years,0
6755,2500.0,9.16,36,B,credit_card,46000.0,16.36,MORTGAGE,< 1 year,1
5172,26000.0,13.11,36,B,credit_card,147000.0,19.28,MORTGAGE,4 years,0
4161,6000.0,20.89,36,D,debt_consolidation,120000.0,21.09,OWN,1 year,0
9545,14950.0,19.19,36,E,debt_consolidation,44000.0,18.88,MORTGAGE,9 years,0
9223,20000.0,22.74,60,E,debt_consolidation,66000.0,12.56,MORTGAGE,8 years,0
10175,8000.0,7.89,36,A,home_improvement,40000.0,37.15,RENT,5 years,0
8430,5000.0,7.62,36,A,credit_card,32000.0,33.38,RENT,1 year,0
4035,25000.0,18.99,60,D,small_business,80800.0,17.54,RENT,8 years,1
4492,6000.0,10.99,36,B,debt_consolidation,64085.0,18.45,MORTGAGE,10+ years,0
6132,12000.0,10.99,36,B,home_improvement,65000.0,16.05,MORTGAGE,< 1 year,0
4726,20000.0,9.75,60,B,credit_card,115000.0,9.86,MORTGAGE,10+ years,0
2981,8700.0,15.58,36,D,medical,60000.0,4.3,OWN,3 years,0
8015,12000.0,5.32,36,A,credit_card,75000.0,12.43,MORTGAGE,< 1 year,0
3547,5400.0,17.99,36,D,debt_consolidation,25000.0,15.31,RENT,7 years,1
8199,10000.0,6.92,36,A,major_purchase,82000.0,16.38,MORTGAGE,3 years,0
2986,1000.0,14.46,60,D,other,33276.0,11.86,MORTGAGE,5 years,0
8275,12000.0,8.39,36,A,credit_card,40000.0,25.47,MORTGAGE,1 year,0
9251,24000.0,19.99,60,E,home_improvement,65000.0,2.79,OWN,9 years,0
6337,4325.0,10.64,36,B,medical,161000.0,12.04,RENT,9 years,0
7913,11000.0,7.69,36,A,credit_card,54000.0,22.02,RENT,5 years,0
4189,10000.0,16.29,36,D,home_improvement,63700.0,10.36,MORTGAGE,6 years,0
1908,9000.0,14.33,36,C,debt_consolidation,86000.0,12.08,RENT,10+ years,0
4228,3000.0,16.49,36,D,other,18000.0,35.73,RENT,1 year,0
4680,7200.0,9.75,36,B,debt_consolidation,110000.0,15.69,MORTGAGE,3 years,0
132,6000.0,14.3,36,C,credit_card,35000.0,6.11,RENT,7 years,0
151,27625.0,14.46,36,C,debt_consolidation,82748.0,28.27,MORTGAGE,7 years,0
3617,20000.0,17.99,60,D,debt_consolidation,80000.0,25.31,RENT,1 year,1
1640,32000.0,12.99,36,C,debt_consolidation,140000.0,15.45,MORTGAGE,10+ years,0
5992,5000.0,10.75,36,B,credit_card,75000.0,13.39,RENT,1 year,0
7738,5000.0,5.79,36,A,debt_consolidation,45000.0,10.08,MORTGAGE,10+ years,0
7315,25000.0,7.26,36,A,credit_card,62000.0,20.91,MORTGAGE,10+ years,0
3890,12000.0,17.86,60,D,debt_consolidation,80000.0,26.36,MORTGAGE,7 years,1
8829,25000.0,8.19,36,A,credit_card,100800.0,8.45,RENT,Unknown,0
5389,3000.0,11.99,36,B,debt_consolidation,37500.0,19.2,RENT,10+ years,1
6905,8000.0,11.44,36,B,credit_card,32500.0,27.51,RENT,7 years,1
8803,17000.0,7.89,36,A,debt_consolidation,65000.0,27.77,RENT,1 year,0
10557,5000.0,11.53,36,B,credit_card,45000.0,23.65,RENT,10+ years,0
6611,6000.0,12.99,36,B,credit_card,65000.0,25.04,MORTGAGE,4 years,0
6341,20000.0,9.99,36,B,debt_consolidation,65000.0,6.31,MORTGAGE,10+ years,0
7529,8000.0,6.39,36,A,debt_consolidation,65000.0,23.06,MORTGAGE,< 1 year,0
7549,3000.0,7.26,36,A,credit_card,40000.0,11.85,RENT,10+ years,0
3692,35000.0,16.29,60,D,debt_consolidation,99000.0,32.49,MORTGAGE,10+ years,1
7436,10000.0,5.93,36,A,debt_consolidation,80000.0,15.59,MORTGAGE,7 years,0
7839,28800.0,5.32,36,A,credit_card,92000.0,23.43,MORTGAGE,10+ years,0
7926,10400.0,7.39,36,A,debt_consolidation,44000.0,17.49,OWN,Unknown,0
3635,7575.0,15.61,36,D,debt_consolidation,70000.0,8.31,MORTGAGE,4 years,0
982,14400.0,17.27,36,C,debt_consolidation,80000.0,25.52,MORTGAGE,10+ years,0
2204,33575.0,15.61,36,C,debt_consolidation,80000.0,21.44,RENT,8 years,1
3024,26000.0,17.57,60,D,debt_consolidation,115000.0,15.59,OWN,< 1 year,0
9073,7200.0,7.49,36,A,debt_consolidation,140000.0,5.49,MORTGAGE,10+ years,0
4890,4200.0,13.53,36,B,debt_consolidation,50000.0,10.78,OWN,3 years,0
8799,6500.0,6.49,36,A,car,55000.0,6.55,MORTGAGE,< 1 year,0
8693,12000.0,7.89,36,A,credit_card,100000.0,18.8,OWN,10+ years,0
2596,15600.0,15.99,36,C,debt_consolidation,50000.0,18.63,RENT,5 years,0
9834,24375.0,25.88,60,F,credit_card,60000.0,35.38,RENT,10+ years,1
4667,35000.0,9.99,36,B,credit_card,425000.0,19.63,MORTGAGE,10+ years,0
3568,4000.0,18.45,36,D,other,95000.0,11.69,RENT,2 years,0
953,11000.0,15.05,36,C,home_improvement,62000.0,22.18,MORTGAGE,5 years,0
1035,10600.0,13.99,36,C,credit_card,29848.0,26.5,RENT,2 years,0
3139,14075.0,16.99,60,D,debt_consolidation,40000.0,31.94,MORTGAGE,10+ years,1
3678,9000.0,18.99,36,D,debt_consolidation,30000.0,35.18,RENT,2 years,1
3821,4625.0,16.99,36,D,debt_consolidation,24000.0,19.85,RENT,7 years,0
5363,20000.0,11.99,36,B,debt_consolidation,57000.0,25.2,RENT,10+ years,0
8828,18000.0,7.49,36,A,debt_consolidation,65000.0,19.15,OWN,10+ years,0
5471,5675.0,11.47,36,B,debt_consolidation,52000.0,22.22,RENT,8 years,0
8378,10000.0,7.51,36,A,debt_consolidation,57000.0,8.97,MORTGAGE,10+ years,0
4048,35000.0,16.49,36,D,debt_consolidation,94000.0,20.66,RENT,10+ years,0
7586,12000.0,6.49,36,A,debt_consolidation,96280.0,3.22,MORTGAGE,3 years,0
2610,30000.0,13.98,36,C,credit_card,106643.0,13.35,MORTGAGE,10+ years,0
10258,12250.0,13.67,36,D,debt_consolidation,30000.0,13.28,RENT,< 1 year,1
3429,7200.0,15.65,60,D,debt_consolidation,36480.0,10.53,RENT,3 years,0
2924,16000.0,17.99,36,D,debt_consolidation,57000.0,21.38,RENT,1 year,0
2757,7000.0,14.99,36,C,credit_card,21120.0,20.28,RENT,1 year,0
4919,18000.0,12.85,36,B,debt_consolidation,48000.0,11.12,OWN,3 years,0
9331,24625.0,26.24,36,E,debt_consolidation,75000.0,18.3,RENT,10+ years,1
7668,16000.0,7.35,36,A,credit_card,113300.0,14.32,MORTGAGE,5 years,0
4347,30000.0,10.42,36,B,credit_card,200000.0,14.98,RENT,2 years,1
3701,13200.0,18.25,60,D,debt_consolidation,85000.0,7.81,RENT,8 years,0
9134,20000.0,5.32,36,A,other,250000.0,3.83,MORTGAGE,10+ years,0
2141,23400.0,13.98,36,C,debt_consolidation,80000.0,20.83,RENT,7 years,0
6260,12000.0,10.99,60,B,debt_consolidation,41000.0,13.35,RENT,< 1 year,0
7500,3500.0,7.9,36,A,debt_consolidation,63945.0,13.76,RENT,6 years,0
821,7200.0,15.31,36,C,credit_card,20000.0,34.48,OWN,2 years,0
5759,10000.0,10.49,36,B,debt_consolidation,275000.0,14.28,MORTGAGE,1 year,1
9789,35000.0,24.99,60,F,debt_consolidation,90000.0,27.31,MORTGAGE,3 years,1
3043,8000.0,21.45,36,D,home_improvement,80000.0,2.38,MORTGAGE,2 years,0
10915,17500.0,12.74,36,C,debt_consolidation,54600.0,21.36,RENT,5 years,1
8568,26400.0,6.39,36,A,debt_consolidation,186000.0,15.83,MORTGAGE,10+ years,0
4341,19000.0,11.14,36,B,debt_consolidation,54586.0,19.83,RENT,5 years,0
8989,7000.0,7.39,36,A,home_improvement,84500.0,18.43,RENT,4 years,0
327,10000.0,12.99,36,C,debt_consolidation,52000.0,22.89,MORTGAGE,7 years,0
1874,4000.0,16.24,36,C,credit_card,20700.0,11.71,RENT,Unknown,1
8463,12000.0,5.79,36,A,home_improvement,66000.0,12.58,MORTGAGE,10+ years,0
1781,35000.0,13.33,60,C,debt_consolidation,162410.0,13.42,MORTGAGE,10+ years,0
3308,21000.0,19.99,36,D,debt_consolidation,105000.0,18.65,RENT,10+ years,0
6100,4000.0,8.18,36,B,debt_consolidation,27986.0,5.79,MORTGAGE,10+ years,0
6136,4500.0,9.17,36,B,medical,50000.0,22.76,MORTGAGE,10+ years,0
6791,7000.0,10.36,36,B,major_purchase,60000.0,13.94,RENT,10+ years,0
3843,12000.0,16.49,60,D,debt_consolidation,36840.0,31.34,OWN,5 years,1
2778,35000.0,14.49,60,C,debt_consolidation,75000.0,14.51,RENT,10+ years,0
1947,7000.0,14.65,36,C,debt_consolidation,75000.0,18.51,MORTGAGE,10+ years,0
6002,20000.0,12.12,36,B,debt_consolidation,80000.0,21.2,MORTGAGE,7 years,0
9910,24575.0,23.28,60,F,debt_consolidation,65000.0,23.28,MORTGAGE,5 years,1
3788,17825.0,18.99,36,D,debt_consolidation,110000.0,22.93,MORTGAGE,10+ years,0
1968,1500.0,13.49,36,C,debt_consolidation,90000.0,30.83,OWN,8 years,0
10087,3000.0,11.49,36,B,credit_card,25000.0,21.65,OWN,2 years,0
833,18450.0,11.99,36,C,debt_consolidation,95000.0,21.49,RENT,8 years,0
9011,14000.0,5.32,36,A,credit_card,34000.0,28.27,RENT,4 years,0
4611,21000.0,9.17,60,B,debt_consolidation,165000.0,14.61,MORTGAGE,10+ years,0
10315,32000.0,20.99,36,E,medical,64000.0,26.17,MORTGAGE,10+ years,1
9598,35000.0,23.32,36,E,other,227000.0,1.18,RENT,5 years,1
1357,29100.0,15.31,36,C,credit_card,69321.0,28.84,OWN,6 years,0
2740,7000.0,12.79,36,C,debt_consolidation,31200.0,30.62,RENT,2 years,0
4847,20000.0,12.12,36,B,debt_consolidation,78000.0,6.52,MORTGAGE,3 years,0
6422,15000.0,13.11,36,B,credit_card,97000.0,4.7,MORTGAGE,10+ years,0
6420,5000.0,10.15,36,B,debt_consolidation,115000.0,6.18,MORTGAGE,8 years,0
7339,26000.0,7.26,36,A,debt_consolidation,119000.0,21.61,RENT,2 years,0
9253,1000.0,21.48,36,E,other,45000.0,9.63,RENT,3 years,0
7894,4200.0,5.32,36,A,major_purchase,78000.0,12.6,MORTGAGE,8 years,0
3577,12600.0,15.61,60,D,credit_card,30000.0,22.65,RENT,Unknown,0
10934,7000.0,6.03,36,A,credit_card,48000.0,12.1,RENT,3 years,0
10427,14000.0,11.99,36,C,debt_consolidation,50000.0,22.7,MORTGAGE,6 years,0
4151,11350.0,16.99,36,D,home_improvement,45000.0,36.19,MORTGAGE,3 years,1
997,22025.0,12.59,60,C,credit_card,98000.0,33.7,RENT,9 years,0
6738,17000.0,11.99,60,B,credit_card,45000.0,21.89,MORTGAGE,5 years,0
460,2000.0,13.18,36,C,other,50000.0,14.55,OWN,1 year,0
10679,9100.0,14.33,36,C,credit_card,60000.0,28.98,OWN,10+ years,0
250,24000.0,12.79,36,C,debt_consolidation,175000.0,17.9,MORTGAGE,2 years,0
7676,5000.0,7.99,36,A,other,90000.0,0.99,OWN,10+ years,0
7351,9600.0,5.32,36,A,credit_card,99000.0,27.9,MORTGAGE,10+ years,0
3330,3125.0,15.99,36,D,debt_consolidation,30000.0,7.32,RENT,Unknown,0
9988,35000.0,29.96,60,G,debt_consolidation,99625.0,18.59,MORTGAGE,10+ years,0
10062,6000.0,8.18,36,B,debt_consolidation,36000.0,9.11,RENT,4 years,0
2954,11200.0,17.86,36,D,debt_consolidation,46251.4,38.01,MORTGAGE,10+ years,0
5428,30000.0,9.49,36,B,debt_consolidation,125000.0,17.52,MORTGAGE,7 years,0
9640,35000.0,18.55,36,E,debt_consolidation,80000.0,35.24,RENT,3 years,0
8792,15000.0,6.03,36,A,debt_consolidation,52000.0,8.79,MORTGAGE,2 years,0
9699,21600.0,22.47,60,E,other,100000.0,5.22,RENT,10+ years,1
10808,30000.0,18.84,60,E,debt_consolidation,175000.0,15.91,MORTGAGE,5 years,1
4049,7900.0,17.77,36,D,credit_card,45000.0,24.69,MORTGAGE,5 years,0
6701,9975.0,12.49,36,B,credit_card,52000.0,27.95,RENT,10+ years,0
7663,16000.0,6.24,36,A,debt_consolidation,45000.0,26.16,RENT,10+ years,0
10898,15000.0,8.49,36,B,debt_consolidation,105000.0,24.9,MORTGAGE,7 years,0
9465,3150.0,20.49,36,E,debt_consolidation,32000.0,32.6,RENT,4 years,1
340,15000.0,14.49,60,C,credit_card,50000.0,19.88,RENT,10+ years,0
4205,18375.0,16.99,60,D,debt_consolidation,40000.0,15.99,RENT,< 1 year,0
7373,9000.0,6.83,36,A,credit_card,57500.0,12.75,OWN,1 year,0
2258,10975.0,13.35,36,C,debt_consolidation,43000.0,34.27,RENT,8 years,0
10652,12000.0,8.39,36,A,debt_consolidation,70000.0,13.31,RENT,2 years,0
8288,15000.0,7.89,36,A,debt_consolidation,120000.0,23.73,RENT,10+ years,0
3774,14100.0,17.57,60,D,debt_consolidation,42000.0,31.8,MORTGAGE,3 years,0
10884,10000.0,7.35,36,A,debt_consolidation,36000.0,19.1,RENT,3 years,0
5270,2900.0,8.39,36,B,debt_consolidation,44000.0,12.0,RENT,10+ years,0
3018,13550.0,16.99,36,D,house,40000.0,34.02,RENT,6 years,0
2025,8500.0,16.29,36,C,credit_card,30000.0,15.76,RENT,Unknown,0
10300,1000.0,16.46,36,C,other,25000.0,18.67,RENT,2 years,0
5568,8000.0,8.18,36,B,debt_consolidation,50000.0,16.59,OWN,5 years,0
1903,35000.0,14.65,60,C,debt_consolidation,105000.0,26.15,MORTGAGE,7 years,0
3377,15400.0,16.99,60,D,debt_consolidation,50600.0,35.46,RENT,10+ years,1
6464,6600.0,10.91,36,B,credit_card,33000.0,25.27,RENT,10+ years,0
9439,18200.0,22.47,60,E,debt_consolidation,54000.0,20.64,MORTGAGE,7 years,1
3796,35000.0,19.03,36,D,debt_consolidation,149000.0,11.8,RENT,4 years,1
9696,10000.0,23.99,36,E,debt_consolidation,61014.0,31.83,MORTGAGE,10+ years,1
137,20000.0,14.64,60,C,debt_consolidation,100000.0,11.62,RENT,10+ years,0
8807,12600.0,5.32,36,A,debt_consolidation,125000.0,13.98,RENT,9 years,0
5698,12000.0,9.16,36,B,debt_consolidation,65000.0,13.98,OWN,10+ years,0
7703,21000.0,8.39,36,A,debt_consolidation,120000.0,19.72,MORTGAGE,10+ years,0
1396,6000.0,16.02,36,C,other,25000.0,30.92,OWN,Unknown,0
3703,7550.0,19.52,36,D,debt_consolidation,47840.0,18.64,MORTGAGE,3 years,0
324,5500.0,12.39,36,C,debt_consolidation,35000.0,14.44,OWN,3 years,1
5892,6000.0,11.53,36,B,debt_consolidation,80000.0,21.66,RENT,10+ years,0
8960,6000.0,7.12,36,A,debt_consolidation,80144.0,16.1,MORTGAGE,10+ years,0
6853,18500.0,13.67,36,B,debt_consolidation,39800.0,18.21,OWN,10+ years,0
9586,3575.0,19.52,36,E,debt_consolidation,20000.0,19.51,MORTGAGE,2 years,0
1835,10000.0,15.59,36,C,debt_consolidation,29500.0,9.56,RENT,3 years,0
4654,7000.0,8.18,36,B,credit_card,20000.0,14.17,RENT,1 year,0
5303,6000.0,10.64,36,B,credit_card,42000.0,23.83,RENT,5 years,0
493,8500.0,12.29,36,C,debt_consolidation,45000.0,27.23,MORTGAGE,Unknown,1
4348,6500.0,11.49,36,B,debt_consolidation,50000.0,15.24,RENT,10+ years,0
8194,12000.0,6.97,36,A,debt_consolidation,83000.0,16.11,MORTGAGE,10+ years,0
5809,9850.0,12.49,36,B,home_improvement,55000.0,2.81,OWN,10+ years,1
7291,2000.0,6.72,36,A,other,17952.0,0.0,MORTGAGE,Unknown,0
6502,12000.0,9.49,36,B,debt_consolidation,50000.0,26.5,RENT,10+ years,0
7599,20000.0,6.03,36,A,debt_consolidation,75000.0,6.86,MORTGAGE,1 year,0
1335,14000.0,12.61,60,C,credit_card,55000.0,18.37,RENT,10+ years,0
6047,1800.0,11.55,36,B,debt_consolidation,27000.0,15.78,RENT,2 years,0
587,10875.0,13.99,36,C,credit_card,68000.0,16.71,OWN,2 years,1
7853,7500.0,5.32,36,A,home_improvement,82000.0,7.98,MORTGAGE,10+ years,0
8719,14000.0,7.89,36,A,other,80000.0,26.72,MORTGAGE,9 years,0
4596,5000.0,9.44,36,B,debt_consolidation,45000.0,31.76,RENT,Unknown,0
497,9000.0,13.99,36,C,credit_card,37000.0,39.8,RENT,3 years,0
3354,6000.0,18.85,36,D,home_improvement,65000.0,22.91,OWN,10+ years,0
5268,11000.0,9.99,36,B,credit_card,50000.0,11.67,MORTGAGE,8 years,0
3384,12000.0,16.29,60,D,debt_consolidation,62000.0,8.5,MORTGAGE,< 1 year,0
5678,1700.0,11.11,36,B,debt_consolidation,17688.0,11.47,RENT,< 1 year,0
2971,4125.0,19.52,36,D,debt_consolidation,34000.0,16.16,RENT,< 1 year,1
5425,28000.0,9.17,36,B,debt_consolidation,100000.0,35.97,OWN,10+ years,0
5749,8000.0,11.53,36,B,credit_card,82000.0,25.95,MORTGAGE,10+ years,0
599,20000.0,14.99,60,C,home_improvement,115000.0,13.67,MORTGAGE,10+ years,1
4279,10000.0,15.61,60,D,debt_consolidation,84000.0,12.4,MORTGAGE,2 years,1
2256,40000.0,15.04,60,C,credit_card,80000.0,7.59,RENT,2 years,0
5325,6250.0,10.99,36,B,debt_consolidation,118400.0,17.77,OWN,1 year,0
5618,18500.0,9.16,36,B,debt_consolidation,62000.0,19.2,MORTGAGE,< 1 year,0
4918,12175.0,12.49,36,B,debt_consolidation,36480.0,10.53,MORTGAGE,10+ years,1
9179,16000.0,26.24,36,E,home_improvement,89000.0,28.18,MORTGAGE,7 years,0
5173,10900.0,9.49,36,B,debt_consolidation,40000.0,16.74,MORTGAGE,3 years,1
10084,10000.0,11.99,36,B,credit_card,45000.0,19.36,RENT,2 years,0
4638,16000.0,12.85,36,B,debt_consolidation,53888.0,16.38,OWN,10+ years,0
7930,15000.0,5.32,36,A,credit_card,230000.0,8.22,RENT,< 1 year,0
10838,7500.0,9.49,36,B,debt_consolidation,60000.0,10.08,MORTGAGE,3 years,0
2514,4800.0,14.65,36,C,debt_consolidation,40000.0,11.46,OWN,1 year,0
7735,16000.0,6.03,36,A,credit_card,70000.0,3.21,MORTGAGE,10+ years,0
2347,30000.0,14.46,60,C,debt_consolidation,110000.0,20.14,RENT,< 1 year,0
5813,3000.0,12.49,36,B,debt_consolidation,50000.0,21.58,RENT,10+ years,0
6457,18400.0,11.49,36,B,debt_consolidation,89000.0,30.68,RENT,5 years,0
4983,15900.0,13.67,36,B,debt_consolidation,60000.0,34.88,RENT,10+ years,0
4853,12000.0,9.99,36,B,debt_consolidation,50000.0,22.78,RENT,< 1 year,0
4136,12000.0,18.85,36,D,debt_consolidation,55000.0,15.77,RENT,10+ years,0
9167,8400.0,21.99,36,E,debt_consolidation,24766.0,24.92,RENT,2 years,1
2412,39000.0,12.99,60,C,debt_consolidation,85000.0,20.29,MORTGAGE,10+ years,0
3910,14400.0,16.99,36,D,debt_consolidation,40000.0,38.76,OWN,5 years,0
375,18000.0,13.18,60,C,debt_consolidation,47000.0,17.95,RENT,1 year,1
4139,24000.0,17.49,60,D,small_business,60000.0,8.96,RENT,10+ years,1
9538,16800.0,19.52,60,E,debt_consolidation,48000.0,21.4,MORTGAGE,1 year,0
11200,10000.0,12.69,36,C,debt_consolidation,38000.0,16.65,MORTGAGE,9 years,0
10388,12000.0,11.11,36,B,debt_consolidation,53000.0,21.31,RENT,6 years,0
10203,20000.0,7.35,36,A,home_improvement,65184.0,23.49,MORTGAGE,8 years,0
7666,20000.0,7.62,36,A,debt_consolidation,70000.0,7.13,OWN,10+ years,0
10466,5825.0,14.99,36,C,debt_consolidation,62000.0,1.7,RENT,9 years,0
4449,7000.0,9.16,36,B,debt_consolidation,120000.0,16.1,MORTGAGE,< 1 year,0
3112,35000.0,16.99,60,D,debt_consolidation,100000.0,16.9,RENT,7 years,1
9900,21225.0,25.78,60,F,home_improvement,65000.0,16.03,MORTGAGE,10+ years,1
4856,5000.0,9.17,36,B,debt_consolidation,85000.0,13.77,RENT,1 year,0
4256,26525.0,16.99,36,D,debt_consolidation,80000.0,28.61,MORTGAGE,10+ years,0
8934,23550.0,7.97,36,A,debt_consolidation,68700.0,46.83,MORTGAGE,< 1 year,0
5968,5675.0,8.18,36,B,debt_consolidation,35000.0,34.96,RENT,5 years,0
2015,15000.0,14.65,60,C,home_improvement,45000.0,20.32,MORTGAGE,< 1 year,0
4590,1500.0,10.49,36,B,debt_consolidation,28600.0,19.51,RENT,6 years,0
6515,12000.0,9.99,60,B,debt_consolidation,70000.0,27.14,OWN,7 years,0
9273,1500.0,18.99,36,E,other,52000.0,22.58,RENT,9 years,0
1869,26400.0,15.31,36,C,debt_consolidation,71000.0,15.42,OWN,10+ years,0
3125,12000.0,20.0,36,D,other,95000.0,26.44,MORTGAGE,10+ years,1
9959,12000.0,30.89,60,G,debt_consolidation,85000.0,32.45,MORTGAGE,Unknown,0
5165,16000.0,8.24,36,B,home_improvement,78000.0,5.91,MORTGAGE,< 1 year,0
10552,10000.0,23.43,60,F,other,62072.0,13.94,RENT,< 1 year,1
10094,35000.0,15.8,36,C,debt_consolidation,83895.0,19.6,MORTGAGE,3 years,1
7174,6000.0,9.17,36,B,debt_consolidation,19000.0,28.74,RENT,4 years,0
1163,25000.0,16.02,60,C,home_improvement,102000.0,18.66,OWN,10+ years,0
6700,6000.0,9.17,36,B,debt_consolidation,35000.0,8.44,RENT,1 year,0
10066,40000.0,12.62,60,C,medical,100000.0,4.52,RENT,10+ years,0
10519,9450.0,14.33,36,C,debt_consolidation,28000.0,28.77,RENT,6 years,1
2088,15750.0,13.99,60,C,debt_consolidation,78000.0,32.96,RENT,5 years,0
8833,12000.0,7.89,36,A,credit_card,48850.0,8.08,MORTGAGE,5 years,0
3130,15600.0,15.33,36,D,credit_card,110000.0,21.33,RENT,5 years,0
42,14000.0,13.35,36,C,credit_card,55000.0,19.27,RENT,1 year,0
1254,14400.0,15.05,36,C,debt_consolidation,70000.0,24.74,OWN,Unknown,0
1648,1000.0,13.49,36,C,small_business,35100.0,6.19,RENT,8 years,0
1248,10000.0,13.49,36,C,debt_consolidation,42000.0,33.49,RENT,10+ years,0
9493,35000.0,19.99,60,E,debt_consolidation,73000.0,34.98,MORTGAGE,6 years,1
4681,12000.0,9.67,36,B,credit_card,50000.0,5.93,MORTGAGE,10+ years,0
7074,14500.0,12.12,36,B,debt_consolidation,80000.0,22.7,RENT,4 years,0
8899,30000.0,7.97,36,A,debt_consolidation,84000.0,14.89,MORTGAGE,7 years,0
6569,15000.0,11.06,36,B,debt_consolidation,60000.0,7.6,MORTGAGE,10+ years,0
6251,9600.0,10.99,36,B,credit_card,60000.0,9.0,MORTGAGE,10+ years,0
8197,10500.0,6.24,36,A,credit_card,55000.0,10.6,RENT,10+ years,0
5010,15000.0,12.35,36,B,debt_consolidation,45000.0,10.05,RENT,6 years,0
8736,14000.0,5.32,36,A,credit_card,62000.0,17.62,RENT,1 year,0
6958,10000.0,8.39,36,B,credit_card,112000.0,14.8,RENT,4 years,0
9917,12500.0,24.08,60,F,home_improvement,40000.0,11.82,OWN,10+ years,0
6886,8000.0,11.47,36,B,debt_consolidation,68000.0,13.24,RENT,10+ years,1
10644,35000.0,15.59,36,C,debt_consolidation,113000.0,20.63,MORTGAGE,6 years,0
453,10000.0,12.29,36,C,debt_consolidation,35000.0,20.85,RENT,5 years,1
9675,9150.0,19.99,36,E,house,75000.0,21.96,RENT,10+ years,1
435,17000.0,12.59,60,C,debt_consolidation,220000.0,15.4,MORTGAGE,6 years,0
3081,35000.0,15.61,36,D,debt_consolidation,450000.0,4.24,MORTGAGE,10+ years,0
9181,17600.0,22.39,36,E,debt_consolidation,40000.0,25.59,MORTGAGE,3 years,1
3645,35000.0,17.57,60,D,debt_consolidation,130000.0,26.96,RENT,< 1 year,0
8145,9000.0,6.92,36,A,credit_card,53000.0,6.82,MORTGAGE,10+ years,0
10579,8000.0,13.23,36,C,other,180000.0,7.86,MORTGAGE,2 years,0
4394,30000.0,9.49,36,B,credit_card,92000.0,21.29,MORTGAGE,10+ years,0
3741,2400.0,15.61,36,D,debt_consolidation,71552.0,8.03,MORTGAGE,10+ years,0
2424,35000.0,13.99,60,C,credit_card,118432.0,7.65,RENT,1 year,0
3697,6400.0,18.25,36,D,debt_consolidation,20000.0,37.82,RENT,< 1 year,0
808,11750.0,13.49,36,C,debt_consolidation,40000.0,33.33,MORTGAGE,10+ years,1
3622,7375.0,17.57,36,D,debt_consolidation,21000.0,20.06,RENT,3 years,0
5339,5000.0,10.15,36,B,debt_consolidation,84000.0,17.76,MORTGAGE,10+ years,0
7572,10000.0,6.89,36,A,credit_card,65000.0,31.76,RENT,4 years,0
9217,12000.0,22.91,36,E,debt_consolidation,50000.0,29.4,MORTGAGE,10+ years,0
3612,30000.0,17.77,36,D,small_business,165000.0,19.85,MORTGAGE,7 years,0
4570,10000.0,10.49,36,B,credit_card,55000.0,25.64,RENT,2 years,0
126,8000.0,13.99,36,C,credit_card,80000.0,25.77,RENT,2 years,0
7756,36000.0,5.32,36,A,debt_consolidation,411000.0,7.83,MORTGAGE,4 years,0
10741,23200.0,19.47,36,D,other,108000.0,9.89,MORTGAGE,10+ years,0
10111,11000.0,16.01,60,C,credit_card,115000.0,23.05,RENT,Unknown,0
6424,20000.0,10.99,60,B,debt_consolidation,162000.0,8.64,MORTGAGE,3 years,0
682,25000.0,13.33,60,C,debt_consolidation,87000.0,14.04,MORTGAGE,3 years,0
2394,10000.0,12.99,36,C,debt_consolidation,31000.0,24.43,MORTGAGE,10+ years,0
2325,8000.0,13.49,36,C,debt_consolidation,60000.0,14.42,MORTGAGE,10+ years,0
2323,27600.0,14.49,36,C,debt_consolidation,75000.0,25.49,MORTGAGE,10+ years,1
1728,23000.0,13.35,36,C,debt_consolidation,178000.0,12.55,MORTGAGE,4 years,0
1356,12250.0,17.1,36,C,credit_card,35000.0,30.75,RENT,3 years,0
4891,24000.0,10.15,36,B,home_improvement,102000.0,11.74,MORTGAGE,10+ years,0
10343,12000.0,15.59,36,C,debt_consolidation,40000.0,18.63,OWN,10+ years,0
7776,7000.0,5.32,36,A,debt_consolidation,68341.0,16.52,RENT,6 years,0
2112,14000.0,13.99,36,C,debt_consolidation,100000.0,12.01,MORTGAGE,< 1 year,0
399,32000.0,11.99,36,C,debt_consolidation,132000.0,19.68,MORTGAGE,5 years,0
5291,8500.0,9.17,36,B,debt_consolidation,40414.07,27.92,RENT,6 years,0
996,9000.0,13.18,36,C,other,44000.0,15.13,MORTGAGE,9 years,0
9953,35000.0,30.79,60,G,debt_consolidation,125000.0,20.16,OWN,10+ years,1
4520,6000.0,8.24,36,B,debt_consolidation,88000.0,24.55,MORTGAGE,10+ years,0
3706,16000.0,19.72,60,D,other,62500.0,21.47,RENT,< 1 year,0
9759,32000.0,22.45,60,E,debt_consolidation,122000.0,18.83,RENT,4 years,1
3755,16450.0,18.25,60,D,debt_consolidation,40000.0,20.97,RENT,2 years,0
3587,25950.0,18.99,60,D,debt_consolidation,59000.0,6.29,RENT,< 1 year,0
7974,1000.0,7.89,36,A,debt_consolidation,62652.0,16.37,OWN,1 year,0
4991,20000.0,9.99,60,B,credit_card,75000.0,21.47,RENT,< 1 year,1
5148,20000.0,10.15,36,B,debt_consolidation,48193.6,24.18,MORTGAGE,10+ years,0
11021,20750.0,8.9,36,A,debt_consolidation,90000.0,5.23,RENT,5 years,0
10209,20000.0,12.69,36,C,small_business,75000.0,21.57,MORTGAGE,5 years,1
10279,21000.0,8.39,36,B,credit_card,120000.0,29.23,MORTGAGE,10+ years,0
8384,5000.0,5.32,36,A,credit_card,40000.0,13.38,MORTGAGE,10+ years,0
1641,6175.0,15.99,36,C,debt_consolidation,45058.0,27.89,MORTGAGE,10+ years,0
2571,11000.0,12.69,60,C,credit_card,36000.0,25.6,RENT,4 years,1
2257,11875.0,11.99,36,C,credit_card,27000.0,15.46,OWN,10+ years,0
1636,9350.0,11.99,36,C,debt_consolidation,32500.0,30.23,RENT,5 years,0
10930,8000.0,6.97,36,A,credit_card,50000.0,12.28,RENT,10+ years,0
10826,35000.0,20.99,60,E,home_improvement,150000.0,7.14,MORTGAGE,8 years,0
1978,16000.0,13.59,36,C,debt_consolidation,70000.0,23.11,MORTGAGE,10+ years,0
10025,24000.0,12.99,36,C,debt_consolidation,90000.0,17.51,MORTGAGE,10+ years,0
5320,5000.0,9.17,36,B,credit_card,46500.0,14.94,RENT,3 years,0
7972,10000.0,8.59,36,A,debt_consolidation,84000.0,8.51,MORTGAGE,4 years,0
4572,10000.0,9.49,36,B,credit_card,40000.0,9.54,RENT,9 years,1
9138,25000.0,5.32,36,A,credit_card,77000.0,16.66,OWN,10+ years,0
4474,23900.0,11.49,36,B,debt_consolidation,60000.0,20.92,RENT,7 years,0
8646,10000.0,8.39,36,A,credit_card,70000.0,9.86,MORTGAGE,10+ years,0
6815,9600.0,10.42,36,B,debt_consolidation,30000.0,30.96,RENT,Unknown,1
6793,16000.0,12.49,36,B,credit_card,53148.0,15.71,RENT,7 years,0
11144,11075.0,17.86,36,D,debt_consolidation,56000.0,23.68,OWN,7 years,1
10495,15000.0,11.44,36,B,debt_consolidation,62750.0,23.41,MORTGAGE,6 years,1
3132,15175.0,16.55,60,D,debt_consolidation,54000.0,32.36,OWN,10+ years,0
9657,3925.0,18.54,36,E,debt_consolidation,16436.0,20.96,RENT,3 years,0
4836,5500.0,11.49,36,B,debt_consolidation,83000.0,17.27,OWN,4 years,0
9332,20000.0,18.55,60,E,debt_consolidation,50000.0,29.98,RENT,7 years,1
7778,12000.0,6.03,36,A,credit_card,58000.0,17.96,RENT,8 years,0
1659,33425.0,14.33,60,C,debt_consolidation,75000.0,16.14,MORTGAGE,4 years,0
6281,21000.0,10.99,36,B,credit_card,73700.0,14.87,OWN,10+ years,0
4585,3000.0,11.99,36,B,credit_card,35000.0,11.8,RENT,10+ years,0
2124,9900.0,14.33,36,C,debt_consolidation,41000.0,14.9,RENT,8 years,1
949,7000.0,16.29,36,C,debt_consolidation,135000.0,20.52,RENT,1 year,0
2442,10000.0,13.98,36,C,medical,52000.0,17.75,RENT,10+ years,0
6866,35000.0,9.76,36,B,debt_consolidation,130000.0,25.64,MORTGAGE,10+ years,0
8149,1500.0,7.97,36,A,credit_card,40000.0,15.15,MORTGAGE,10+ years,0
5724,21000.0,8.67,36,B,credit_card,94500.0,12.17,MORTGAGE,10+ years,0
6864,5950.0,11.14,36,B,debt_consolidation,56000.0,23.44,RENT,10+ years,0
806,5000.0,12.59,36,C,debt_consolidation,24000.0,25.14,RENT,Unknown,0
3028,13475.0,16.29,36,D,debt_consolidation,50000.0,28.61,RENT,10+ years,1
7367,40000.0,8.59,36,A,home_improvement,118000.0,14.82,MORTGAGE,10+ years,0
4371,6000.0,9.71,36,B,debt_consolidation,42000.0,30.69,RENT,10+ years,1
3012,2400.0,17.57,36,D,debt_consolidation,35000.0,25.93,RENT,7 years,0
1104,25750.0,13.99,60,C,home_improvement,70000.0,10.39,MORTGAGE,10+ years,0
5104,18250.0,9.99,36,B,debt_consolidation,56125.0,21.6,MORTGAGE,3 years,0
2495,13000.0,12.74,36,C,other,95000.0,13.25,MORTGAGE,10+ years,0
5106,30000.0,8.24,36,B,debt_consolidation,90000.0,16.77,OWN,10+ years,0
10013,28000.0,19.99,60,E,debt_consolidation,141000.0,18.7,MORTGAGE,10+ years,0
9005,15000.0,6.49,36,A,debt_consolidation,110000.0,11.6,MORTGAGE,10+ years,0
2126,9000.0,14.16,36,C,debt_consolidation,42000.0,21.4,RENT,2 years,0
9399,24000.0,21.48,60,E,debt_consolidation,90000.0,20.41,MORTGAGE,Unknown,0
6762,9750.0,11.55,36,B,credit_card,28000.0,33.0,MORTGAGE,4 years,0
2060,9600.0,15.99,36,C,debt_consolidation,35000.0,14.95,RENT,3 years,0
9103,25000.0,5.32,36,A,debt_consolidation,150000.0,23.83,MORTGAGE,6 years,0
9282,6150.0,24.49,36,E,house,24000.0,32.3,OWN,3 years,1
8986,16000.0,6.08,36,A,debt_consolidation,69000.0,28.99,MORTGAGE,8 years,0
8473,9600.0,7.69,36,A,debt_consolidation,60000.0,10.92,MORTGAGE,6 years,0
413,7500.0,14.49,36,C,debt_consolidation,50000.0,17.14,MORTGAGE,7 years,0
3361,10000.0,14.96,36,D,debt_consolidation,72000.0,14.93,MORTGAGE,9 years,0
3636,35000.0,15.61,60,D,credit_card,100000.0,16.56,RENT,10+ years,0
1509,30000.0,14.99,36,C,credit_card,126000.0,18.38,OWN,3 years,0
3276,19600.0,17.57,60,D,debt_consolidation,70000.0,34.0,RENT,3 years,0
5014,5000.0,11.44,36,B,debt_consolidation,70000.0,14.68,MORTGAGE,10+ years,0
7052,25000.0,10.75,60,B,debt_consolidation,100000.0,9.92,OWN,8 years,0
985,16000.0,12.29,36,C,credit_card,109440.0,12.58,MORTGAGE,10+ years,0
10801,10000.0,14.65,36,C,other,21000.0,21.77,MORTGAGE,10+ years,0
7603,4800.0,7.89,36,A,credit_card,22000.0,28.7,RENT,4 years,0
6279,10000.0,10.49,36,B,debt_consolidation,65000.0,14.48,RENT,< 1 year,0
4976,16000.0,9.17,36,B,home_improvement,120000.0,11.47,MORTGAGE,10+ years,1
8798,8000.0,6.03,36,A,home_improvement,100000.0,6.62,MORTGAGE,10+ years,0
10424,10000.0,13.33,36,C,other,37544.0,37.4,MORTGAGE,10+ years,1
7544,25000.0,5.32,36,A,debt_consolidation,255000.0,9.4,OWN,3 years,0
6537,7800.0,10.75,36,B,debt_consolidation,32500.0,26.77,RENT,7 years,0
2489,12000.0,15.59,36,C,home_improvement,70000.0,13.08,MORTGAGE,8 years,0
3834,30225.0,18.85,36,D,home_improvement,170000.0,6.48,MORTGAGE,< 1 year,0
3462,9100.0,19.42,36,D,debt_consolidation,34000.0,37.35,MORTGAGE,9 years,0
9534,25000.0,22.15,60,E,debt_consolidation,70000.0,37.29,MORTGAGE,10+ years,0
9270,3500.0,15.95,60,E,wedding,48000.0,15.03,RENT,5 years,0
5017,19200.0,10.49,60,B,debt_consolidation,230000.0,15.23,OWN,10+ years,0
7835,36000.0,7.24,36,A,home_improvement,185000.0,15.04,OWN,10+ years,0
5293,33000.0,11.47,60,B,credit_card,141000.0,12.74,OWN,10+ years,1
6395,16000.0,13.11,60,B,debt_consolidation,55000.0,20.27,MORTGAGE,10+ years,0
1362,15825.0,14.49,36,C,credit_card,36000.0,32.61,RENT,10+ years,1
6413,35000.0,8.18,36,B,credit_card,252937.0,17.01,MORTGAGE,10+ years,0
5991,10000.0,10.42,36,B,debt_consolidation,95000.0,12.68,MORTGAGE,4 years,0
7437,12000.0,6.99,36,A,debt_consolidation,75000.0,14.32,RENT,10+ years,0
10985,9000.0,6.97,36,A,debt_consolidation,31000.0,22.84,OWN,10+ years,1
4099,15000.0,19.05,36,D,home_improvement,65000.0,18.83,OWN,1 year,1
10637,20000.0,12.29,36,C,credit_card,80000.0,6.33,RENT,4 years,0
2616,17000.0,13.59,60,C,debt_consolidation,125000.0,13.0,MORTGAGE,6 years,0
742,5000.0,15.59,36,C,car,43600.0,6.55,OWN,8 years,0
3740,35000.0,18.24,60,D,credit_card,120000.0,11.69,RENT,7 years,0
1360,17325.0,12.99,36,C,major_purchase,137000.0,7.51,MORTGAGE,10+ years,0
1986,20000.0,16.29,36,C,credit_card,55000.0,13.9,RENT,10+ years,0
11184,18500.0,13.11,36,B,debt_consolidation,46800.0,15.67,MORTGAGE,< 1 year,0
9961,15000.0,28.99,36,G,debt_consolidation,50000.0,31.23,RENT,1 year,1
3041,7200.0,19.99,36,D,small_business,42000.0,30.11,MORTGAGE,3 years,0
336,16000.0,11.99,36,C,debt_consolidation,88000.0,13.04,RENT,10+ years,1
7840,7000.0,6.49,36,A,credit_card,55000.0,22.41,MORTGAGE,1 year,0
9643,6025.0,25.49,36,E,debt_consolidation,20148.0,19.54,RENT,Unknown,0
2771,10000.0,12.69,36,C,debt_consolidation,35000.0,19.85,RENT,3 years,0
8098,14000.0,7.69,36,A,credit_card,67000.0,19.36,MORTGAGE,10+ years,1
9139,12000.0,6.49,36,A,credit_card,60000.0,25.5,RENT,1 year,0
7614,12000.0,7.26,36,A,debt_consolidation,36000.0,26.13,RENT,9 years,0
1112,7125.0,13.33,36,C,credit_card,19000.0,30.95,MORTGAGE,3 years,0
6211,10000.0,9.16,36,B,credit_card,63000.0,5.89,RENT,6 years,0
1880,12350.0,13.99,60,C,credit_card,26871.0,26.4,OWN,10+ years,0
9904,10950.0,24.08,60,F,debt_consolidation,45000.0,16.13,RENT,6 years,1
4944,25000.0,11.49,60,B,small_business,117000.0,9.74,RENT,6 years,0
9269,23000.0,23.88,36,E,debt_consolidation,110000.0,25.08,MORTGAGE,5 years,0
2206,13600.0,14.65,60,C,credit_card,59000.0,17.15,RENT,3 years,0
11142,8000.0,6.62,36,A,debt_consolidation,40000.0,12.57,RENT,2 years,0
5146,24000.0,11.47,36,B,debt_consolidation,68000.0,25.95,MORTGAGE,10+ years,0
4405,23000.0,12.99,36,B,credit_card,68700.0,20.76,RENT,8 years,0
9109,10000.0,5.32,36,A,debt_consolidation,65000.0,10.22,RENT,10+ years,0
2117,5000.0,13.67,36,C,debt_consolidation,20000.0,29.39,RENT,3 years,0
2955,14075.0,15.99,36,D,small_business,35370.0,15.95,RENT,1 year,1
6964,17500.0,8.39,36,B,credit_card,90000.0,10.37,RENT,1 year,0
8040,4000.0,7.21,36,A,debt_consolidation,55000.0,18.0,RENT,4 years,0
1711,7500.0,12.05,36,C,debt_consolidation,42000.0,16.85,RENT,8 years,0
3105,25000.0,16.29,36,D,debt_consolidation,61500.0,25.53,MORTGAGE,9 years,0
6571,18200.0,9.76,36,B,credit_card,65000.0,25.13,RENT,4 years,0
1942,15000.0,16.02,36,C,debt_consolidation,43000.0,11.02,RENT,< 1 year,1
5554,12000.0,10.49,36,B,debt_consolidation,100000.0,17.9,RENT,5 years,0
7790,4200.0,7.35,36,A,debt_consolidation,82500.0,18.88,MORTGAGE,2 years,0
10767,11200.0,16.01,60,C,medical,45000.0,21.6,MORTGAGE,Unknown,0
1785,9600.0,12.61,36,C,debt_consolidation,25000.0,13.2,MORTGAGE,< 1 year,1
11156,1500.0,19.22,36,D,major_purchase,53724.0,27.25,MORTGAGE,6 years,0
1016,4000.0,13.98,36,C,credit_card,56000.0,10.63,RENT,1 year,1
9280,10200.0,20.75,60,E,debt_consolidation,40000.0,13.38,RENT,2 years,1
7849,28000.0,5.32,36,A,debt_consolidation,300000.0,11.02,MORTGAGE,10+ years,0
7262,7200.0,7.89,36,A,debt_consolidation,35000.0,24.62,RENT,1 year,0
1081,10000.0,13.35,36,C,small_business,60000.0,11.46,MORTGAGE,10+ years,0
1765,3000.0,14.49,36,C,debt_consolidation,49500.0,11.54,OWN,9 years,0
4464,8000.0,10.99,36,B,credit_card,30000.0,18.96,MORTGAGE,4 years,0
6861,3000.0,9.99,36,B,credit_card,55000.0,25.14,MORTGAGE,10+ years,1
5899,14700.0,11.99,36,B,credit_card,138000.0,19.04,RENT,4 years,0
6469,14400.0,11.39,36,B,debt_consolidation,64000.0,12.64,MORTGAGE,Unknown,0
297,20000.0,13.66,36,C,credit_card,74000.0,19.24,RENT,Unknown,1
5495,3600.0,11.99,36,B,debt_consolidation,53000.0,5.53,MORTGAGE,10+ years,0
206,7900.0,15.31,36,C,debt_consolidation,43000.0,26.62,MORTGAGE,5 years,1
4123,3000.0,16.99,36,D,credit_card,50000.0,14.28,RENT,6 years,0
2242,10000.0,13.18,36,C,credit_card,30019.0,7.44,RENT,3 years,1
8213,15000.0,6.03,36,A,debt_consolidation,126000.0,13.87,MORTGAGE,3 years,0
2135,5500.0,15.31,36,C,debt_consolidation,20136.48,26.94,OWN,Unknown,0
5440,7000.0,11.67,36,B,debt_consolidation,39000.0,19.42,MORTGAGE,9 years,0
1392,10000.0,14.33,36,C,credit_card,67000.0,17.11,MORTGAGE,4 years,0
9008,28000.0,7.89,60,A,credit_card,120000.0,23.49,OWN,10+ years,0
3491,25000.0,18.45,60,D,credit_card,77000.0,29.91,MORTGAGE,10+ years,1
5832,9000.0,11.99,36,B,debt_consolidation,44000.0,26.68,RENT,6 years,0
1767,20000.0,13.49,36,C,credit_card,58000.0,12.46,OWN,10+ years,0
10594,12000.0,17.99,36,D,debt_consolidation,31980.0,20.75,OWN,8 years,1
2876,11200.0,15.61,60,D,debt_consolidation,40000.0,19.05,RENT,3 years,0
7631,13000.0,6.03,36,A,credit_card,65000.0,22.24,OWN,5 years,0
1067,2500.0,15.59,36,C,credit_card,50000.0,21.0,RENT,2 years,1
3931,35000.0,18.99,60,D,credit_card,285000.0,12.13,RENT,1 year,0
8138,35000.0,7.89,36,A,credit_card,317000.0,8.35,MORTGAGE,3 years,0
1164,35000.0,14.07,36,C,home_improvement,80000.0,8.51,MORTGAGE,10+ years,0
698,5000.0,15.59,36,C,debt_consolidation,32000.0,19.39,RENT,< 1 year,1
4478,12000.0,10.49,36,B,debt_consolidation,71000.0,17.83,MORTGAGE,10+ years,0
8021,6850.0,6.92,36,A,debt_consolidation,53000.0,12.93,MORTGAGE,8 years,0
5571,24000.0,9.17,60,B,debt_consolidation,95000.0,27.7,RENT,3 years,1
8175,20000.0,5.32,36,A,debt_consolidation,200000.0,8.81,MORTGAGE,10+ years,0
6208,6400.0,12.12,36,B,medical,76960.0,28.38,MORTGAGE,10+ years,0
6326,15000.0,13.67,36,B,debt_consolidation,55000.0,20.84,RENT,10+ years,0
10274,14000.0,7.39,60,A,home_improvement,75000.0,9.58,OWN,Unknown,0
3096,22400.0,16.49,60,D,debt_consolidation,51000.0,24.92,OWN,6 years,0
1432,15000.0,12.29,36,C,credit_card,45000.0,15.17,OWN,3 years,0
1657,16600.0,14.99,60,C,small_business,53000.0,12.7,RENT,4 years,0
10906,15000.0,17.99,36,D,debt_consolidation,71000.0,15.59,RENT,< 1 year,0
9117,6000.0,6.89,36,A,debt_consolidation,79143.0,15.91,MORTGAGE,5 years,0
941,13375.0,12.69,60,C,debt_consolidation,40000.0,29.98,MORTGAGE,5 years,1
11014,20000.0,11.67,36,B,debt_consolidation,111000.0,18.08,RENT,10+ years,0
9349,9550.0,20.2,36,E,debt_consolidation,31000.0,9.41,RENT,< 1 year,0
1551,8000.0,13.67,36,C,other,47000.0,3.64,MORTGAGE,10+ years,0
299,30000.0,13.98,36,C,debt_consolidation,98000.0,28.62,RENT,9 years,0
1293,13000.0,13.33,36,C,debt_consolidation,50000.0,32.93,RENT,5 years,0
8613,30000.0,7.26,36,A,debt_consolidation,77000.0,13.08,OWN,10+ years,0
5604,35000.0,10.99,60,B,credit_card,230000.0,15.56,MORTGAGE,5 years,0
1752,15000.0,15.31,60,C,debt_consolidation,50000.0,19.24,RENT,3 years,0
241,19600.0,13.99,60,C,debt_consolidation,54500.0,11.85,RENT,10+ years,0
11105,16000.0,13.49,36,C,debt_consolidation,50000.0,51.84,MORTGAGE,10+ years,0
5474,28000.0,12.99,36,B,home_improvement,210000.0,4.4,MORTGAGE,7 years,0
7240,34000.0,11.14,36,B,home_improvement,280000.0,6.21,RENT,< 1 year,0
1216,7175.0,13.33,36,C,debt_consolidation,24000.0,17.97,RENT,Unknown,0
8517,10000.0,7.49,36,A,debt_consolidation,65000.0,12.56,RENT,< 1 year,0
7374,3000.0,8.0,36,A,debt_consolidation,36000.0,2.6,RENT,10+ years,0
6758,14000.0,12.49,60,B,debt_consolidation,70660.0,25.88,RENT,10+ years,0
9531,32000.0,20.99,60,E,debt_consolidation,200000.0,30.72,MORTGAGE,1 year,0
2652,23500.0,12.99,60,C,debt_consolidation,150000.0,12.54,MORTGAGE,5 years,0
3600,20000.0,15.41,60,D,debt_consolidation,61000.0,9.77,MORTGAGE,3 years,1
7730,7000.0,5.32,36,A,home_improvement,62000.0,11.52,MORTGAGE,3 years,0
3097,13100.0,17.27,60,D,debt_consolidation,36400.0,11.18,MORTGAGE,5 years,1
10822,20000.0,10.99,60,B,debt_consolidation,110000.0,17.55,MORTGAGE,3 years,0
5200,7200.0,9.17,36,B,debt_consolidation,56000.0,24.76,RENT,3 years,0
1510,10000.0,12.69,36,C,credit_card,82000.0,24.18,MORTGAGE,9 years,0
10586,19400.0,19.22,60,D,debt_consolidation,110000.0,15.01,MORTGAGE,8 years,1
2114,24000.0,14.99,36,C,debt_consolidation,77000.0,13.19,MORTGAGE,10+ years,0
8208,15000.0,6.49,36,A,debt_consolidation,67000.0,8.99,MORTGAGE,Unknown,0
6867,8500.0,10.49,36,B,home_improvement,110000.0,11.95,MORTGAGE,10+ years,0
4525,24000.0,11.49,36,B,debt_consolidation,108000.0,14.32,MORTGAGE,7 years,1
5938,7000.0,11.99,36,B,debt_consolidation,70000.0,11.98,MORTGAGE,8 years,0
5908,4000.0,11.99,36,B,credit_card,72000.0,24.62,MORTGAGE,10+ years,0
3768,21575.0,17.86,60,D,debt_consolidation,82396.0,35.4,MORTGAGE,4 years,0
829,28000.0,14.98,60,C,debt_consolidation,109000.0,20.54,MORTGAGE,10+ years,0
5971,11500.0,9.99,36,B,debt_consolidation,65000.0,34.55,RENT,1 year,0
8674,35000.0,7.89,36,A,debt_consolidation,191744.0,24.26,MORTGAGE,10+ years,0
64,12000.0,12.99,60,C,credit_card,64500.0,15.01,MORTGAGE,10+ years,0
6433,10000.0,12.99,36,B,debt_consolidation,45000.0,10.98,RENT,6 years,0
7497,14000.0,7.9,36,A,debt_consolidation,149000.0,14.76,MORTGAGE,10+ years,0
5677,10400.0,8.24,36,B,home_improvement,48000.0,3.7,OWN,7 years,0
484,32000.0,12.29,36,C,debt_consolidation,125000.0,16.3,MORTGAGE,8 years,0
9405,8000.0,16.77,60,E,debt_consolidation,55000.0,17.85,RENT,7 years,0
1240,5500.0,15.1,36,C,debt_consolidation,35500.0,15.35,MORTGAGE,1 year,0
6193,6000.0,10.42,36,B,credit_card,55000.0,16.91,MORTGAGE,< 1 year,0
10432,30000.0,21.45,36,D,other,115000.0,10.96,RENT,3 years,1
6418,6200.0,9.17,36,B,debt_consolidation,78000.0,7.74,RENT,8 years,0
2153,11200.0,14.33,36,C,debt_consolidation,100000.0,18.93,MORTGAGE,5 years,1
6742,8000.0,10.91,36,B,credit_card,32000.0,8.36,MORTGAGE,10+ years,0
7023,18000.0,11.49,36,B,debt_consolidation,72000.0,26.68,MORTGAGE,10+ years,0
2545,25000.0,12.88,60,C,debt_consolidation,75000.0,19.58,OWN,10+ years,0
6925,14000.0,8.39,36,B,debt_consolidation,40000.0,24.93,RENT,8 years,0
9467,8000.0,22.4,36,E,debt_consolidation,38000.0,13.04,RENT,5 years,0
7627,25075.0,7.12,36,A,credit_card,56000.0,13.46,RENT,5 years,0
830,10000.0,15.31,36,C,debt_consolidation,77000.0,21.86,MORTGAGE,10+ years,0
7557,34000.0,6.49,36,A,debt_consolidation,190000.0,14.65,MORTGAGE,8 years,0
2735,35000.0,11.99,36,C,debt_consolidation,82000.0,26.31,RENT,8 years,1
9927,11900.0,24.99,60,F,debt_consolidation,35000.0,9.16,MORTGAGE,3 years,0
7550,24000.0,5.32,36,A,other,190000.0,2.25,RENT,10+ years,0
8983,30000.0,7.59,36,A,debt_consolidation,100000.0,10.85,MORTGAGE,10+ years,0
8543,12000.0,7.9,36,A,debt_consolidation,38000.0,12.19,RENT,10+ years,0
3950,34500.0,18.99,36,D,other,75000.0,2.46,OWN,< 1 year,1
8382,26650.0,7.89,60,A,debt_consolidation,85000.0,11.61,MORTGAGE,8 years,0
8389,10000.0,7.97,36,A,credit_card,106000.0,13.98,RENT,4 years,0
7185,15000.0,14.09,36,B,debt_consolidation,65000.0,3.19,RENT,3 years,1
1180,15000.0,13.49,36,C,debt_consolidation,40000.0,17.1,RENT,1 year,0
1010,9000.0,12.29,36,C,debt_consolidation,71000.0,11.98,MORTGAGE,5 years,0
3277,35000.0,16.29,36,D,other,275000.0,11.13,MORTGAGE,10+ years,0
4672,12000.0,10.16,36,B,debt_consolidation,50000.0,26.98,MORTGAGE,3 years,0
9414,25000.0,21.0,60,E,debt_consolidation,80000.0,22.61,MORTGAGE,10+ years,1
8900,5600.0,7.49,36,A,debt_consolidation,44116.8,13.44,MORTGAGE,2 years,0
47,4000.0,13.49,36,C,other,48000.0,20.78,RENT,Unknown,0
7086,5450.0,13.67,36,B,small_business,34000.0,3.49,RENT,10+ years,0
863,7500.0,15.05,36,C,debt_consolidation,32000.0,24.61,RENT,10+ years,1
9434,32000.0,20.75,36,E,debt_consolidation,95000.0,32.68,MORTGAGE,10+ years,0
7505,20000.0,5.32,36,A,debt_consolidation,120000.0,17.5,MORTGAGE,2 years,0
10459,10275.0,19.89,36,E,debt_consolidation,24500.0,38.71,RENT,Unknown,1
1707,11275.0,11.99,36,C,small_business,90000.0,6.11,RENT,3 years,1
2345,21200.0,15.31,36,C,credit_card,127000.0,8.54,RENT,4 years,0
2053,4500.0,16.91,36,C,other,85000.0,24.11,MORTGAGE,10+ years,0
8485,7200.0,6.97,36,A,moving,96878.0,22.11,RENT,10+ years,0
9571,18000.0,24.74,60,E,debt_consolidation,90000.0,20.35,RENT,3 years,1
2671,10000.0,15.99,60,C,debt_consolidation,36000.0,16.92,MORTGAGE,3 years,1
5337,4500.0,10.08,36,B,debt_consolidation,88000.0,20.86,RENT,10+ years,0
3720,5400.0,20.0,36,D,debt_consolidation,66996.0,25.06,RENT,2 years,0
8228,6500.0,6.49,36,A,debt_consolidation,89000.0,4.41,MORTGAGE,7 years,0
3228,24000.0,17.57,36,D,debt_consolidation,85000.0,24.12,OWN,10+ years,1
4960,14000.0,9.44,36,B,other,71468.0,0.31,RENT,3 years,0
5333,10000.0,11.99,36,B,debt_consolidation,66000.0,16.0,MORTGAGE,2 years,0
8074,4000.0,8.59,36,A,educational,8000.0,9.45,RENT,< 1 year,0
7072,9000.0,13.11,36,B,credit_card,73000.0,13.05,MORTGAGE,< 1 year,0
9185,12925.0,18.84,60,E,debt_consolidation,30000.0,19.28,RENT,7 years,1
10886,7200.0,6.62,36,A,home_improvement,87882.0,23.76,MORTGAGE,10+ years,0
6325,22000.0,12.12,36,B,debt_consolidation,74000.0,21.73,MORTGAGE,10+ years,0
2861,2500.0,14.99,36,C,vacation,33000.0,8.91,RENT,2 years,1
733,20000.0,16.02,60,C,debt_consolidation,93600.0,23.69,MORTGAGE,5 years,0
5608,3000.0,9.93,36,B,medical,55000.0,10.39,RENT,1 year,1
7384,3500.0,7.07,36,A,major_purchase,90000.0,6.72,MORTGAGE,10+ years,0
1500,20000.0,13.33,60,C,debt_consolidation,52000.0,21.46,RENT,3 years,0
4869,6000.0,11.49,36,B,debt_consolidation,64858.0,13.84,MORTGAGE,Unknown,0
6388,4200.0,9.49,36,B,debt_consolidation,62000.0,18.39,MORTGAGE,Unknown,0
7574,6000.0,7.35,36,A,debt_consolidation,36433.0,26.93,RENT,10+ years,0
3933,35000.0,16.49,60,D,debt_consolidation,82000.0,23.97,MORTGAGE,9 years,1
504,12000.0,12.99,60,C,debt_consolidation,40000.0,17.28,MORTGAGE,2 years,1
9936,16000.0,28.69,60,F,debt_consolidation,41000.0,13.29,MORTGAGE,2 years,1
7383,9450.0,7.62,36,A,debt_consolidation,20000.0,7.14,MORTGAGE,10+ years,0
7195,10000.0,13.11,36,B,debt_consolidation,52000.0,27.88,MORTGAGE,4 years,0
4176,4200.0,18.06,36,D,debt_consolidation,25000.0,29.48,RENT,10+ years,1
4524,35000.0,10.99,36,B,debt_consolidation,106000.0,20.37,MORTGAGE,6 years,0
8398,7000.0,8.6,36,A,debt_consolidation,60800.0,8.34,RENT,3 years,0
6107,6000.0,9.49,36,B,credit_card,90000.0,11.75,MORTGAGE,3 years,0
9733,6525.0,20.99,36,E,credit_card,34000.0,35.97,OWN,9 years,0
5488,31500.0,12.13,60,B,home_improvement,85000.0,13.81,MORTGAGE,10+ years,0
6353,7000.0,8.18,36,B,other,60000.0,9.62,RENT,10+ years,0
9915,20000.0,22.99,36,F,small_business,75000.0,9.68,RENT,1 year,0
1134,17500.0,13.99,36,C,debt_consolidation,38172.0,24.31,RENT,10+ years,0
1950,35000.0,13.99,60,C,credit_card,107000.0,13.89,MORTGAGE,10+ years,0
4613,10000.0,11.49,36,B,debt_consolidation,30000.0,9.74,RENT,2 years,0
9951,31150.0,28.99,60,G,debt_consolidation,82000.0,24.54,RENT,10+ years,0
2674,16200.0,11.99,36,C,debt_consolidation,32400.0,15.78,OWN,3 years,0
5818,28000.0,12.99,36,B,debt_consolidation,137000.0,10.06,RENT,5 years,0
9986,23175.0,28.99,60,G,debt_consolidation,61000.0,37.38,RENT,10+ years,1
4909,25000.0,11.98,60,B,credit_card,97000.0,27.63,MORTGAGE,10+ years,0
8066,10000.0,7.26,36,A,credit_card,91000.0,14.77,RENT,10+ years,0
3533,12200.0,19.03,60,D,debt_consolidation,40000.0,13.59,OWN,8 years,0
8474,25000.0,5.32,36,A,credit_card,115000.0,6.86,MORTGAGE,2 years,0
5111,10800.0,10.99,36,B,medical,97000.0,5.69,RENT,10+ years,0
2730,35000.0,14.47,36,C,home_improvement,95000.0,11.61,RENT,1 year,1
9266,16800.0,22.74,60,E,debt_consolidation,42500.0,26.35,RENT,3 years,0
7370,14000.0,8.9,36,A,debt_consolidation,62000.0,14.18,RENT,1 year,0
3823,14500.0,14.61,36,D,house,26000.0,2.63,MORTGAGE,9 years,0
2351,7300.0,12.62,36,C,debt_consolidation,35360.0,20.91,MORTGAGE,1 year,0
9392,28000.0,26.24,60,E,credit_card,84000.0,20.66,OWN,10+ years,0
1183,4675.0,14.08,36,C,other,32000.0,23.67,RENT,4 years,0
7863,20000.0,7.26,36,A,home_improvement,179000.0,9.56,MORTGAGE,2 years,0
8620,16200.0,7.69,36,A,credit_card,55000.0,20.23,MORTGAGE,10+ years,0
239,35000.0,12.99,60,C,debt_consolidation,89000.0,25.28,RENT,10+ years,0
11005,40000.0,9.93,36,B,credit_card,0.0,0.0,MORTGAGE,Unknown,0
9854,14000.0,24.99,60,F,debt_consolidation,28000.0,22.03,RENT,1 year,0
5580,5025.0,10.49,36,B,debt_consolidation,150000.0,11.61,MORTGAGE,3 years,0
9648,26000.0,19.03,60,E,debt_consolidation,72000.0,22.22,RENT,10+ years,1
10160,23325.0,13.11,36,B,credit_card,47000.0,21.18,RENT,7 years,0
10974,14000.0,7.39,36,A,debt_consolidation,120000.0,5.6,MORTGAGE,3 years,0
1540,23850.0,16.29,60,C,debt_consolidation,157600.0,19.46,MORTGAGE,1 year,0
9544,5200.0,22.45,36,E,other,75500.0,20.12,MORTGAGE,10+ years,0
524,7800.0,13.35,36,C,credit_card,40000.0,28.65,RENT,8 years,0
8627,12000.0,7.26,36,A,home_improvement,120000.0,25.07,MORTGAGE,6 years,0
6074,14700.0,10.49,36,B,debt_consolidation,32000.0,15.45,OWN,Unknown,1
8691,20000.0,5.32,36,A,credit_card,95100.0,23.72,MORTGAGE,10+ years,1
2982,5000.0,17.99,36,D,debt_consolidation,59000.0,10.09,RENT,7 years,0
7684,12500.0,7.69,36,A,debt_consolidation,174000.0,16.93,MORTGAGE,10+ years,0
589,3500.0,12.88,36,C,home_improvement,50000.0,3.98,MORTGAGE,10+ years,0
7512,10100.0,6.97,36,A,debt_consolidation,36000.0,13.11,RENT,< 1 year,0
1768,10000.0,12.62,36,C,home_improvement,62800.0,31.65,MORTGAGE,10+ years,0
4377,2800.0,10.99,36,B,other,36000.0,4.55,OWN,1 year,0
7234,6000.0,11.39,36,B,credit_card,66000.0,12.42,RENT,4 years,1
7672,21000.0,7.21,36,A,credit_card,200000.0,13.25,OWN,10+ years,0
2217,7000.0,14.99,36,C,debt_consolidation,45000.0,11.97,MORTGAGE,8 years,0
8948,18000.0,5.32,36,A,debt_consolidation,112000.0,10.69,MORTGAGE,6 years,0
6930,9175.0,10.64,36,B,debt_consolidation,42000.0,29.03,RENT,9 years,0
1051,30000.0,14.65,60,C,debt_consolidation,74000.0,26.22,MORTGAGE,3 years,0
6256,16000.0,10.75,60,B,debt_consolidation,60000.0,21.86,OWN,10+ years,0
4132,24925.0,17.77,60,D,debt_consolidation,76000.0,28.44,MORTGAGE,10+ years,1
4678,7150.0,13.11,36,B,debt_consolidation,44000.0,12.33,RENT,< 1 year,0
6549,16000.0,9.17,36,B,debt_consolidation,65000.0,10.67,MORTGAGE,3 years,0
84,9900.0,12.99,36,C,debt_consolidation,35000.0,15.91,RENT,1 year,1
7556,5000.0,6.24,36,A,credit_card,21382.8,15.67,RENT,Unknown,1
2307,1600.0,14.49,36,C,debt_consolidation,10000.0,19.69,RENT,Unknown,1
7485,21000.0,8.9,36,A,credit_card,135000.0,25.47,MORTGAGE,1 year,0
6931,20000.0,11.22,36,B,debt_consolidation,70000.0,27.52,OWN,10+ years,1
2680,5000.0,16.02,36,C,home_improvement,75000.0,13.34,OWN,2 years,0
5025,28000.0,11.99,60,B,credit_card,200000.0,10.27,MORTGAGE,10+ years,0
4041,15000.0,21.49,60,D,debt_consolidation,148000.0,20.08,OWN,9 years,1
8588,8000.0,7.12,36,A,home_improvement,86000.0,1.24,MORTGAGE,7 years,0
405,1800.0,13.67,36,C,credit_card,55000.0,11.97,OWN,< 1 year,0
2468,4000.0,13.35,36,C,other,95000.0,3.18,RENT,8 years,0
9274,15875.0,24.74,60,E,debt_consolidation,41000.0,24.41,MORTGAGE,10+ years,0
3297,6200.0,16.55,36,D,credit_card,12420.0,33.53,MORTGAGE,Unknown,0
2413,10000.0,12.62,36,C,credit_card,116000.0,13.87,RENT,10+ years,0
7274,10000.0,5.32,36,A,debt_consolidation,120000.0,14.49,OWN,10+ years,0
2321,24000.0,12.29,36,C,home_improvement,230000.0,13.05,MORTGAGE,8 years,1
5693,12000.0,9.67,36,B,credit_card,60000.0,19.48,MORTGAGE,< 1 year,0
686,16000.0,14.99,60,C,debt_consolidation,25000.0,25.68,RENT,Unknown,0
6033,20000.0,8.38,36,B,debt_consolidation,65000.0,29.78,OWN,2 years,0
7613,10000.0,7.39,36,A,debt_consolidation,45000.0,17.39,RENT,2 years,0
7988,11000.0,6.49,36,A,debt_consolidation,76000.0,21.27,RENT,4 years,0
7389,6000.0,8.59,36,A,credit_card,25000.0,11.19,RENT,Unknown,1
1760,8000.0,13.49,36,C,other,220000.0,24.93,MORTGAGE,10+ years,0
5750,20050.0,13.11,36,B,debt_consolidation,115000.0,22.16,MORTGAGE,2 years,0
7871,13000.0,7.39,36,A,debt_consolidation,83000.0,13.6,RENT,10+ years,0
472,6000.0,15.31,36,C,debt_consolidation,103000.0,11.44,RENT,3 years,0
10440,22950.0,19.52,60,E,debt_consolidation,54888.0,36.45,RENT,3 years,1
411,20000.0,13.33,60,C,debt_consolidation,110000.0,20.43,MORTGAGE,4 years,0
2540,7000.0,12.29,36,C,debt_consolidation,89000.0,6.54,RENT,10+ years,0
9929,6050.0,27.79,36,F,credit_card,20176.0,29.68,RENT,< 1 year,1
10634,19500.0,17.27,60,C,debt_consolidation,55000.0,6.83,RENT,2 years,1
6496,30000.0,11.44,36,B,home_improvement,170000.0,26.7,MORTGAGE,7 years,0
1511,34550.0,15.61,60,C,debt_consolidation,72000.0,20.35,OWN,10+ years,0
10510,10750.0,13.11,36,B,debt_consolidation,32000.0,24.53,MORTGAGE,10+ years,0
868,3625.0,15.61,36,C,debt_consolidation,105000.0,20.7,MORTGAGE,10+ years,0
6586,8400.0,8.18,36,B,debt_consolidation,69000.0,25.07,RENT,7 years,0
3976,9250.0,17.57,36,D,home_improvement,35000.0,8.78,MORTGAGE,10+ years,1
6041,8000.0,8.99,36,B,debt_consolidation,51000.0,31.91,RENT,10+ years,1
5237,9600.0,10.91,36,B,home_improvement,70000.0,4.78,MORTGAGE,10+ years,0
8739,20000.0,7.9,36,A,credit_card,120000.0,6.06,RENT,< 1 year,0
9567,15775.0,20.2,60,E,debt_consolidation,36000.0,30.87,RENT,1 year,0
2593,5000.0,14.98,36,C,other,65000.0,17.61,OWN,10+ years,0
1098,24000.0,15.22,60,C,debt_consolidation,125000.0,10.14,MORTGAGE,1 year,0
4879,12000.0,12.49,36,B,debt_consolidation,53000.0,33.64,MORTGAGE,7 years,1
6437,15000.0,9.75,60,B,car,65000.0,5.02,MORTGAGE,10+ years,0
9376,20000.0,22.39,60,E,debt_consolidation,70000.0,23.3,MORTGAGE,4 years,1
8651,9200.0,6.08,36,A,debt_consolidation,62000.0,31.05,MORTGAGE,10+ years,0
5266,2600.0,11.55,36,B,debt_consolidation,35000.0,17.35,RENT,2 years,0
9122,25000.0,7.9,36,A,debt_consolidation,90000.0,1.73,RENT,4 years,0
2078,40000.0,16.02,60,C,debt_consolidation,140000.0,20.73,MORTGAGE,10+ years,1
8236,20000.0,6.89,36,A,debt_consolidation,100000.0,8.63,OWN,10+ years,0
6400,12000.0,9.17,36,B,debt_consolidation,130000.0,3.5,MORTGAGE,4 years,0
10076,2150.0,21.49,36,D,other,81000.0,7.08,MORTGAGE,3 years,0
8028,12000.0,7.89,60,A,major_purchase,70000.0,16.99,MORTGAGE,3 years,0
1605,6000.0,12.29,36,C,credit_card,25000.0,18.67,OWN,Unknown,1
9823,18000.0,24.99,60,F,debt_consolidation,50000.0,25.88,OWN,10+ years,1
1662,8400.0,14.27,36,C,debt_consolidation,50000.0,11.95,MORTGAGE,10+ years,0
9742,8325.0,20.2,36,E,credit_card,36000.0,19.23,OWN,10+ years,0
3086,13450.0,17.57,36,D,debt_consolidation,70000.0,32.86,OWN,5 years,0
1721,30000.0,16.29,36,C,debt_consolidation,92000.0,20.11,MORTGAGE,10+ years,0
4647,24700.0,10.16,36,B,debt_consolidation,70000.0,22.1,MORTGAGE,5 years,0
4350,9175.0,12.99,36,B,credit_card,60000.0,27.83,MORTGAGE,10+ years,0
5788,15000.0,8.99,36,B,home_improvement,110000.0,32.41,MORTGAGE,10+ years,0
3502,4125.0,17.86,36,D,debt_consolidation,65000.0,15.03,RENT,10+ years,0
1860,30000.0,13.99,60,C,debt_consolidation,184000.0,15.91,RENT,1 year,1
5059,9575.0,10.49,36,B,debt_consolidation,75000.0,19.62,RENT,Unknown,0
8339,13000.0,6.97,36,A,credit_card,55000.0,25.66,OWN,1 year,0
10859,7000.0,10.91,36,B,home_improvement,65000.0,21.51,MORTGAGE,8 years,1
5797,7500.0,12.99,36,B,debt_consolidation,37000.0,22.8,RENT,2 years,0
1729,15200.0,14.99,60,C,debt_consolidation,50000.0,31.78,MORTGAGE,10+ years,0
6669,19075.0,11.55,36,B,credit_card,90500.0,32.95,MORTGAGE,10+ years,0
9442,20550.0,21.48,60,E,debt_consolidation,48932.0,34.36,OWN,4 years,0
2492,7200.0,12.29,36,C,debt_consolidation,53000.0,21.4,OWN,7 years,0
4096,15000.0,17.57,60,D,credit_card,53424.0,35.8,RENT,7 years,1
9868,29175.0,25.57,60,F,debt_consolidation,110000.0,19.29,RENT,1 year,0
2818,23000.0,12.62,60,C,credit_card,40000.0,16.4,MORTGAGE,2 years,0
9616,15000.0,18.55,36,E,credit_card,53000.0,17.16,MORTGAGE,2 years,1
3618,30000.0,16.99,36,D,debt_consolidation,75000.0,22.58,MORTGAGE,10+ years,0
208,9600.0,14.31,36,C,debt_consolidation,30000.0,30.44,RENT,< 1 year,0
4364,26000.0,10.65,60,B,debt_consolidation,84000.0,9.01,OWN,4 years,0
6247,6000.0,10.91,36,B,debt_consolidation,53000.0,6.23,MORTGAGE,10+ years,0
2305,12000.0,12.39,36,C,debt_consolidation,59000.0,25.41,MORTGAGE,4 years,1
2766,14800.0,14.08,60,C,debt_consolidation,59000.0,17.86,RENT,1 year,0
3299,35000.0,17.86,60,D,debt_consolidation,82000.0,21.13,RENT,4 years,1
6274,25000.0,9.93,36,B,debt_consolidation,58000.0,16.7,MORTGAGE,Unknown,0
51,22000.0,14.99,60,C,debt_consolidation,100000.0,19.27,MORTGAGE,< 1 year,0
5544,6000.0,10.75,36,B,credit_card,51000.0,21.74,OWN,6 years,0
8306,20000.0,7.89,36,A,debt_consolidation,65000.0,19.11,MORTGAGE,8 years,0
3033,10000.0,15.77,36,D,debt_consolidation,50000.0,26.07,MORTGAGE,Unknown,1
3698,6500.0,17.76,36,D,other,38245.0,12.55,RENT,10+ years,0
2098,10375.0,14.65,60,C,debt_consolidation,54000.0,38.27,MORTGAGE,9 years,1
7866,9000.0,7.26,36,A,major_purchase,51700.0,10.79,RENT,7 years,0
6707,15000.0,10.99,36,B,debt_consolidation,40830.0,22.4,RENT,8 years,0
9472,35000.0,22.4,60,E,debt_consolidation,90000.0,18.33,MORTGAGE,10+ years,0
2798,27000.0,13.33,60,C,debt_consolidation,60000.0,21.96,MORTGAGE,10+ years,0
11055,4300.0,16.29,36,D,home_improvement,58000.0,14.61,MORTGAGE,10+ years,0
5527,35000.0,9.99,36,B,debt_consolidation,412000.0,11.1,MORTGAGE,10+ years,0
5560,5000.0,9.49,36,B,other,57000.0,13.22,MORTGAGE,10+ years,0
5453,2200.0,10.9,36,B,major_purchase,46242.0,0.0,RENT,1 year,0
889,2000.0,14.49,36,C,debt_consolidation,80000.0,10.49,RENT,1 year,0
1106,15000.0,13.68,36,C,credit_card,80000.0,6.34,RENT,5 years,0
4731,14000.0,11.99,36,B,credit_card,62000.0,8.27,RENT,7 years,1
3231,14575.0,19.53,36,D,debt_consolidation,58000.0,18.15,MORTGAGE,8 years,0
2172,6000.0,11.99,36,C,debt_consolidation,140000.0,31.33,OWN,3 years,0
10216,6000.0,10.15,36,B,debt_consolidation,100000.0,14.78,RENT,10+ years,0
6130,20000.0,8.24,36,B,credit_card,39000.0,44.74,MORTGAGE,10+ years,0
7153,6500.0,10.91,36,B,debt_consolidation,45000.0,20.35,RENT,1 year,0
8293,36000.0,7.99,36,A,debt_consolidation,100000.0,29.99,MORTGAGE,10+ years,1
4097,35000.0,17.99,60,D,debt_consolidation,200000.0,16.3,MORTGAGE,6 years,0
5043,5000.0,8.49,36,B,home_improvement,31200.0,11.31,MORTGAGE,Unknown,1
4032,7000.0,20.39,36,D,debt_consolidation,0.0,0.0,RENT,Unknown,0
5679,7000.0,10.15,36,B,debt_consolidation,36000.0,26.73,RENT,< 1 year,0
807,10000.0,11.99,36,C,other,100000.0,9.85,RENT,5 years,0
7973,15000.0,5.32,36,A,debt_consolidation,57500.0,29.33,RENT,2 years,0
6961,6075.0,11.14,36,B,debt_consolidation,25000.0,14.02,RENT,7 years,0
2994,16000.0,17.57,60,D,credit_card,50000.0,16.75,MORTGAGE,< 1 year,1
1059,1000.0,14.08,36,C,other,40000.0,2.16,OWN,1 year,0
10294,14000.0,14.31,60,C,debt_consolidation,65000.0,21.33,MORTGAGE,10+ years,0
5074,15000.0,9.99,60,B,debt_consolidation,159744.0,12.05,MORTGAGE,Unknown,0
9321,40000.0,26.24,60,E,credit_card,90000.0,1.85,RENT,10+ years,0
73,5300.0,16.24,36,C,credit_card,50000.0,20.79,RENT,< 1 year,0
2936,5000.0,16.55,36,D,debt_consolidation,48000.0,13.68,RENT,1 year,0
6653,11375.0,9.75,36,B,credit_card,28000.0,27.22,OWN,9 years,0
3346,19200.0,18.25,60,D,credit_card,40000.0,28.35,MORTGAGE,8 years,0
332,20000.0,13.98,36,C,credit_card,49100.0,21.75,MORTGAGE,2 years,0
5228,5000.0,10.49,36,B,debt_consolidation,30500.0,11.96,MORTGAGE,2 years,0
10871,28000.0,14.99,36,C,debt_consolidation,95000.0,34.39,RENT,10+ years,1
11171,5000.0,8.9,36,A,credit_card,60000.0,16.36,RENT,5 years,0
6289,10000.0,11.49,36,B,debt_consolidation,81000.0,22.37,MORTGAGE,6 years,1
5442,6500.0,10.75,36,B,debt_consolidation,45500.0,10.31,OWN,5 years,0
5808,16000.0,9.99,36,B,credit_card,63000.0,23.66,RENT,10+ years,0
7189,10000.0,10.15,36,B,debt_consolidation,83500.0,15.9,MORTGAGE,7 years,0
6160,5000.0,9.71,36,B,major_purchase,55000.0,10.6,RENT,3 years,0
8338,25000.0,7.89,36,A,credit_card,64000.0,9.15,MORTGAGE,6 years,0
4241,2500.0,15.99,36,D,other,31000.0,38.81,RENT,9 years,0
10696,18000.0,9.17,36,B,debt_consolidation,90000.0,17.38,MORTGAGE,< 1 year,0
699,20000.0,15.59,60,C,debt_consolidation,56000.0,23.6,RENT,3 years,1
10572,30000.0,16.29,60,D,debt_consolidation,125000.0,15.85,RENT,6 years,1
6740,13250.0,11.99,36,B,credit_card,55000.0,15.3,RENT,7 years,0
8128,25000.0,6.99,36,A,debt_consolidation,110000.0,12.43,MORTGAGE,3 years,0
4391,3000.0,12.73,36,B,debt_consolidation,44000.0,2.37,RENT,Unknown,0
838,21925.0,15.31,36,C,debt_consolidation,55000.0,11.62,RENT,< 1 year,0
9060,12000.0,7.89,36,A,debt_consolidation,68000.0,12.35,RENT,4 years,0
4682,15000.0,11.53,60,B,credit_card,140000.0,10.24,MORTGAGE,10+ years,1
10610,14400.0,7.62,36,A,credit_card,74000.0,19.14,RENT,2 years,0
3126,2500.0,18.99,36,D,debt_consolidation,33000.0,19.35,RENT,4 years,1
8195,9800.0,7.49,36,A,debt_consolidation,75000.0,33.42,MORTGAGE,8 years,1
1054,12000.0,15.99,36,C,debt_consolidation,70000.0,10.01,MORTGAGE,10+ years,0
1622,9000.0,15.31,36,C,credit_card,39000.0,30.43,MORTGAGE,2 years,1
7588,40000.0,6.99,36,A,debt_consolidation,180000.0,4.94,MORTGAGE,10+ years,0
9695,29900.0,22.39,60,E,credit_card,65000.0,21.77,RENT,1 year,1
1879,14125.0,13.67,36,C,other,120000.0,23.24,OWN,3 years,0
902,20800.0,14.49,60,C,debt_consolidation,65000.0,8.94,MORTGAGE,10+ years,0
5736,16800.0,11.44,60,B,credit_card,82000.0,28.08,RENT,10+ years,1
6479,10000.0,11.53,36,B,debt_consolidation,41000.0,28.63,RENT,8 years,1
8779,4000.0,7.35,36,A,home_improvement,120000.0,12.91,MORTGAGE,10+ years,0
6570,11200.0,13.53,36,B,debt_consolidation,78000.0,16.51,RENT,3 years,0
4293,28000.0,16.99,60,D,debt_consolidation,100000.0,26.31,RENT,2 years,0
6405,15000.0,11.49,36,B,debt_consolidation,60000.0,18.12,MORTGAGE,10+ years,0
10060,21350.0,6.0,36,D,debt_consolidation,69000.0,27.77,RENT,9 years,0
175,13000.0,12.74,60,C,debt_consolidation,68000.0,28.43,MORTGAGE,10+ years,0
9444,6350.0,23.32,36,E,credit_card,30000.0,26.64,RENT,9 years,1
10567,10000.0,13.59,36,C,other,65000.0,19.46,MORTGAGE,3 years,0
6747,12000.0,8.24,36,B,debt_consolidation,50000.0,34.97,RENT,10+ years,0
8174,5000.0,6.99,36,A,credit_card,78000.0,22.18,MORTGAGE,10+ years,0
4342,2000.0,10.91,36,B,other,70000.0,24.34,MORTGAGE,10+ years,0
8344,25000.0,5.32,36,A,credit_card,85000.0,18.16,MORTGAGE,10+ years,0
786,10000.0,14.49,36,C,small_business,70000.0,10.38,OWN,2 years,1
9622,12450.0,19.52,36,E,debt_consolidation,31200.0,21.0,OWN,< 1 year,0
268,17600.0,12.74,36,C,credit_card,50000.0,7.37,MORTGAGE,Unknown,1
2946,22425.0,16.99,60,D,debt_consolidation,51000.0,18.71,MORTGAGE,10+ years,0
2147,25000.0,13.65,60,C,major_purchase,58598.49,11.02,RENT,2 years,0
6454,25000.0,8.39,60,B,debt_consolidation,138000.0,15.32,RENT,4 years,0
4141,13300.0,19.99,36,D,credit_card,35000.0,24.9,OWN,3 years,0
7448,15000.0,7.91,36,A,debt_consolidation,120000.0,13.99,MORTGAGE,10+ years,0
5507,5600.0,10.99,36,B,debt_consolidation,40000.0,14.49,RENT,2 years,1
6517,15000.0,11.47,36,B,debt_consolidation,68000.0,15.48,RENT,3 years,1
3147,25000.0,18.94,60,D,debt_consolidation,92000.0,11.51,OWN,10+ years,0
123,35000.0,16.02,36,C,credit_card,89000.0,23.69,RENT,10+ years,0
8893,7200.0,7.34,36,A,home_improvement,50129.0,55.11,MORTGAGE,5 years,0
1674,15000.0,12.29,60,C,credit_card,140000.0,14.15,MORTGAGE,5 years,0
4928,6500.0,11.55,36,B,debt_consolidation,41000.0,24.44,OWN,10+ years,0
6509,15850.0,10.16,36,B,credit_card,36000.0,20.9,OWN,5 years,0
3052,20000.0,15.59,36,D,small_business,70000.0,6.05,MORTGAGE,8 years,1
6944,13000.0,9.16,36,B,debt_consolidation,35000.0,21.39,MORTGAGE,5 years,0
10776,4075.0,16.55,36,D,credit_card,38000.0,15.16,MORTGAGE,10+ years,0
3266,4400.0,17.86,36,D,debt_consolidation,13000.0,12.37,RENT,5 years,0
9786,15050.0,23.99,36,F,house,60000.0,21.98,RENT,2 years,0
854,4000.0,15.99,36,C,house,110000.0,13.3,RENT,10+ years,0
9920,30000.0,24.5,60,F,home_improvement,95000.0,17.04,MORTGAGE,8 years,0
10280,8000.0,6.97,36,A,credit_card,54000.0,17.16,RENT,4 years,0
61,7475.0,14.64,36,C,debt_consolidation,31000.0,17.81,RENT,8 years,0
8302,22000.0,7.51,36,A,debt_consolidation,55000.0,16.15,MORTGAGE,7 years,0
1260,3200.0,14.33,36,C,debt_consolidation,100000.0,11.51,RENT,1 year,0
1296,8000.0,14.65,36,C,debt_consolidation,30188.4,24.49,RENT,3 years,0
4145,8875.0,17.77,36,D,debt_consolidation,33600.0,9.68,MORTGAGE,Unknown,1
7015,21000.0,13.11,36,B,home_improvement,49000.0,20.5,MORTGAGE,6 years,0
2081,5000.0,14.49,36,C,debt_consolidation,50000.0,22.16,RENT,7 years,1
7270,8000.0,8.9,36,A,debt_consolidation,35000.0,27.95,RENT,3 years,0
1448,8400.0,13.35,36,C,credit_card,48000.0,19.85,RENT,1 year,0
3972,18000.0,17.27,36,D,credit_card,62400.0,14.85,MORTGAGE,8 years,1
3407,9000.0,16.99,36,D,debt_consolidation,116000.0,20.74,MORTGAGE,10+ years,0
7438,6000.0,7.99,36,A,credit_card,45000.0,23.36,MORTGAGE,10+ years,0
4505,9600.0,9.76,36,B,debt_consolidation,28000.0,19.42,RENT,10+ years,0
10712,7500.0,18.25,36,D,other,150000.0,0.86,RENT,< 1 year,0
4092,13225.0,18.24,60,D,debt_consolidation,49000.0,22.56,MORTGAGE,10+ years,0
2210,9000.0,17.27,36,C,debt_consolidation,40000.0,17.49,RENT,2 years,0
2531,19200.0,16.02,60,C,credit_card,145000.0,16.29,MORTGAGE,2 years,1
715,30000.0,13.99,36,C,major_purchase,200000.0,23.45,MORTGAGE,10+ years,0
9588,30750.0,19.99,60,E,debt_consolidation,70000.0,22.72,MORTGAGE,10+ years,1
2469,10000.0,12.74,36,C,other,73000.0,15.57,RENT,1 year,0
4212,9100.0,19.2,36,D,debt_consolidation,42000.0,26.17,MORTGAGE,5 years,0
6429,7800.0,11.49,36,B,home_improvement,50000.0,22.13,MORTGAGE,5 years,1
3321,21725.0,18.25,60,D,debt_consolidation,100000.0,18.62,MORTGAGE,9 years,0
11125,8750.0,10.49,36,B,credit_card,25000.0,19.35,RENT,3 years,0
7938,15775.0,6.49,36,A,credit_card,70000.0,26.78,MORTGAGE,6 years,0
6263,35000.0,11.49,36,B,debt_consolidation,180000.0,16.01,MORTGAGE,10+ years,0
7163,25000.0,10.15,60,B,credit_card,52000.0,16.69,MORTGAGE,5 years,0
5591,35000.0,11.53,36,B,debt_consolidation,110000.0,29.48,RENT,1 year,0
1829,9000.0,16.02,36,C,credit_card,44000.0,12.77,RENT,8 years,1
1676,12000.0,14.33,36,C,debt_consolidation,47500.0,21.55,MORTGAGE,5 years,0
9509,20000.0,22.74,60,E,debt_consolidation,54000.0,3.89,RENT,10+ years,1
2582,11500.0,15.31,36,C,debt_consolidation,33000.0,15.31,RENT,10+ years,0
4114,7000.0,19.42,36,D,credit_card,25608.0,33.46,RENT,4 years,0
8925,13000.0,7.89,36,A,debt_consolidation,80000.0,17.45,OWN,7 years,0
7013,5000.0,12.13,36,B,other,53000.0,16.98,RENT,2 years,1
8002,6500.0,6.49,36,A,debt_consolidation,52300.0,7.96,MORTGAGE,6 years,0
4825,20000.0,10.49,36,B,debt_consolidation,50000.0,17.95,RENT,2 years,0
2426,24000.0,12.29,36,C,debt_consolidation,260000.0,16.98,MORTGAGE,10+ years,0
1049,24000.0,12.79,36,C,debt_consolidation,79360.0,9.66,MORTGAGE,5 years,0
8004,7200.0,6.99,36,A,debt_consolidation,50000.0,22.83,MORTGAGE,10+ years,0
1170,11000.0,13.65,36,C,debt_consolidation,45000.0,18.93,MORTGAGE,4 years,0
6842,15000.0,9.99,36,B,credit_card,47200.0,16.7,MORTGAGE,10+ years,0
712,15500.0,13.67,60,C,debt_consolidation,39456.0,28.62,OWN,< 1 year,0
1412,28800.0,14.46,36,C,debt_consolidation,95000.0,38.86,MORTGAGE,2 years,1
8265,8000.0,7.62,36,A,credit_card,59000.0,22.11,RENT,10+ years,0
7961,4000.0,5.32,36,A,other,66000.0,15.19,MORTGAGE,8 years,0
6910,24125.0,9.99,36,B,debt_consolidation,62000.0,34.67,MORTGAGE,Unknown,0
3553,10000.0,17.27,36,D,debt_consolidation,96000.0,7.16,RENT,7 years,0
8931,12000.0,8.19,36,A,credit_card,38000.0,21.1,RENT,10+ years,0
7123,7200.0,10.95,36,B,moving,71604.0,11.93,RENT,< 1 year,0
1407,11000.0,16.2,60,C,credit_card,40000.0,20.91,RENT,5 years,0
685,6000.0,13.99,36,C,medical,100000.0,14.86,OWN,10+ years,1
8928,7800.0,6.24,36,A,debt_consolidation,60000.0,20.96,MORTGAGE,4 years,0
10501,30000.0,11.47,60,B,debt_consolidation,145000.0,25.7,MORTGAGE,7 years,0
3733,10475.0,15.61,36,D,debt_consolidation,65000.0,29.8,RENT,5 years,0
3805,17500.0,19.2,60,D,debt_consolidation,61700.0,13.11,RENT,1 year,0
3811,14425.0,18.06,36,D,house,72000.0,2.03,OWN,6 years,0
4501,8000.0,11.99,36,B,debt_consolidation,62000.0,33.84,RENT,10+ years,0
3292,4800.0,16.29,36,D,debt_consolidation,58000.0,5.86,RENT,6 years,1
10954,24000.0,11.99,36,B,credit_card,82000.0,9.35,MORTGAGE,3 years,0
3093,8000.0,21.45,36,D,credit_card,185000.0,21.32,OWN,3 years,0
8163,12800.0,7.9,36,A,debt_consolidation,51196.0,20.18,MORTGAGE,1 year,0
10074,16000.0,7.62,36,A,debt_consolidation,67800.0,13.08,MORTGAGE,4 years,0
10790,10000.0,13.33,36,C,debt_consolidation,60000.0,37.32,MORTGAGE,10+ years,0
793,18000.0,14.16,36,C,credit_card,50000.0,9.46,RENT,4 years,0
6731,2000.0,11.14,36,B,educational,42000.0,13.49,RENT,2 years,0
10819,30000.0,14.46,36,C,debt_consolidation,160000.0,20.42,MORTGAGE,3 years,0
2095,4300.0,13.59,36,C,debt_consolidation,42000.0,21.49,RENT,Unknown,1
3962,29325.0,17.86,36,D,debt_consolidation,77193.0,39.44,OWN,7 years,1
3347,1500.0,16.99,36,D,debt_consolidation,23000.0,34.6,RENT,6 years,0
433,9000.0,11.99,36,C,debt_consolidation,80000.0,11.88,RENT,3 years,0
4968,5000.0,8.39,36,B,home_improvement,42000.0,27.51,MORTGAGE,10+ years,0
9433,10000.0,20.99,60,E,moving,55000.0,11.41,RENT,2 years,0
10181,16000.0,13.49,36,C,debt_consolidation,60000.0,24.14,MORTGAGE,2 years,1
8514,30000.0,5.32,36,A,debt_consolidation,99738.0,10.3,MORTGAGE,Unknown,0
3164,20125.0,19.22,60,D,home_improvement,45000.0,6.51,OWN,10+ years,0
8110,28000.0,7.24,36,A,home_improvement,180000.0,24.21,MORTGAGE,10+ years,0
5501,8000.0,9.17,36,B,credit_card,150000.0,14.62,RENT,3 years,0
5828,25000.0,8.18,60,B,credit_card,94000.0,14.75,MORTGAGE,2 years,0
296,12300.0,15.1,60,C,debt_consolidation,50000.0,27.5,MORTGAGE,5 years,0
4134,13200.0,16.29,36,D,home_improvement,101500.0,4.88,MORTGAGE,10+ years,1
3574,8075.0,15.41,36,D,debt_consolidation,45000.0,34.78,MORTGAGE,< 1 year,1
3186,20000.0,19.72,36,D,other,107000.0,10.84,MORTGAGE,10+ years,0
10195,26125.0,11.99,36,C,credit_card,65000.0,10.47,MORTGAGE,10+ years,0
7802,11000.0,7.07,36,A,credit_card,120000.0,18.11,RENT,< 1 year,0
9158,1000.0,7.97,36,A,home_improvement,80000.0,1.76,MORTGAGE,10+ years,0
7446,4000.0,7.49,36,A,major_purchase,75000.0,25.35,RENT,6 years,1
5070,5250.0,9.99,36,B,major_purchase,42000.0,17.03,RENT,3 years,0
6774,12000.0,11.44,60,B,debt_consolidation,110000.0,23.71,MORTGAGE,10+ years,0
4418,24000.0,10.99,60,B,credit_card,90000.0,17.65,RENT,4 years,1
2288,10000.0,12.69,36,C,debt_consolidation,90000.0,14.63,MORTGAGE,8 years,1
8424,6000.0,8.9,36,A,medical,28800.0,24.92,OWN,Unknown,0
7569,5000.0,6.89,36,A,credit_card,55000.0,16.69,MORTGAGE,10+ years,0
1677,6000.0,14.31,36,C,credit_card,42000.0,27.0,OWN,2 years,0
6157,7000.0,8.18,36,B,debt_consolidation,60000.0,12.56,RENT,5 years,0
149,16000.0,14.65,60,C,other,72000.0,33.45,MORTGAGE,10+ years,1
10645,25000.0,18.49,60,E,debt_consolidation,82131.0,25.47,MORTGAGE,< 1 year,0
5305,28000.0,9.76,60,B,credit_card,107000.0,15.19,MORTGAGE,Unknown,0
8526,8000.0,7.26,36,A,car,52000.0,26.17,RENT,10+ years,0
3195,28625.0,16.99,36,D,debt_consolidation,68952.0,26.44,MORTGAGE,< 1 year,0
7428,20000.0,7.89,36,A,debt_consolidation,140000.0,12.27,RENT,< 1 year,0
4082,8275.0,19.53,36,D,medical,51000.0,14.95,RENT,8 years,0
4207,15000.0,20.39,60,D,debt_consolidation,51000.0,27.27,RENT,1 year,0
2507,6500.0,12.99,36,C,debt_consolidation,30000.0,27.84,MORTGAGE,10+ years,0
5933,8000.0,10.75,36,B,home_improvement,60000.0,23.68,MORTGAGE,10+ years,0
7323,16000.0,5.32,36,A,debt_consolidation,80000.0,9.14,MORTGAGE,10+ years,0
1467,35000.0,13.49,60,C,wedding,137400.0,15.45,MORTGAGE,4 years,0
2039,24250.0,17.27,60,C,debt_consolidation,68000.0,21.95,MORTGAGE,5 years,0
517,16350.0,14.65,60,C,debt_consolidation,110000.0,2.4,MORTGAGE,8 years,1
4646,7000.0,11.47,36,B,debt_consolidation,45000.0,7.17,MORTGAGE,10+ years,0
922,5000.0,13.33,36,C,debt_consolidation,35000.0,24.55,RENT,3 years,1
6096,20000.0,10.74,60,B,major_purchase,86400.0,10.61,MORTGAGE,4 years,0
4784,14000.0,10.75,36,B,debt_consolidation,62000.0,14.15,RENT,10+ years,0
9476,28000.0,20.5,60,E,credit_card,89400.0,25.17,MORTGAGE,2 years,0
3191,14450.0,17.14,60,D,debt_consolidation,65000.0,32.72,MORTGAGE,10+ years,1
3062,23925.0,16.59,60,D,debt_consolidation,57000.0,24.34,MORTGAGE,10+ years,1
3519,16300.0,16.55,60,D,debt_consolidation,50000.0,35.2,MORTGAGE,8 years,0
96,30000.0,12.99,60,C,debt_consolidation,95000.0,10.0,MORTGAGE,10+ years,0
8583,12000.0,6.24,36,A,credit_card,120000.0,11.28,RENT,2 years,0
2941,8500.0,18.85,36,D,debt_consolidation,52000.0,21.0,RENT,10+ years,0
10770,12000.0,6.39,36,A,credit_card,65000.0,16.89,RENT,< 1 year,0
2390,8000.0,13.67,36,C,debt_consolidation,32000.0,30.72,RENT,9 years,0
9035,14000.0,7.89,36,A,credit_card,120000.0,3.06,RENT,< 1 year,0
3204,21000.0,16.29,36,D,other,60000.0,1.5,OWN,Unknown,1
2738,24000.0,14.47,60,C,debt_consolidation,68000.0,18.69,RENT,3 years,0
7066,26000.0,10.78,36,B,debt_consolidation,65000.0,15.29,MORTGAGE,1 year,0
9956,29700.0,25.83,60,G,debt_consolidation,67000.0,27.33,MORTGAGE,10+ years,1
2380,11300.0,14.16,36,C,debt_consolidation,46000.0,33.52,RENT,7 years,0
9877,4450.0,24.99,36,F,debt_consolidation,17515.0,16.04,OWN,Unknown,0
9760,18000.0,23.13,60,F,debt_consolidation,62000.0,25.24,RENT,10+ years,1
9389,4750.0,19.99,36,E,debt_consolidation,15100.0,10.41,RENT,Unknown,0
10458,2000.0,7.35,36,A,home_improvement,86000.0,10.48,OWN,3 years,0
9049,3500.0,7.9,36,A,debt_consolidation,72500.0,24.82,MORTGAGE,2 years,0
7567,8000.0,6.49,36,A,credit_card,62000.0,23.13,MORTGAGE,10+ years,0
423,30000.0,12.99,36,C,debt_consolidation,268000.0,6.33,MORTGAGE,6 years,0
11095,3500.0,15.61,36,C,credit_card,21000.0,15.91,MORTGAGE,6 years,1
1693,4000.0,12.88,36,C,other,40000.0,11.7,MORTGAGE,10+ years,0
3981,30000.0,16.59,60,D,debt_consolidation,187000.0,11.95,RENT,9 years,1
5654,16000.0,9.93,36,B,debt_consolidation,76800.0,16.7,MORTGAGE,10+ years,0
5806,8000.0,10.99,36,B,debt_consolidation,48000.0,12.48,MORTGAGE,10+ years,0
4662,28000.0,9.99,60,B,credit_card,110000.0,21.33,MORTGAGE,10+ years,0
11063,10000.0,10.0,36,B,debt_consolidation,65000.0,11.89,RENT,1 year,0
1416,34475.0,15.8,60,C,home_improvement,87500.0,24.41,MORTGAGE,2 years,0
535,16000.0,12.88,60,C,major_purchase,90000.0,25.64,RENT,8 years,1
7868,15000.0,6.68,36,A,credit_card,80000.0,6.35,RENT,1 year,0
2023,6375.0,14.65,36,C,debt_consolidation,34000.0,19.31,OWN,< 1 year,0
3580,4000.0,15.41,36,D,debt_consolidation,55000.0,24.05,RENT,10+ years,0
4264,20000.0,15.77,60,D,debt_consolidation,65000.0,25.92,RENT,10+ years,0
2760,6000.0,12.69,36,C,debt_consolidation,40000.0,5.25,RENT,1 year,0
10362,9600.0,10.16,36,B,debt_consolidation,138000.0,5.35,MORTGAGE,2 years,0
3108,18525.0,18.99,36,D,debt_consolidation,48750.0,20.04,RENT,5 years,0
6621,10000.0,11.49,36,B,debt_consolidation,40000.0,16.44,OWN,Unknown,1
6089,20000.0,9.17,36,B,debt_consolidation,115000.0,11.03,MORTGAGE,7 years,0
1985,10000.0,13.49,60,C,major_purchase,85000.0,26.85,MORTGAGE,10+ years,1
8608,25600.0,7.89,36,A,credit_card,180000.0,12.26,OWN,4 years,1
1325,12000.0,16.02,60,C,home_improvement,95000.0,13.13,MORTGAGE,10+ years,1
3268,20000.0,15.61,60,D,debt_consolidation,59384.0,17.24,MORTGAGE,2 years,0
1536,19000.0,15.99,36,C,debt_consolidation,150000.0,15.78,MORTGAGE,10+ years,0
2634,21000.0,13.67,60,C,debt_consolidation,40000.0,44.16,MORTGAGE,6 years,1
9245,17600.0,18.25,60,E,credit_card,56000.0,24.88,MORTGAGE,10+ years,0
4457,8000.0,12.99,36,B,debt_consolidation,50000.0,23.84,MORTGAGE,9 years,0
7538,17000.0,8.19,36,A,debt_consolidation,58264.0,19.4,MORTGAGE,4 years,0
9186,10000.0,22.9,60,E,debt_consolidation,35000.0,27.09,RENT,1 year,1
1414,2400.0,16.46,36,C,home_improvement,70000.0,10.06,OWN,10+ years,0
6340,11000.0,12.12,36,B,credit_card,56000.0,17.64,RENT,1 year,0
1152,8000.0,12.88,36,C,other,95000.0,31.18,MORTGAGE,10+ years,0
6117,6025.0,10.75,36,B,home_improvement,45000.0,20.32,OWN,3 years,0
7710,24975.0,6.03,36,A,debt_consolidation,214000.0,7.43,RENT,2 years,0
6144,20000.0,10.99,36,B,credit_card,120000.0,10.83,RENT,5 years,0
5667,5000.0,9.99,36,B,debt_consolidation,40000.0,9.78,OWN,3 years,0
9264,14400.0,24.74,60,E,debt_consolidation,118000.0,18.77,MORTGAGE,9 years,0
2704,5000.0,13.99,36,C,other,110000.0,2.9,MORTGAGE,8 years,0
4903,9525.0,12.49,36,B,debt_consolidation,97000.0,18.98,RENT,1 year,0
7498,3500.0,5.32,36,A,debt_consolidation,60000.0,4.38,MORTGAGE,10+ years,0
9672,28000.0,25.82,60,E,debt_consolidation,57000.0,22.06,RENT,< 1 year,0
817,4800.0,13.66,36,C,debt_consolidation,35000.0,25.55,RENT,< 1 year,1
4886,18000.0,13.53,60,B,debt_consolidation,109000.0,18.13,MORTGAGE,10+ years,1
730,1000.0,13.49,36,C,moving,65000.0,23.39,RENT,6 years,0
6348,30000.0,11.67,36,B,credit_card,80000.0,16.74,MORTGAGE,< 1 year,1
7090,20000.0,10.99,36,B,debt_consolidation,90000.0,17.32,MORTGAGE,10+ years,1
6394,9000.0,9.99,36,B,debt_consolidation,55000.0,5.56,RENT,3 years,0
4887,12000.0,14.09,36,B,debt_consolidation,54000.0,20.07,RENT,8 years,0
10505,35000.0,9.17,36,B,credit_card,155000.0,12.36,OWN,10+ years,0
2352,24000.0,14.49,36,C,major_purchase,90000.0,1.94,OWN,8 years,0
5647,10000.0,11.53,36,B,debt_consolidation,37000.0,15.63,RENT,8 years,0
7239,6000.0,8.18,36,B,debt_consolidation,70000.0,23.45,RENT,2 years,0
5819,6000.0,11.99,36,B,home_improvement,75000.0,7.68,RENT,5 years,0
8159,2000.0,7.97,36,A,major_purchase,155000.0,11.28,RENT,3 years,0
343,33000.0,12.69,60,C,debt_consolidation,115000.0,19.08,MORTGAGE,2 years,1
7400,14500.0,7.26,36,A,debt_consolidation,79000.0,21.85,RENT,10+ years,0
6052,9500.0,13.05,36,B,debt_consolidation,55000.0,6.68,RENT,1 year,0
3414,4000.0,20.0,36,D,debt_consolidation,57000.0,34.77,RENT,5 years,0
10103,2500.0,10.91,36,B,debt_consolidation,91000.0,12.99,RENT,2 years,0
5123,17000.0,11.53,60,B,debt_consolidation,86000.0,21.02,MORTGAGE,10+ years,1
3447,10000.0,17.76,36,D,credit_card,47000.0,30.13,RENT,10+ years,1
7434,10000.0,8.9,36,A,debt_consolidation,50000.0,22.61,MORTGAGE,10+ years,0
3529,3050.0,19.03,36,D,debt_consolidation,40000.0,15.93,RENT,6 years,0
9080,28000.0,7.69,36,A,credit_card,235000.0,11.54,RENT,1 year,0
2903,12000.0,21.85,36,D,debt_consolidation,32000.0,11.29,MORTGAGE,4 years,0
8863,20000.0,7.26,36,A,debt_consolidation,95000.0,17.75,RENT,< 1 year,1
1284,11000.0,16.2,60,C,home_improvement,91000.0,11.92,OWN,10+ years,1
7363,7000.0,7.12,36,A,credit_card,75000.0,15.44,MORTGAGE,10+ years,0
10012,4000.0,11.99,36,C,other,45000.0,15.55,MORTGAGE,5 years,0
876,7825.0,13.33,36,C,debt_consolidation,27000.0,31.51,MORTGAGE,8 years,0
5752,20000.0,9.17,36,B,credit_card,116000.0,27.22,MORTGAGE,10+ years,0
10523,15000.0,5.32,36,A,credit_card,100000.0,20.42,MORTGAGE,10+ years,0
6752,21000.0,9.93,36,B,credit_card,76191.64,12.55,MORTGAGE,10+ years,0
10821,25000.0,6.03,36,A,debt_consolidation,96000.0,16.96,MORTGAGE,10+ years,0
3434,13000.0,18.75,36,D,medical,250000.0,5.41,RENT,3 years,1
4309,20000.0,18.75,60,D,credit_card,64000.0,15.06,RENT,6 years,1
5669,9600.0,13.11,36,B,debt_consolidation,35000.0,13.1,RENT,3 years,0
2318,14400.0,13.35,60,C,credit_card,60058.0,31.83,MORTGAGE,10+ years,0
2346,10800.0,13.57,36,C,debt_consolidation,46000.0,2.77,RENT,4 years,1
3928,18000.0,16.99,36,D,credit_card,68000.0,30.72,RENT,3 years,0
6404,12000.0,8.18,36,B,credit_card,92800.0,11.99,RENT,2 years,0
5115,12000.0,12.99,36,B,credit_card,29691.0,16.41,RENT,10+ years,0
2333,19200.0,12.69,36,C,debt_consolidation,75000.0,22.54,MORTGAGE,< 1 year,1
7611,6875.0,8.9,36,A,debt_consolidation,30000.0,21.92,RENT,5 years,0
74,16000.0,16.02,60,C,debt_consolidation,35000.0,11.87,MORTGAGE,Unknown,1
2618,20000.0,13.49,36,C,credit_card,140000.0,7.89,RENT,5 years,0
7482,16000.0,6.24,36,A,credit_card,50000.0,30.82,MORTGAGE,10+ years,0
7094,10000.0,10.49,36,B,credit_card,42000.0,9.13,RENT,4 years,0
1276,10000.0,13.61,60,C,credit_card,88000.0,11.14,RENT,2 years,0
7031,16000.0,10.42,60,B,home_improvement,57000.0,33.37,OWN,6 years,0
10379,5650.0,13.99,36,C,other,97800.0,12.6,MORTGAGE,6 years,0
1790,8000.0,15.31,36,C,debt_consolidation,60000.0,29.53,MORTGAGE,8 years,0
4093,16000.0,17.77,36,D,debt_consolidation,85000.0,15.13,RENT,10+ years,0
2870,14000.0,11.99,36,C,debt_consolidation,132500.0,12.93,MORTGAGE,2 years,0
1715,6100.0,14.3,36,C,debt_consolidation,41600.0,21.45,OWN,6 years,1
2841,18000.0,14.31,60,C,debt_consolidation,58000.0,34.04,OWN,1 year,1
9688,10000.0,26.3,60,E,medical,40000.0,14.43,RENT,10+ years,0
2012,19250.0,14.65,36,C,debt_consolidation,80000.0,10.79,MORTGAGE,4 years,0
1886,22925.0,12.69,60,C,credit_card,96000.0,17.74,MORTGAGE,7 years,0
6733,30000.0,9.75,36,B,debt_consolidation,92000.0,21.69,MORTGAGE,7 years,0
2923,12600.0,16.55,36,D,debt_consolidation,35000.0,37.86,RENT,3 years,0
2338,10000.0,13.35,36,C,debt_consolidation,30000.0,23.32,OWN,Unknown,1
1774,14000.0,13.98,36,C,debt_consolidation,108000.0,27.63,OWN,1 year,0
11061,35000.0,16.99,36,D,other,170000.0,15.76,MORTGAGE,< 1 year,0
1855,16000.0,13.33,36,C,debt_consolidation,240000.0,26.94,MORTGAGE,10+ years,0
5896,25000.0,9.99,60,B,credit_card,240000.0,11.06,RENT,2 years,1
7121,14000.0,9.99,60,B,debt_consolidation,107000.0,16.7,MORTGAGE,2 years,1
6610,8000.0,12.12,36,B,debt_consolidation,38000.0,18.0,RENT,2 years,0
8612,3000.0,7.34,36,A,medical,120000.0,10.09,RENT,7 years,0
2563,21000.0,14.27,60,C,debt_consolidation,83400.0,21.63,MORTGAGE,10+ years,0
6881,24000.0,9.17,36,B,debt_consolidation,100000.0,7.19,OWN,9 years,0
1998,6000.0,13.35,36,C,vacation,68000.0,22.84,MORTGAGE,3 years,0
7872,12000.0,6.62,36,A,debt_consolidation,60000.0,12.78,MORTGAGE,10+ years,0
3801,10625.0,20.31,60,D,credit_card,44000.0,18.32,OWN,7 years,1
11176,24000.0,16.2,60,C,home_improvement,75000.0,9.76,MORTGAGE,2 years,1
3246,20000.0,17.99,60,D,debt_consolidation,70000.0,23.06,MORTGAGE,10+ years,0
4874,12000.0,10.99,36,B,debt_consolidation,46000.0,13.64,RENT,1 year,0
1003,24000.0,12.39,36,C,debt_consolidation,105000.0,32.47,RENT,< 1 year,1
2278,12225.0,14.98,36,C,home_improvement,35000.0,29.77,OWN,10+ years,1
6120,15000.0,10.99,36,B,credit_card,50000.0,16.54,MORTGAGE,8 years,0
9262,25725.0,21.15,60,E,debt_consolidation,60000.0,26.73,MORTGAGE,2 years,0
6042,12000.0,11.47,36,B,debt_consolidation,46000.0,27.81,RENT,2 years,0
4711,14000.0,13.11,36,B,debt_consolidation,92000.0,19.63,MORTGAGE,7 years,0
578,14000.0,15.61,60,C,credit_card,52000.0,24.74,MORTGAGE,10+ years,0
540,28800.0,13.33,36,C,debt_consolidation,60000.0,35.38,RENT,10+ years,0
10031,30000.0,17.86,60,D,debt_consolidation,93000.0,19.87,RENT,2 years,0
2311,5000.0,13.99,36,C,debt_consolidation,45000.0,15.23,MORTGAGE,10+ years,0
9361,27600.0,22.45,60,E,home_improvement,75000.0,22.0,MORTGAGE,1 year,1
4433,20000.0,12.12,36,B,debt_consolidation,60000.0,15.82,MORTGAGE,10+ years,0
4905,10000.0,11.99,36,B,credit_card,31100.0,5.94,RENT,Unknown,1
9147,30000.0,8.9,36,A,debt_consolidation,100000.0,16.04,MORTGAGE,10+ years,0
554,14000.0,13.49,36,C,debt_consolidation,52000.0,8.82,RENT,3 years,1
5593,29900.0,11.99,60,B,debt_consolidation,75000.0,21.2,MORTGAGE,10+ years,0
4146,8000.0,17.57,36,D,debt_consolidation,25000.0,17.38,MORTGAGE,3 years,0
652,20000.0,15.05,36,C,debt_consolidation,58000.0,18.13,RENT,3 years,0
4456,9000.0,8.24,36,B,credit_card,45000.0,18.09,RENT,3 years,0
2019,8025.0,14.46,36,C,debt_consolidation,100000.0,16.35,MORTGAGE,10+ years,1
8698,20000.0,8.19,60,A,debt_consolidation,55000.0,10.91,MORTGAGE,10+ years,0
5264,17000.0,10.16,36,B,debt_consolidation,145000.0,12.24,MORTGAGE,1 year,0
10071,15600.0,9.17,36,B,debt_consolidation,72200.0,25.6,RENT,Unknown,0
975,23500.0,14.48,60,C,debt_consolidation,54000.0,24.4,MORTGAGE,10+ years,1
1572,13700.0,15.31,36,C,debt_consolidation,51000.0,15.14,OWN,< 1 year,0
7130,7200.0,11.53,36,B,home_improvement,123300.0,10.37,OWN,10+ years,0
8329,12000.0,5.32,36,A,debt_consolidation,55000.0,27.93,MORTGAGE,5 years,0
9821,29975.0,26.49,60,F,debt_consolidation,72000.0,13.62,RENT,5 years,1
6372,6025.0,10.78,36,B,credit_card,62000.0,9.39,MORTGAGE,2 years,0
7445,12000.0,7.97,36,A,debt_consolidation,175000.0,9.43,MORTGAGE,1 year,0
757,21000.0,14.33,60,C,debt_consolidation,101000.0,8.73,MORTGAGE,3 years,0
9180,10000.0,20.99,60,E,debt_consolidation,78000.0,18.03,MORTGAGE,1 year,1
5837,35000.0,9.75,60,B,debt_consolidation,195000.0,18.74,MORTGAGE,10+ years,1
9560,13700.0,21.99,60,E,credit_card,48000.0,24.18,MORTGAGE,9 years,0
3883,2500.0,17.47,36,D,credit_card,29250.0,20.72,RENT,1 year,0
2046,22075.0,14.65,36,C,credit_card,48000.0,13.38,RENT,10+ years,0
1699,6000.0,13.35,36,C,debt_consolidation,60000.0,18.52,RENT,7 years,0
5579,22000.0,9.17,36,B,debt_consolidation,108000.0,12.89,MORTGAGE,10+ years,0
10268,12000.0,14.85,36,C,debt_consolidation,50000.0,26.49,RENT,1 year,1
11090,4200.0,12.99,36,C,credit_card,18000.0,33.47,RENT,5 years,0
10751,5000.0,9.75,36,B,debt_consolidation,65000.0,19.61,RENT,< 1 year,0
3448,9000.0,15.05,36,D,credit_card,54000.0,23.8,RENT,7 years,1
2842,10000.0,13.59,36,C,credit_card,36000.0,5.4,RENT,2 years,0
907,20700.0,14.49,36,C,credit_card,128400.0,33.39,OWN,10+ years,0
3401,6000.0,16.99,36,D,debt_consolidation,25000.0,33.55,RENT,2 years,1
5461,9000.0,10.65,36,B,debt_consolidation,32000.0,11.89,RENT,< 1 year,1
5521,7600.0,12.49,36,B,home_improvement,85000.0,1.13,MORTGAGE,< 1 year,0
4519,16800.0,10.99,60,B,debt_consolidation,66000.0,15.38,MORTGAGE,10+ years,0
7376,11250.0,6.03,36,A,debt_consolidation,62628.8,11.65,MORTGAGE,3 years,1
1066,8000.0,12.39,36,C,debt_consolidation,125000.0,17.63,MORTGAGE,10+ years,0
10041,9600.0,13.49,36,C,home_improvement,50000.0,31.59,MORTGAGE,10+ years,1
1595,8000.0,12.99,36,C,debt_consolidation,54000.0,29.09,MORTGAGE,10+ years,0
7564,15000.0,5.93,36,A,debt_consolidation,90000.0,13.4,RENT,< 1 year,0
5482,16000.0,10.15,36,B,debt_consolidation,300000.0,17.63,MORTGAGE,10+ years,0
4885,16700.0,11.39,36,B,debt_consolidation,65000.0,25.15,MORTGAGE,6 years,0
115,6600.0,12.62,36,C,debt_consolidation,102000.0,2.26,RENT,10+ years,0
10357,20000.0,9.75,36,B,credit_card,73000.0,19.61,RENT,10+ years,1
8318,9000.0,7.9,36,A,debt_consolidation,50000.0,27.68,OWN,3 years,0
3978,8000.0,15.58,36,D,other,54000.0,8.6,RENT,3 years,0
11101,14000.0,8.18,36,B,debt_consolidation,70000.0,15.07,OWN,3 years,0
3549,9600.0,16.99,36,D,debt_consolidation,65000.0,28.36,OWN,10+ years,0
1675,5250.0,15.8,36,C,debt_consolidation,60000.0,26.72,RENT,10+ years,1
11173,20000.0,19.52,60,E,debt_consolidation,85000.0,24.35,MORTGAGE,2 years,1
5201,7500.0,11.53,36,B,debt_consolidation,66414.0,13.39,RENT,1 year,0
9847,10075.0,24.99,60,F,debt_consolidation,28000.0,25.63,RENT,10+ years,1
4317,20000.0,10.15,60,B,credit_card,97000.0,21.61,MORTGAGE,10+ years,0
10866,20000.0,8.18,36,B,debt_consolidation,70000.0,7.56,MORTGAGE,7 years,0
1862,10000.0,16.24,60,C,credit_card,108000.0,8.81,MORTGAGE,10+ years,0
6067,10500.0,12.99,36,B,home_improvement,63000.0,16.52,RENT,10+ years,0
9014,24000.0,5.32,36,A,debt_consolidation,93000.0,18.75,MORTGAGE,10+ years,0
3623,14000.0,17.57,60,D,debt_consolidation,47000.0,17.93,MORTGAGE,1 year,0
6969,3000.0,11.14,36,B,major_purchase,52000.0,27.74,MORTGAGE,5 years,0
5421,17425.0,10.16,36,B,credit_card,40000.0,26.47,MORTGAGE,3 years,0
3594,10000.0,19.05,36,D,debt_consolidation,45000.0,20.55,RENT,10+ years,0
10174,18325.0,7.49,36,A,debt_consolidation,159960.0,2.4,MORTGAGE,10+ years,0
3540,12500.0,18.24,60,D,debt_consolidation,38000.0,15.5,RENT,2 years,0
10285,3600.0,16.99,36,D,other,57500.0,19.12,MORTGAGE,10+ years,0
8855,12000.0,6.19,36,A,home_improvement,85000.0,12.28,OWN,10+ years,0
8335,15000.0,7.49,36,A,debt_consolidation,70000.0,15.16,RENT,8 years,0
6364,5000.0,10.75,36,B,home_improvement,48000.0,14.23,MORTGAGE,2 years,0
706,28000.0,14.31,60,C,credit_card,80000.0,29.66,MORTGAGE,3 years,1
6180,18000.0,13.11,60,B,debt_consolidation,105000.0,27.52,MORTGAGE,8 years,0
35,20000.0,13.98,36,C,home_improvement,272000.0,5.45,MORTGAGE,10+ years,1
2662,8000.0,12.99,36,C,debt_consolidation,90000.0,31.72,OWN,10+ years,1
10354,16800.0,21.0,60,E,debt_consolidation,40000.0,22.11,RENT,10+ years,0
6787,32000.0,9.17,36,B,home_improvement,132000.0,20.27,MORTGAGE,10+ years,0
7249,20000.0,7.69,36,A,debt_consolidation,50000.0,24.89,RENT,5 years,0
10815,22000.0,7.89,36,A,credit_card,125000.0,5.32,OWN,< 1 year,0
7689,25000.0,7.89,36,A,credit_card,65000.0,12.04,OWN,10+ years,0
8155,25000.0,5.32,36,A,credit_card,128000.0,16.26,MORTGAGE,3 years,0
8245,15000.0,7.62,36,A,debt_consolidation,62500.0,14.59,MORTGAGE,Unknown,0
7784,10000.0,7.84,36,A,debt_consolidation,52000.0,15.19,RENT,4 years,0
1919,12000.0,15.31,36,C,debt_consolidation,77000.0,21.83,RENT,2 years,1
404,3600.0,13.67,36,C,moving,62000.0,32.87,RENT,10+ years,1
6749,24000.0,12.13,36,B,credit_card,180000.0,17.74,RENT,3 years,0
7707,5000.0,7.26,36,A,other,49000.0,0.73,OWN,1 year,0
8717,8000.0,7.89,36,A,car,70000.0,8.88,RENT,6 years,0
10306,9800.0,13.99,36,C,debt_consolidation,50000.0,19.13,OWN,3 years,0
10497,35000.0,10.99,60,B,credit_card,73000.0,29.95,MORTGAGE,10+ years,0
1552,14900.0,14.99,36,C,debt_consolidation,60000.0,11.36,RENT,10+ years,0
6216,10500.0,10.99,36,B,debt_consolidation,50000.0,15.75,RENT,6 years,1
5871,30000.0,10.9,36,B,debt_consolidation,100000.0,6.24,RENT,10+ years,0
5334,7000.0,11.99,36,B,home_improvement,65000.0,20.97,MORTGAGE,2 years,0
1069,13375.0,14.33,36,C,debt_consolidation,75000.0,20.64,RENT,3 years,0
2203,22550.0,13.99,36,C,debt_consolidation,60000.0,26.92,MORTGAGE,10+ years,0
10235,7000.0,13.68,36,C,credit_card,23500.0,27.57,RENT,< 1 year,0
10977,12000.0,13.66,60,C,debt_consolidation,55000.0,23.72,OWN,2 years,0
3839,17050.0,18.49,36,D,credit_card,54000.0,17.67,RENT,8 years,0
7275,27200.0,7.89,36,A,debt_consolidation,104112.0,24.52,RENT,3 years,0
1137,16000.0,16.02,60,C,debt_consolidation,56000.0,26.15,RENT,< 1 year,0
5381,1200.0,10.99,36,B,medical,42000.0,15.06,MORTGAGE,10+ years,0
9428,17475.0,20.49,60,E,debt_consolidation,68000.0,22.59,OWN,10+ years,0
3471,15000.0,19.52,36,D,small_business,130000.0,22.51,MORTGAGE,10+ years,0
10913,22000.0,6.24,36,A,credit_card,96000.0,12.9,OWN,3 years,0
4409,8000.0,10.99,36,B,credit_card,38000.0,26.47,RENT,3 years,0
9294,24000.0,25.82,60,E,credit_card,50000.0,11.16,MORTGAGE,10+ years,0
1925,33950.0,15.22,36,C,debt_consolidation,84000.0,13.37,MORTGAGE,7 years,1
7986,6000.0,6.49,36,A,debt_consolidation,63000.0,1.49,MORTGAGE,4 years,0
9397,1000.0,19.48,36,E,debt_consolidation,83000.0,12.18,MORTGAGE,4 years,0
387,9250.0,12.29,36,C,debt_consolidation,36000.0,29.1,RENT,4 years,0
1171,24250.0,15.1,60,C,debt_consolidation,55000.0,13.2,OWN,7 years,0
3481,35000.0,16.29,36,D,home_improvement,150000.0,22.21,OWN,2 years,1
3114,16000.0,17.86,60,D,debt_consolidation,60000.0,4.32,MORTGAGE,3 years,0
7439,16800.0,8.39,36,A,credit_card,104000.0,33.67,MORTGAGE,3 years,0
1139,12000.0,14.08,36,C,credit_card,33000.0,14.76,MORTGAGE,< 1 year,1
5878,11000.0,8.67,36,B,debt_consolidation,35000.0,16.98,RENT,4 years,0
3775,3425.0,19.99,36,D,debt_consolidation,45000.0,26.08,MORTGAGE,10+ years,0
8523,20000.0,6.03,36,A,home_improvement,64000.0,7.14,MORTGAGE,3 years,0
4194,18000.0,16.99,60,D,debt_consolidation,36000.0,21.83,MORTGAGE,9 years,0
10545,21000.0,9.16,36,B,debt_consolidation,50000.0,4.99,OWN,2 years,0
5715,3500.0,11.44,36,B,moving,60000.0,5.0,RENT,5 years,0
2741,21000.0,11.99,36,C,debt_consolidation,165000.0,7.75,RENT,5 years,0
6962,21600.0,9.93,60,B,debt_consolidation,63000.0,23.03,MORTGAGE,10+ years,1
3889,30000.0,19.05,60,D,debt_consolidation,130000.0,12.4,RENT,10+ years,0
2456,16800.0,12.05,36,C,debt_consolidation,78000.0,21.71,MORTGAGE,9 years,0
776,12000.0,14.47,60,C,debt_consolidation,97624.0,8.83,MORTGAGE,10+ years,0
5664,12300.0,9.99,36,B,debt_consolidation,50000.0,18.41,MORTGAGE,8 years,1
5056,18000.0,10.99,60,B,debt_consolidation,45000.0,25.86,OWN,< 1 year,0
3856,14750.0,17.86,60,D,debt_consolidation,41000.0,22.07,RENT,< 1 year,0
7157,20000.0,10.99,60,B,credit_card,52000.0,21.35,MORTGAGE,< 1 year,1
9127,10000.0,5.93,36,A,credit_card,65000.0,13.34,MORTGAGE,Unknown,0
4557,15000.0,11.99,60,B,credit_card,65000.0,7.4,RENT,< 1 year,0
3588,16000.0,16.59,60,D,home_improvement,70000.0,16.42,MORTGAGE,4 years,0
3639,15000.0,19.99,36,D,debt_consolidation,35874.0,15.36,MORTGAGE,Unknown,0
628,9000.0,17.27,36,C,debt_consolidation,71000.0,5.24,RENT,6 years,0
8768,25000.0,6.89,36,A,debt_consolidation,235000.0,13.21,MORTGAGE,10+ years,0
2366,8000.0,14.35,36,C,other,48000.0,20.35,RENT,4 years,0
5643,19000.0,10.99,36,B,credit_card,44000.0,11.13,RENT,9 years,0
11085,1500.0,9.93,36,B,medical,43330.0,23.33,MORTGAGE,3 years,1
8007,6000.0,6.89,36,A,debt_consolidation,38642.37,23.32,RENT,10+ years,0
10467,20225.0,13.98,60,C,credit_card,45000.0,25.09,MORTGAGE,10+ years,0
10690,4225.0,5.32,36,A,medical,60000.0,19.54,MORTGAGE,10+ years,0
9219,14400.0,19.52,60,E,credit_card,40000.0,9.33,MORTGAGE,7 years,1
7934,40000.0,7.84,60,A,credit_card,250000.0,9.4,MORTGAGE,4 years,0
1226,1500.0,15.88,36,C,vacation,41400.0,22.14,MORTGAGE,Unknown,0
6093,35000.0,9.17,36,B,debt_consolidation,110000.0,24.58,MORTGAGE,4 years,0
737,16000.0,13.59,36,C,credit_card,45000.0,17.89,OWN,10+ years,0
8589,15000.0,7.89,36,A,debt_consolidation,72000.0,4.52,MORTGAGE,3 years,0
2830,18000.0,15.61,36,C,debt_consolidation,83200.0,28.57,MORTGAGE,10+ years,0
8134,3600.0,6.99,36,A,credit_card,45000.0,14.93,MORTGAGE,5 years,0
4368,22400.0,10.99,36,B,other,65000.0,30.83,RENT,1 year,0
9404,10000.0,22.2,60,E,credit_card,38000.0,17.05,RENT,2 years,0
10766,12000.0,18.06,60,D,other,38000.0,7.36,RENT,< 1 year,0
2979,18000.0,16.29,60,D,other,40000.0,20.01,RENT,4 years,1
455,9000.0,12.69,36,C,debt_consolidation,55000.0,19.97,MORTGAGE,10+ years,1
5573,8000.0,10.42,36,B,debt_consolidation,42000.0,19.34,MORTGAGE,< 1 year,0
8601,20000.0,7.49,36,A,debt_consolidation,75000.0,26.05,MORTGAGE,6 years,0
8019,6000.0,7.89,36,A,credit_card,80000.0,7.08,MORTGAGE,9 years,0
2332,23000.0,14.49,60,C,credit_card,90000.0,9.03,RENT,5 years,0
1108,24250.0,15.8,60,C,debt_consolidation,115000.0,15.68,RENT,2 years,0
9171,20000.0,27.27,60,E,debt_consolidation,47000.0,31.84,RENT,Unknown,1
3982,11950.0,18.25,36,D,debt_consolidation,144000.0,5.23,MORTGAGE,10+ years,1
4262,7000.0,15.61,36,D,medical,43225.0,20.88,RENT,4 years,0
3181,18075.0,17.57,60,D,debt_consolidation,71000.0,13.76,MORTGAGE,10+ years,0
36,24000.0,15.31,36,C,credit_card,56000.0,24.36,MORTGAGE,10+ years,0
10029,25500.0,18.2,60,E,home_improvement,118639.0,24.4,OWN,1 year,0
7709,25000.0,5.32,36,A,credit_card,158609.0,20.05,MORTGAGE,8 years,0
6520,28000.0,9.75,36,B,debt_consolidation,200000.0,10.4,RENT,2 years,0
9713,15000.0,20.99,60,E,debt_consolidation,51000.0,10.25,RENT,4 years,0
1801,6500.0,13.33,36,C,credit_card,33800.0,25.25,RENT,2 years,0
5780,16000.0,10.49,36,B,debt_consolidation,50000.0,25.3,MORTGAGE,3 years,0
9630,6000.0,22.45,36,E,other,80000.0,20.93,OWN,1 year,1
5087,11625.0,10.65,60,B,small_business,66000.0,11.49,MORTGAGE,5 years,1
3376,16300.0,15.61,60,D,debt_consolidation,65000.0,12.2,MORTGAGE,2 years,1
10443,8875.0,14.33,36,C,credit_card,26700.0,28.05,RENT,3 years,0
6031,13500.0,9.75,36,B,credit_card,47000.0,29.72,MORTGAGE,< 1 year,0
2682,7300.0,11.99,36,C,debt_consolidation,62000.0,23.0,OWN,4 years,0
1393,20000.0,11.99,36,C,debt_consolidation,64543.0,12.01,RENT,10+ years,0
9395,6000.0,18.25,36,E,medical,56000.0,25.95,OWN,10+ years,1
10118,10000.0,9.16,36,B,credit_card,140000.0,9.18,OWN,10+ years,0
9982,17125.0,27.31,60,G,debt_consolidation,45000.0,27.47,OWN,2 years,1
616,14000.0,14.99,36,C,debt_consolidation,112000.0,27.94,MORTGAGE,9 years,0
1803,30000.0,12.39,60,C,debt_consolidation,75000.0,26.67,RENT,8 years,0
9529,7400.0,19.29,60,E,other,56400.0,1.38,RENT,10+ years,0
9826,8000.0,29.69,36,F,other,77000.0,30.53,MORTGAGE,Unknown,0
3486,8350.0,15.61,36,D,car,31000.0,21.36,MORTGAGE,10+ years,0
2328,9600.0,12.29,36,C,debt_consolidation,150000.0,7.18,OWN,8 years,0
7884,8000.0,5.32,36,A,debt_consolidation,52000.0,20.08,RENT,1 year,0
10224,9350.0,6.92,36,A,credit_card,34500.0,30.7,RENT,3 years,0
8273,22000.0,5.32,36,A,credit_card,50000.0,18.17,MORTGAGE,2 years,0
693,6000.0,13.49,36,C,debt_consolidation,55000.0,21.1,RENT,< 1 year,0
2806,18000.0,16.29,36,C,debt_consolidation,65000.0,24.35,MORTGAGE,7 years,0
6131,26000.0,9.99,36,B,debt_consolidation,168000.0,12.16,RENT,1 year,0
9610,10000.0,22.39,36,E,credit_card,85000.0,17.07,OWN,4 years,0
7924,10700.0,7.49,36,A,debt_consolidation,68000.0,16.68,OWN,3 years,0
9524,10000.0,19.52,60,E,debt_consolidation,55000.0,7.03,MORTGAGE,10+ years,1
99,18000.0,13.59,36,C,debt_consolidation,87500.0,12.67,OWN,< 1 year,0
527,8000.0,12.62,36,C,credit_card,62000.0,9.14,MORTGAGE,4 years,0
4878,16000.0,10.99,60,B,debt_consolidation,60000.0,8.98,OWN,10+ years,0
4421,20125.0,10.65,60,B,debt_consolidation,42000.0,27.29,MORTGAGE,2 years,0
4536,18775.0,9.99,36,B,credit_card,70000.0,21.94,MORTGAGE,10+ years,0
2970,4750.0,17.57,36,D,other,54000.0,9.44,RENT,2 years,0
238,6950.0,15.05,36,C,debt_consolidation,38687.0,34.75,MORTGAGE,Unknown,1
9724,18000.0,25.49,60,E,debt_consolidation,50000.0,16.66,OWN,6 years,0
1431,20000.0,14.49,36,C,debt_consolidation,75000.0,14.39,RENT,8 years,0
8594,35000.0,7.89,36,A,debt_consolidation,150000.0,17.19,MORTGAGE,< 1 year,0
9508,19725.0,22.74,60,E,home_improvement,55000.0,26.27,MORTGAGE,7 years,0
2028,16000.0,12.74,60,C,debt_consolidation,120000.0,16.16,MORTGAGE,9 years,0
346,5000.0,12.59,36,C,debt_consolidation,85000.0,37.75,MORTGAGE,10+ years,0
10601,5000.0,6.97,36,A,other,109000.0,7.68,MORTGAGE,1 year,0
6189,15000.0,10.99,36,B,debt_consolidation,35000.0,14.64,RENT,2 years,0
8441,7000.0,5.32,36,A,credit_card,31000.0,26.6,OWN,Unknown,0
8730,18000.0,5.79,36,A,debt_consolidation,75000.0,12.02,MORTGAGE,10+ years,0
6996,10000.0,9.99,36,B,debt_consolidation,42000.0,15.11,MORTGAGE,10+ years,0
146,12000.0,14.65,60,C,debt_consolidation,97000.0,8.67,MORTGAGE,1 year,0
10816,32800.0,14.65,36,C,debt_consolidation,130000.0,23.76,RENT,7 years,0
4556,8000.0,11.99,36,B,credit_card,13000.0,29.09,RENT,Unknown,0
7985,6000.0,7.49,36,A,credit_card,50000.0,13.75,MORTGAGE,8 years,0
9175,34475.0,20.5,60,E,debt_consolidation,75000.0,17.63,MORTGAGE,< 1 year,0
7582,3000.0,8.39,36,A,home_improvement,36587.0,18.73,OWN,9 years,0
2234,14700.0,12.74,36,C,debt_consolidation,32000.0,19.84,OWN,2 years,0
3039,35000.0,16.29,36,D,major_purchase,142000.0,11.05,MORTGAGE,< 1 year,1
1492,6000.0,16.02,36,C,debt_consolidation,32000.0,39.12,RENT,2 years,0
1399,6000.0,16.2,36,C,major_purchase,26000.0,11.31,OWN,5 years,1
2229,9100.0,14.3,36,C,credit_card,74000.0,30.31,MORTGAGE,10+ years,0
3607,11350.0,16.99,36,D,debt_consolidation,45000.0,30.5,OWN,< 1 year,1
5094,10225.0,11.47,36,B,home_improvement,124000.0,12.76,MORTGAGE,3 years,1
9019,12000.0,8.08,36,A,credit_card,86000.0,12.26,MORTGAGE,10+ years,0
2875,30000.0,14.27,60,C,credit_card,62000.0,21.25,RENT,10+ years,0
9609,31200.0,20.5,36,E,debt_consolidation,72500.0,41.37,RENT,10+ years,0
3877,14400.0,18.99,60,D,home_improvement,83800.0,9.21,MORTGAGE,10+ years,1
4125,10200.0,18.24,60,D,credit_card,42000.0,26.46,RENT,< 1 year,1
6535,13000.0,10.91,36,B,credit_card,80000.0,15.71,RENT,4 years,0
7296,18000.0,7.62,36,A,debt_consolidation,80000.0,19.97,MORTGAGE,3 years,0
661,5000.0,11.99,36,C,home_improvement,56000.0,7.87,MORTGAGE,10+ years,0
5100,5875.0,10.99,36,B,debt_consolidation,36000.0,25.6,MORTGAGE,10+ years,1
10464,10000.0,9.16,36,B,credit_card,30000.0,13.32,RENT,7 years,0
10003,15000.0,13.67,36,B,credit_card,44000.0,21.01,OWN,2 years,1
2077,35000.0,13.99,36,C,debt_consolidation,115000.0,12.01,MORTGAGE,8 years,0
3456,10800.0,17.86,60,D,debt_consolidation,55000.0,21.67,RENT,8 years,1
3003,16000.0,16.55,60,D,major_purchase,57000.0,20.95,OWN,8 years,0
8669,8000.0,5.32,36,A,other,40000.0,16.09,OWN,< 1 year,0
286,10200.0,13.49,36,C,debt_consolidation,60000.0,19.78,MORTGAGE,2 years,0
5920,8450.0,11.39,36,B,debt_consolidation,38000.0,33.1,MORTGAGE,10+ years,0
8136,14400.0,6.49,36,A,credit_card,40000.0,6.33,RENT,2 years,0
6655,22000.0,10.64,36,B,debt_consolidation,90000.0,28.21,MORTGAGE,10+ years,0
10225,20000.0,11.49,36,B,debt_consolidation,80000.0,19.17,MORTGAGE,6 years,0
1462,6000.0,13.99,36,C,debt_consolidation,26000.0,18.93,RENT,1 year,1
107,6000.0,13.67,36,C,other,150000.0,5.5,MORTGAGE,10+ years,0
2344,10000.0,14.16,36,C,debt_consolidation,50000.0,9.58,OWN,10+ years,0
6049,23000.0,9.17,36,B,credit_card,89000.0,13.36,MORTGAGE,9 years,0
9561,20000.0,24.85,60,E,debt_consolidation,60000.0,35.83,RENT,2 years,1
8716,25000.0,5.32,36,A,debt_consolidation,109000.0,21.16,MORTGAGE,10+ years,0
2641,22000.0,13.33,60,C,debt_consolidation,83000.0,18.35,OWN,5 years,0
4311,40000.0,11.98,60,B,major_purchase,105462.0,19.29,RENT,3 years,1
1025,14000.0,16.02,36,C,home_improvement,100000.0,0.3,MORTGAGE,10+ years,0
2100,15000.0,12.62,36,C,credit_card,60000.0,5.45,OWN,4 years,0
167,16000.0,14.47,60,C,credit_card,100000.0,12.88,MORTGAGE,10+ years,0
2383,10000.0,13.33,36,C,debt_consolidation,36000.0,31.82,MORTGAGE,6 years,0
10242,15000.0,9.17,36,B,debt_consolidation,66000.0,24.45,MORTGAGE,10+ years,0
1527,7500.0,12.69,36,C,debt_consolidation,74000.0,25.84,OWN,10+ years,0
5470,12000.0,11.49,36,B,other,54312.0,25.21,RENT,3 years,1
11075,20000.0,12.29,36,C,debt_consolidation,115000.0,16.53,OWN,4 years,0
2708,6025.0,13.18,36,C,debt_consolidation,88000.0,24.45,RENT,3 years,0
7004,10000.0,9.75,36,B,moving,132000.0,10.74,RENT,6 years,0
2334,3000.0,13.49,36,C,credit_card,63000.0,16.46,RENT,10+ years,0
6354,10000.0,11.14,36,B,credit_card,59999.0,8.46,OWN,10+ years,1
4356,18400.0,8.67,36,B,debt_consolidation,90000.0,14.99,MORTGAGE,10+ years,0
613,28000.0,13.98,60,C,debt_consolidation,240000.0,6.61,MORTGAGE,10+ years,0
1480,10000.0,14.33,36,C,debt_consolidation,70000.0,14.67,MORTGAGE,3 years,0
10896,12000.0,9.17,36,B,debt_consolidation,39000.0,16.83,MORTGAGE,1 year,0
8614,25000.0,7.91,36,A,credit_card,58000.0,28.05,MORTGAGE,9 years,0
4231,18000.0,19.99,60,D,debt_consolidation,50000.0,24.51,MORTGAGE,10+ years,0
9546,24000.0,18.2,60,E,debt_consolidation,110000.0,19.61,OWN,2 years,1
8231,31000.0,8.9,36,A,credit_card,140000.0,14.02,MORTGAGE,10+ years,0
5841,10000.0,12.99,36,B,debt_consolidation,41000.0,24.94,RENT,1 year,0
7842,20800.0,7.07,36,A,debt_consolidation,69200.0,16.44,MORTGAGE,7 years,0
5057,6500.0,12.49,36,B,major_purchase,48000.0,10.38,MORTGAGE,2 years,0
3861,1500.0,16.55,36,D,debt_consolidation,20000.0,9.3,RENT,6 years,0
4006,27300.0,16.99,60,D,debt_consolidation,80000.0,15.24,MORTGAGE,10+ years,1
8366,8000.0,7.89,36,A,credit_card,40000.0,8.64,RENT,10+ years,0
8101,12000.0,5.32,36,A,debt_consolidation,59000.0,12.08,MORTGAGE,4 years,0
4408,5000.0,11.53,36,B,credit_card,60000.0,19.82,RENT,9 years,0
9716,10500.0,18.55,36,E,debt_consolidation,44782.0,26.29,OWN,10+ years,0
1290,20000.0,13.67,36,C,debt_consolidation,155000.0,27.54,RENT,3 years,0
654,10000.0,13.99,36,C,home_improvement,70000.0,9.3,MORTGAGE,3 years,1
5288,15000.0,10.99,36,B,credit_card,52000.0,20.08,MORTGAGE,10+ years,0
7010,12000.0,10.99,36,B,debt_consolidation,94000.0,11.37,MORTGAGE,10+ years,0
65,15000.0,15.59,36,C,credit_card,52000.0,32.36,MORTGAGE,8 years,0
8333,24000.0,7.49,36,A,debt_consolidation,170000.0,9.59,RENT,6 years,0
5603,25000.0,12.12,60,B,credit_card,90000.0,23.89,MORTGAGE,10+ years,0
136,1300.0,13.99,36,C,other,29868.0,11.93,MORTGAGE,Unknown,0
944,24000.0,16.02,36,C,debt_consolidation,81000.0,24.92,RENT,7 years,1
7475,24000.0,6.03,36,A,debt_consolidation,96000.0,16.45,MORTGAGE,6 years,0
2867,10000.0,15.05,60,C,debt_consolidation,30000.0,31.96,MORTGAGE,Unknown,1
3078,17600.0,16.99,60,D,debt_consolidation,57600.0,36.69,MORTGAGE,10+ years,1
9342,27275.0,19.19,60,E,debt_consolidation,62000.0,27.52,OWN,10+ years,0
5149,13000.0,8.18,36,B,other,43000.0,28.27,MORTGAGE,3 years,0
134,35000.0,14.46,36,C,debt_consolidation,157500.0,8.2,RENT,7 years,0
10240,20000.0,7.62,36,A,home_improvement,128000.0,4.95,MORTGAGE,10+ years,0
10536,4200.0,9.93,36,B,debt_consolidation,96000.0,8.38,RENT,8 years,0
8254,1000.0,6.03,36,A,debt_consolidation,39000.0,11.6,RENT,10+ years,0
10793,9300.0,10.49,36,B,credit_card,95000.0,14.35,RENT,10+ years,0
7659,10000.0,7.89,36,A,credit_card,73000.0,12.75,RENT,10+ years,0
3353,28000.0,16.99,60,D,debt_consolidation,70000.0,15.43,MORTGAGE,1 year,1
831,20000.0,16.24,60,C,major_purchase,64434.0,23.52,OWN,10+ years,1
3153,10000.0,15.61,36,D,car,85000.0,9.39,RENT,2 years,0
10897,15000.0,16.78,60,C,credit_card,75000.0,11.46,MORTGAGE,9 years,1
9542,6900.0,20.99,36,E,credit_card,62000.0,6.68,RENT,3 years,1
5528,8150.0,11.99,36,B,credit_card,40000.0,9.27,MORTGAGE,3 years,0
2679,3000.0,11.99,36,C,debt_consolidation,54080.0,10.14,MORTGAGE,< 1 year,0
6685,13000.0,11.14,36,B,debt_consolidation,42000.0,6.89,RENT,10+ years,0
5066,12000.0,11.67,36,B,debt_consolidation,52000.0,31.69,MORTGAGE,10+ years,1
9354,17475.0,22.47,60,E,debt_consolidation,100000.0,15.97,RENT,Unknown,1
4502,3850.0,12.99,36,B,debt_consolidation,19000.0,21.48,RENT,< 1 year,0
4298,12750.0,19.53,36,D,credit_card,29000.0,28.19,OWN,2 years,1
7321,7200.0,7.89,36,A,debt_consolidation,111000.0,22.58,MORTGAGE,2 years,0
8392,10000.0,7.07,36,A,credit_card,66720.0,27.43,MORTGAGE,2 years,0
7333,4900.0,7.49,36,A,other,38000.0,11.05,MORTGAGE,5 years,0
2299,7200.0,14.99,36,C,debt_consolidation,22000.0,9.49,RENT,1 year,0
4294,14000.0,18.06,36,D,debt_consolidation,30000.0,15.76,RENT,4 years,0
2925,4000.0,18.06,36,D,debt_consolidation,42000.0,21.93,RENT,4 years,0
6594,7000.0,8.18,36,B,credit_card,83000.0,27.98,RENT,1 year,0
7098,11500.0,12.12,36,B,debt_consolidation,50000.0,20.81,RENT,4 years,0
5950,24000.0,9.17,36,B,debt_consolidation,120000.0,10.59,MORTGAGE,10+ years,0
6250,3000.0,9.49,36,B,debt_consolidation,36000.0,6.6,MORTGAGE,2 years,0
1792,5000.0,14.47,36,C,vacation,47000.0,22.39,RENT,10+ years,0
4935,18000.0,9.49,36,B,credit_card,63200.0,20.36,RENT,5 years,0
2031,2400.0,14.49,36,C,moving,65000.0,10.14,RENT,3 years,1
10271,14000.0,16.29,60,D,debt_consolidation,97000.0,30.27,MORTGAGE,10+ years,1
6505,18000.0,10.99,36,B,credit_card,75000.0,6.12,RENT,3 years,0
9497,6000.0,23.99,36,E,debt_consolidation,34000.0,18.5,RENT,10+ years,0
2701,20000.0,13.98,60,C,debt_consolidation,66000.0,13.93,OWN,3 years,0
3714,5125.0,15.61,36,D,debt_consolidation,25825.0,12.08,MORTGAGE,10+ years,1
6167,29750.0,9.17,36,B,debt_consolidation,62000.0,25.28,MORTGAGE,9 years,0
2720,14000.0,13.66,36,C,debt_consolidation,110000.0,22.88,RENT,10+ years,0
7027,8400.0,11.47,36,B,debt_consolidation,52000.0,33.88,MORTGAGE,1 year,0
2645,33000.0,17.27,60,C,debt_consolidation,90000.0,15.8,RENT,1 year,1
5283,10000.0,8.24,36,B,debt_consolidation,155000.0,17.47,OWN,10+ years,0
9707,15000.0,22.35,36,E,debt_consolidation,53172.0,21.39,MORTGAGE,Unknown,0
422,7000.0,12.99,36,C,debt_consolidation,75000.0,19.39,RENT,10+ years,0
3829,15000.0,19.99,60,D,debt_consolidation,55000.0,15.47,MORTGAGE,2 years,0
923,15800.0,14.99,36,C,debt_consolidation,45000.0,20.77,MORTGAGE,1 year,0
10564,20000.0,22.45,60,E,home_improvement,75000.0,5.97,MORTGAGE,10+ years,1
7187,4800.0,10.64,36,B,other,104000.0,6.36,RENT,3 years,0
1309,20000.0,12.99,36,C,debt_consolidation,84000.0,3.44,OWN,1 year,0
1014,4700.0,15.31,36,C,debt_consolidation,35000.0,7.78,MORTGAGE,10+ years,0
4551,15000.0,11.47,36,B,credit_card,65000.0,20.33,RENT,10+ years,0
10419,7000.0,11.67,36,B,debt_consolidation,79000.0,26.05,OWN,10+ years,0
10173,17050.0,23.43,60,F,debt_consolidation,142000.0,11.1,MORTGAGE,9 years,0
7595,12000.0,5.32,36,A,debt_consolidation,98132.0,15.45,MORTGAGE,1 year,1
7836,16000.0,7.9,36,A,major_purchase,36753.0,0.46,RENT,1 year,0
9756,9000.0,19.99,36,E,home_improvement,47312.0,44.57,MORTGAGE,Unknown,0
978,9600.0,14.31,36,C,debt_consolidation,75000.0,21.68,RENT,5 years,1
1689,14000.0,13.33,36,C,debt_consolidation,57000.0,35.54,OWN,10+ years,0
553,11300.0,12.99,36,C,debt_consolidation,36510.0,18.28,RENT,< 1 year,1
4117,30000.0,21.49,36,D,debt_consolidation,78900.0,24.35,MORTGAGE,Unknown,0
506,15000.0,12.73,36,C,debt_consolidation,38004.0,16.42,RENT,5 years,0
9859,3100.0,23.63,36,F,medical,12000.0,7.32,RENT,Unknown,0
10893,40000.0,9.93,36,B,debt_consolidation,75000.0,13.33,MORTGAGE,< 1 year,0
1004,12200.0,12.79,36,C,home_improvement,72200.0,28.87,MORTGAGE,10+ years,0
6465,15000.0,9.75,36,B,credit_card,51000.0,15.13,MORTGAGE,8 years,0
5315,3000.0,10.49,36,B,vacation,35000.0,27.53,RENT,10+ years,0
6257,16000.0,13.11,36,B,debt_consolidation,70000.0,8.91,MORTGAGE,8 years,0
2315,12025.0,13.67,36,C,debt_consolidation,90000.0,6.75,MORTGAGE,10+ years,0
10649,35000.0,15.8,36,C,debt_consolidation,108000.0,26.32,MORTGAGE,2 years,0
10420,5000.0,11.53,36,B,other,114000.0,16.59,RENT,3 years,0
8677,1000.0,7.99,36,A,other,150000.0,16.31,MORTGAGE,10+ years,0
7629,27000.0,6.89,36,A,debt_consolidation,151000.0,15.44,MORTGAGE,5 years,0
6716,30000.0,9.16,36,B,other,75000.0,23.03,RENT,3 years,0
9501,5500.0,18.54,36,E,debt_consolidation,27000.0,30.93,RENT,Unknown,1
449,32125.0,13.99,36,C,debt_consolidation,105000.0,24.75,MORTGAGE,7 years,0
5764,9600.0,9.17,36,B,debt_consolidation,50000.0,14.19,MORTGAGE,2 years,0
3711,26075.0,18.99,60,D,credit_card,140000.0,29.03,MORTGAGE,2 years,0
9881,35000.0,27.49,60,F,debt_consolidation,110000.0,29.47,MORTGAGE,2 years,1
2853,19000.0,12.99,36,C,credit_card,163000.0,30.02,RENT,< 1 year,0
6533,35000.0,8.18,36,B,credit_card,200000.0,7.1,RENT,2 years,0
9533,12000.0,23.4,60,E,other,77674.0,12.37,RENT,10+ years,0
4579,10000.0,9.75,36,B,debt_consolidation,65000.0,16.06,RENT,< 1 year,0
3914,35000.0,17.27,36,D,debt_consolidation,300000.0,5.25,RENT,3 years,0
5154,12000.0,9.49,36,B,credit_card,90000.0,2.67,OWN,Unknown,0
8121,13000.0,7.89,36,A,credit_card,35000.0,26.54,MORTGAGE,2 years,0
1042,12750.0,15.31,36,C,debt_consolidation,32000.0,29.33,RENT,6 years,1
9937,10000.0,24.99,60,F,small_business,95000.0,13.4,OWN,9 years,0
2371,13300.0,15.61,36,C,debt_consolidation,85000.0,21.64,MORTGAGE,2 years,0
7827,20000.0,6.89,36,A,debt_consolidation,88000.0,12.46,MORTGAGE,10+ years,0
9749,28200.0,22.4,60,E,debt_consolidation,63000.0,24.69,RENT,10+ years,1
9393,15000.0,18.99,60,E,home_improvement,78490.0,23.38,MORTGAGE,9 years,0
2190,11000.0,13.99,60,C,debt_consolidation,27500.0,26.73,RENT,1 year,0
3967,3000.0,21.49,36,D,debt_consolidation,24000.0,18.35,OWN,4 years,0
5374,2800.0,11.47,36,B,other,41000.0,17.51,RENT,10+ years,0
10134,12950.0,18.54,60,E,credit_card,65000.0,27.44,MORTGAGE,< 1 year,0
10970,9000.0,7.26,36,A,credit_card,65000.0,14.33,RENT,Unknown,0
4517,5000.0,8.39,36,B,debt_consolidation,62184.0,21.69,MORTGAGE,3 years,0
3638,18250.0,17.76,36,D,debt_consolidation,42000.0,16.89,MORTGAGE,7 years,0
1612,8000.0,15.31,36,C,debt_consolidation,30100.0,23.84,RENT,< 1 year,1
7867,16000.0,8.9,36,A,credit_card,100000.0,13.86,MORTGAGE,10+ years,0
2804,10000.0,14.49,36,C,debt_consolidation,45000.0,22.27,RENT,9 years,0
8436,20000.0,7.07,36,A,debt_consolidation,125000.0,16.07,RENT,10+ years,0
1175,6500.0,13.99,36,C,debt_consolidation,60000.0,20.1,RENT,10+ years,0
2906,34000.0,15.61,36,D,debt_consolidation,95000.0,23.37,RENT,1 year,0
1268,19025.0,14.08,60,C,credit_card,78178.0,31.64,RENT,3 years,0
1854,15000.0,16.02,60,C,other,85000.0,14.12,MORTGAGE,10+ years,0
8770,1000.0,8.59,36,A,vacation,41000.0,7.76,MORTGAGE,10+ years,0
10210,15000.0,10.99,36,B,credit_card,50000.0,13.92,MORTGAGE,8 years,1
2241,29975.0,13.18,36,C,debt_consolidation,78000.0,27.4,MORTGAGE,10+ years,1
5144,7000.0,9.17,36,B,credit_card,32000.0,18.12,OWN,Unknown,0
8840,28000.0,7.89,36,A,debt_consolidation,126000.0,23.28,MORTGAGE,10+ years,0
5783,17000.0,10.99,36,B,debt_consolidation,39000.0,16.54,MORTGAGE,Unknown,0
649,4000.0,12.99,36,C,car,200000.0,14.39,OWN,10+ years,0
475,6400.0,14.33,36,C,debt_consolidation,189000.0,17.7,MORTGAGE,10+ years,0
2093,8000.0,12.69,36,C,debt_consolidation,90000.0,3.8,RENT,10+ years,0
10227,14000.0,15.99,36,C,debt_consolidation,425000.0,4.13,MORTGAGE,7 years,0
5913,5500.0,11.53,36,B,debt_consolidation,57500.0,30.68,RENT,2 years,0
6219,4000.0,9.16,36,B,debt_consolidation,60000.0,8.38,MORTGAGE,8 years,0
3904,20000.0,16.99,60,D,credit_card,94000.0,4.72,MORTGAGE,3 years,0
9037,13200.0,6.49,36,A,debt_consolidation,85000.0,17.49,MORTGAGE,7 years,0
3021,3600.0,19.03,36,D,debt_consolidation,24000.0,5.95,RENT,1 year,0
277,8000.0,17.27,36,C,credit_card,34000.0,11.51,RENT,4 years,0
5894,8650.0,11.47,36,B,debt_consolidation,53000.0,5.77,OWN,8 years,0
4479,10000.0,9.17,36,B,credit_card,35000.0,4.56,RENT,9 years,0
2273,10400.0,14.16,60,C,debt_consolidation,35500.0,19.88,MORTGAGE,1 year,0
1904,8000.0,12.62,36,C,other,75996.0,7.93,MORTGAGE,6 years,1
5668,3200.0,8.18,36,B,car,30000.0,7.84,RENT,Unknown,0
5001,12000.0,11.49,36,B,credit_card,55000.0,24.15,MORTGAGE,8 years,0
4297,23225.0,15.61,60,D,debt_consolidation,60123.0,26.24,MORTGAGE,10+ years,0
4379,10000.0,13.11,36,B,credit_card,90000.0,4.88,MORTGAGE,6 years,0
9776,35000.0,27.49,60,F,debt_consolidation,92500.0,28.23,MORTGAGE,10+ years,1
1324,18700.0,15.88,60,C,debt_consolidation,98000.0,24.18,MORTGAGE,5 years,0
6709,35000.0,11.67,60,B,credit_card,135000.0,6.65,MORTGAGE,4 years,0
9448,10000.0,21.15,60,E,debt_consolidation,92000.0,8.61,MORTGAGE,3 years,0
3825,32000.0,21.49,60,D,debt_consolidation,149044.0,15.14,MORTGAGE,10+ years,0
6846,12175.0,10.64,36,B,debt_consolidation,35500.0,23.0,RENT,< 1 year,1
11107,16000.0,5.32,36,A,credit_card,93000.0,13.28,OWN,10+ years,0
2176,12000.0,14.99,60,C,home_improvement,55000.0,29.28,MORTGAGE,10+ years,1
8448,10000.0,5.32,36,A,debt_consolidation,95000.0,10.33,MORTGAGE,5 years,0
9030,18000.0,5.32,36,A,credit_card,100000.0,27.91,MORTGAGE,10+ years,0
3440,11000.0,17.47,60,D,debt_consolidation,45000.0,29.97,RENT,Unknown,1
7737,11000.0,7.91,36,A,debt_consolidation,100000.0,6.8,RENT,1 year,0
3780,16875.0,16.99,60,D,credit_card,72000.0,33.9,MORTGAGE,5 years,0
5662,11200.0,11.49,36,B,debt_consolidation,80000.0,5.21,RENT,8 years,0
8943,5000.0,8.39,36,A,debt_consolidation,75000.0,11.57,OWN,2 years,0
3572,12000.0,16.55,60,D,debt_consolidation,54247.56,36.28,MORTGAGE,Unknown,0
7109,7000.0,10.42,36,B,credit_card,36000.0,33.43,MORTGAGE,8 years,0
832,20000.0,13.98,60,C,debt_consolidation,62000.0,21.14,MORTGAGE,10+ years,0
55,25000.0,15.31,36,C,debt_consolidation,65000.0,17.56,MORTGAGE,9 years,0
4626,6000.0,11.49,36,B,debt_consolidation,55000.0,33.45,MORTGAGE,Unknown,1
9323,28775.0,20.5,60,E,home_improvement,60000.0,13.72,MORTGAGE,10+ years,0
959,9000.0,13.99,36,C,debt_consolidation,52000.0,19.48,MORTGAGE,2 years,0
2597,5100.0,15.1,36,C,major_purchase,75000.0,3.73,MORTGAGE,< 1 year,0
8712,18900.0,7.69,36,A,credit_card,42000.0,19.29,MORTGAGE,Unknown,0
1701,10000.0,14.08,36,C,credit_card,42000.0,13.46,MORTGAGE,< 1 year,0
9302,14000.0,18.25,60,E,debt_consolidation,28000.0,31.46,OWN,2 years,0
3721,28000.0,17.86,60,D,debt_consolidation,101000.0,25.99,MORTGAGE,10+ years,0
2171,7200.0,13.99,36,C,home_improvement,93000.0,19.56,MORTGAGE,4 years,1
4215,28000.0,19.99,60,D,home_improvement,80000.0,25.68,MORTGAGE,10+ years,0
4754,20000.0,11.14,36,B,credit_card,72500.0,26.3,MORTGAGE,6 years,0
2638,24000.0,12.69,36,C,debt_consolidation,66000.0,22.67,OWN,5 years,1
6440,4800.0,11.99,36,B,debt_consolidation,85000.0,3.88,RENT,8 years,0
2840,16950.0,15.8,60,C,debt_consolidation,48000.0,19.11,OWN,5 years,0
5935,5000.0,9.99,36,B,home_improvement,65000.0,16.62,MORTGAGE,9 years,1
9667,12000.0,21.98,60,E,debt_consolidation,42000.0,24.69,RENT,6 years,1
511,5250.0,16.29,60,C,debt_consolidation,24000.0,33.6,RENT,1 year,1
10237,11000.0,14.99,36,C,debt_consolidation,52000.0,16.27,RENT,1 year,1
6543,10000.0,10.16,36,B,credit_card,36000.0,22.17,MORTGAGE,10+ years,0
9891,17925.0,26.57,60,F,home_improvement,45000.0,3.89,RENT,10+ years,1
6849,24000.0,10.99,60,B,debt_consolidation,90000.0,10.64,RENT,4 years,0
4423,13000.0,13.53,36,B,debt_consolidation,82000.0,18.21,MORTGAGE,2 years,0
7093,10000.0,11.44,36,B,debt_consolidation,60000.0,13.72,MORTGAGE,1 year,0
5281,32000.0,9.17,36,B,credit_card,78000.0,24.49,RENT,< 1 year,0
10462,5600.0,18.49,36,D,debt_consolidation,44500.0,20.22,RENT,1 year,0
6196,5000.0,11.99,36,B,debt_consolidation,120000.0,11.75,MORTGAGE,10+ years,0
3907,9600.0,16.49,36,D,other,32000.0,27.49,RENT,8 years,0
2051,15000.0,12.29,60,C,debt_consolidation,40000.0,0.0,MORTGAGE,< 1 year,0
4581,12800.0,11.49,60,B,major_purchase,62000.0,14.54,MORTGAGE,3 years,1
3048,12000.0,15.61,60,D,other,35000.0,23.11,RENT,1 year,1
9871,8125.0,24.08,60,F,medical,48000.0,17.34,MORTGAGE,5 years,1
8853,32000.0,6.39,36,A,debt_consolidation,90000.0,21.32,MORTGAGE,10+ years,0
4934,8325.0,10.16,36,B,debt_consolidation,43000.0,8.96,RENT,3 years,1
9499,35000.0,20.75,60,E,debt_consolidation,105000.0,12.95,MORTGAGE,< 1 year,0
9618,12000.0,22.2,60,E,moving,40000.0,9.78,RENT,3 years,1
2502,6150.0,12.99,36,C,credit_card,70000.0,39.16,MORTGAGE,10+ years,0
9830,9000.0,23.13,36,F,debt_consolidation,58000.0,7.14,OWN,10+ years,0
3584,6500.0,18.25,36,D,debt_consolidation,26000.0,8.49,OWN,5 years,1
3161,10800.0,17.86,36,D,debt_consolidation,30000.0,25.64,OWN,10+ years,1
9906,24000.0,28.69,60,F,debt_consolidation,100000.0,21.06,RENT,10+ years,1
4622,15200.0,11.14,36,B,debt_consolidation,57400.0,16.75,MORTGAGE,< 1 year,0
10241,3000.0,8.9,36,A,credit_card,60400.0,8.12,RENT,10+ years,0
3369,13500.0,19.99,36,D,debt_consolidation,45000.0,22.23,MORTGAGE,9 years,0
3090,19800.0,16.29,60,D,debt_consolidation,76000.0,14.86,RENT,10+ years,0
10588,30000.0,8.9,36,A,credit_card,92000.0,22.63,MORTGAGE,2 years,0
8165,9200.0,7.89,36,A,debt_consolidation,54956.0,23.43,MORTGAGE,3 years,0
1714,5000.0,12.62,36,C,other,45000.0,3.6,RENT,3 years,0
4439,20000.0,11.99,36,B,home_improvement,160000.0,11.99,MORTGAGE,10+ years,0
5943,35000.0,9.75,36,B,credit_card,200000.0,16.42,OWN,10+ years,0
5518,3400.0,10.99,36,B,debt_consolidation,14760.0,9.76,RENT,Unknown,0
5490,8000.0,10.99,36,B,car,48000.0,5.63,RENT,< 1 year,0
9766,18250.0,24.99,60,F,debt_consolidation,68000.0,31.03,RENT,3 years,1
2108,9325.0,16.02,36,C,debt_consolidation,60000.0,25.04,RENT,3 years,1
7742,2000.0,6.99,36,A,other,45000.0,16.43,OWN,3 years,0
10364,6000.0,15.96,36,C,wedding,60000.0,21.16,RENT,< 1 year,0
6598,7675.0,11.14,36,B,debt_consolidation,75000.0,23.34,RENT,5 years,0
9130,17000.0,7.91,60,A,credit_card,150000.0,9.04,MORTGAGE,10+ years,0
7837,25000.0,7.26,36,A,debt_consolidation,87500.0,29.53,MORTGAGE,Unknown,0
11040,2000.0,14.65,36,C,other,35000.0,14.37,OWN,2 years,0
8910,10000.0,5.32,36,A,home_improvement,135000.0,13.16,MORTGAGE,10+ years,0
1344,3125.0,14.99,36,C,home_improvement,40000.0,17.7,MORTGAGE,10+ years,0
9290,11000.0,19.99,60,E,vacation,47000.0,23.29,RENT,2 years,1
10152,8600.0,8.18,36,B,debt_consolidation,25524.0,17.84,MORTGAGE,Unknown,0
8183,7000.0,6.03,36,A,debt_consolidation,78300.0,1.73,RENT,2 years,0
2788,13000.0,14.98,60,C,debt_consolidation,125000.0,21.8,MORTGAGE,8 years,1
1946,25000.0,12.74,36,C,debt_consolidation,65580.0,15.37,MORTGAGE,Unknown,0
9651,19225.0,18.55,60,E,debt_consolidation,38459.2,8.9,RENT,8 years,0
8355,16800.0,7.35,36,A,debt_consolidation,250000.0,15.76,RENT,3 years,0
7683,6400.0,7.69,36,A,credit_card,45000.0,8.72,MORTGAGE,4 years,0
4367,15000.0,11.49,36,B,credit_card,96000.0,29.5,OWN,4 years,0
7385,20000.0,6.24,36,A,credit_card,110000.0,13.02,RENT,< 1 year,0
3235,10875.0,18.99,36,D,debt_consolidation,40000.0,21.9,MORTGAGE,4 years,0
8794,16000.0,7.12,36,A,debt_consolidation,90000.0,7.8,MORTGAGE,8 years,0
7981,6000.0,7.9,36,A,credit_card,29973.0,20.74,MORTGAGE,5 years,0
7226,29500.0,10.49,36,B,debt_consolidation,84000.0,15.19,MORTGAGE,3 years,0
9115,10000.0,6.99,36,A,debt_consolidation,75000.0,15.12,OWN,Unknown,0
5860,12000.0,13.11,36,B,debt_consolidation,75000.0,19.28,MORTGAGE,4 years,0
1020,16000.0,14.33,60,C,credit_card,64100.0,23.29,MORTGAGE,4 years,0
1118,7200.0,15.49,36,C,other,1008000.0,1.18,RENT,1 year,0
5395,8000.0,11.14,36,B,major_purchase,75000.0,16.85,MORTGAGE,Unknown,0
4924,14000.0,10.99,36,B,credit_card,84000.0,21.43,OWN,9 years,0
210,6675.0,15.05,36,C,debt_consolidation,52000.0,5.01,RENT,< 1 year,0
6590,12000.0,10.99,36,B,debt_consolidation,31000.0,13.12,MORTGAGE,5 years,0
3390,25000.0,15.33,36,D,debt_consolidation,94500.0,18.5,MORTGAGE,2 years,1
7886,16000.0,6.99,36,A,debt_consolidation,116000.0,14.68,MORTGAGE,3 years,0
10804,13000.0,5.32,36,A,credit_card,115000.0,2.58,RENT,4 years,0
1892,19200.0,17.27,60,C,debt_consolidation,67000.0,11.02,MORTGAGE,5 years,0
5423,12000.0,11.47,36,B,debt_consolidation,60000.0,20.87,RENT,10+ years,0
9373,25000.0,20.8,60,E,debt_consolidation,79000.0,14.88,RENT,10+ years,0
6293,24000.0,11.83,36,B,house,75000.0,3.33,MORTGAGE,< 1 year,0
2961,15000.0,21.49,60,D,debt_consolidation,53000.0,22.12,MORTGAGE,9 years,0
4951,5000.0,8.18,36,B,debt_consolidation,60000.0,16.4,RENT,1 year,0
3670,15000.0,19.2,60,D,debt_consolidation,53000.0,12.16,RENT,10+ years,0
7422,6000.0,5.32,36,A,other,61000.0,4.23,RENT,4 years,0
4659,14675.0,12.49,36,B,credit_card,35000.0,17.39,RENT,10+ years,1
9328,20000.0,20.99,60,E,debt_consolidation,106000.0,22.03,OWN,10+ years,0
6858,20000.0,12.69,60,B,debt_consolidation,68000.0,7.8,MORTGAGE,10+ years,1
9064,20000.0,6.71,36,A,vacation,83080.0,0.0,RENT,10+ years,1
2721,24000.0,16.78,60,C,credit_card,75000.0,11.6,MORTGAGE,10+ years,0
3469,8250.0,16.29,36,D,medical,43000.0,4.07,OWN,5 years,1
10878,9250.0,17.86,36,D,home_improvement,29000.0,20.45,OWN,7 years,1
7028,8400.0,11.49,36,B,credit_card,50000.0,9.82,MORTGAGE,3 years,0
6417,15000.0,12.42,36,B,debt_consolidation,90000.0,9.69,MORTGAGE,2 years,0
11092,25000.0,12.35,60,B,credit_card,65000.0,18.84,MORTGAGE,10+ years,0
1176,3500.0,15.31,36,C,home_improvement,27000.0,3.87,MORTGAGE,4 years,0
8707,5000.0,5.32,36,A,debt_consolidation,49000.0,19.91,MORTGAGE,5 years,0
9021,19500.0,5.32,36,A,debt_consolidation,150000.0,6.34,MORTGAGE,3 years,0
624,8000.0,12.29,36,C,debt_consolidation,31000.0,34.64,RENT,3 years,0
1584,7200.0,14.49,36,C,other,100800.0,13.6,MORTGAGE,10+ years,0
7096,20000.0,9.17,36,B,credit_card,180000.0,20.21,MORTGAGE,3 years,0
5217,4350.0,11.55,36,B,credit_card,14884.0,20.08,OWN,10+ years,0
6361,7000.0,10.15,36,B,debt_consolidation,35000.0,23.32,MORTGAGE,5 years,0
5970,24000.0,9.99,36,B,moving,150000.0,18.14,OWN,2 years,0
10786,5000.0,15.61,36,D,debt_consolidation,35000.0,17.52,RENT,< 1 year,1
2482,12000.0,14.99,60,C,debt_consolidation,40000.0,33.03,RENT,5 years,1
2698,30000.0,13.67,36,C,debt_consolidation,80000.0,25.41,RENT,< 1 year,0
2106,14400.0,13.99,36,C,home_improvement,102000.0,14.39,MORTGAGE,< 1 year,0
5510,33600.0,11.67,60,B,credit_card,140000.0,17.92,MORTGAGE,2 years,0
10100,1000.0,15.61,36,D,other,35000.0,22.81,OWN,9 years,0
10852,30000.0,16.91,60,C,debt_consolidation,71815.0,11.54,MORTGAGE,< 1 year,0
6973,35000.0,9.76,36,B,credit_card,140000.0,12.03,MORTGAGE,10+ years,0
8476,9600.0,6.62,36,A,debt_consolidation,62000.0,11.17,RENT,1 year,0
5745,12000.0,10.99,36,B,debt_consolidation,80000.0,29.64,RENT,10+ years,0
9504,12600.0,24.49,60,E,credit_card,67500.0,22.9,RENT,7 years,1
5023,10000.0,9.44,36,B,debt_consolidation,50000.0,36.92,OWN,< 1 year,0
8697,9000.0,5.32,36,A,home_improvement,72996.0,7.0,MORTGAGE,Unknown,0
7237,6500.0,9.17,36,B,credit_card,75000.0,6.77,MORTGAGE,2 years,0
6339,8400.0,8.38,36,B,debt_consolidation,85000.0,8.08,MORTGAGE,10+ years,0
9985,15100.0,28.99,60,G,debt_consolidation,42000.0,27.49,OWN,3 years,1
9600,16000.0,20.99,60,E,other,94500.0,18.43,RENT,10+ years,1
77,2000.0,12.29,36,C,debt_consolidation,38000.0,21.76,RENT,< 1 year,0
1047,7000.0,12.29,36,C,debt_consolidation,104000.0,31.22,RENT,9 years,1
9136,20000.0,8.9,36,A,debt_consolidation,50000.0,17.21,MORTGAGE,7 years,0
7800,5000.0,8.49,36,A,small_business,48000.0,15.85,RENT,2 years,1
4947,12000.0,9.99,36,B,debt_consolidation,60000.0,17.56,MORTGAGE,8 years,0
7531,6000.0,6.99,36,A,debt_consolidation,37920.0,3.26,RENT,4 years,0
5073,24000.0,10.78,60,B,debt_consolidation,70000.0,9.9,RENT,10+ years,0
403,19200.0,13.99,60,C,credit_card,58000.0,22.22,RENT,7 years,0
393,10000.0,12.69,36,C,home_improvement,60000.0,33.55,MORTGAGE,10+ years,1
8541,12000.0,7.69,36,A,home_improvement,220000.0,8.4,MORTGAGE,4 years,0
9734,1000.0,22.2,36,E,other,140000.0,17.68,MORTGAGE,2 years,0
10680,10000.0,8.9,36,A,debt_consolidation,55000.0,20.84,MORTGAGE,10+ years,0
6105,5000.0,11.99,36,B,credit_card,35000.0,22.36,OWN,7 years,0
9977,18000.0,24.7,60,G,other,45000.0,20.93,OWN,Unknown,0
4234,15000.0,15.99,60,D,credit_card,76000.0,9.7,MORTGAGE,< 1 year,0
9678,13075.0,19.89,60,E,debt_consolidation,42000.0,28.88,RENT,2 years,1
9763,30000.0,25.57,60,F,home_improvement,85000.0,1.54,RENT,9 years,0
4766,12000.0,9.17,36,B,debt_consolidation,45000.0,10.67,OWN,10+ years,0
4969,6000.0,8.18,36,B,credit_card,24500.0,29.59,OWN,Unknown,0
1192,5000.0,13.35,36,C,moving,52500.0,21.53,RENT,10+ years,1
188,2800.0,15.99,36,C,medical,60000.0,28.06,RENT,4 years,1
4121,14000.0,17.77,36,D,other,48000.0,7.73,RENT,5 years,0
1023,4000.0,15.22,36,C,home_improvement,40000.0,17.4,MORTGAGE,Unknown,0
11192,28000.0,7.89,60,A,credit_card,150000.0,7.38,OWN,2 years,0
2038,11000.0,14.08,60,C,debt_consolidation,55000.0,0.0,MORTGAGE,4 years,0
3350,6000.0,16.99,36,D,debt_consolidation,50000.0,17.08,RENT,3 years,0
5861,35000.0,11.99,36,B,credit_card,135000.0,17.42,OWN,10+ years,0
9026,7000.0,7.26,36,A,credit_card,230000.0,4.07,RENT,< 1 year,0
536,35000.0,13.49,36,C,home_improvement,381450.0,3.96,MORTGAGE,10+ years,0
1195,10000.0,16.29,36,C,debt_consolidation,70000.0,6.36,MORTGAGE,Unknown,1
9188,28500.0,20.49,60,E,credit_card,65000.0,23.42,OWN,6 years,1
8534,25000.0,6.03,36,A,credit_card,72000.0,22.73,RENT,4 years,0
8649,18400.0,6.49,36,A,credit_card,80000.0,13.19,OWN,3 years,0
3031,8875.0,20.2,36,D,other,38480.0,22.02,RENT,3 years,0
148,10075.0,14.65,36,C,credit_card,35000.0,8.81,RENT,3 years,0
6491,8000.0,8.49,36,B,credit_card,71767.0,11.97,MORTGAGE,10+ years,0
10267,12500.0,18.99,60,D,credit_card,40000.0,18.48,RENT,2 years,0
7369,11200.0,6.24,36,A,debt_consolidation,120000.0,17.32,MORTGAGE,10+ years,0
6419,7200.0,11.47,36,B,credit_card,45000.0,14.01,OWN,10+ years,0
2777,15000.0,14.49,60,C,credit_card,59000.0,34.11,MORTGAGE,7 years,0
7928,40000.0,7.35,36,A,debt_consolidation,150000.0,19.63,MORTGAGE,< 1 year,0
7359,20000.0,8.9,36,A,debt_consolidation,97000.0,6.8,MORTGAGE,7 years,0
10304,20000.0,17.77,60,D,debt_consolidation,54000.0,24.69,MORTGAGE,6 years,1
7248,8500.0,6.99,36,A,home_improvement,50000.0,31.42,MORTGAGE,9 years,0
2230,35000.0,11.99,36,C,debt_consolidation,225000.0,12.25,MORTGAGE,1 year,0
882,8925.0,14.65,36,C,other,25000.0,16.1,RENT,8 years,0
1547,6675.0,13.18,36,C,debt_consolidation,17409.0,28.9,RENT,Unknown,1
7404,7500.0,7.21,36,A,debt_consolidation,55000.0,19.59,MORTGAGE,Unknown,0
9725,4000.0,20.8,36,E,other,108000.0,13.48,MORTGAGE,2 years,0
8657,14500.0,6.99,36,A,credit_card,70000.0,22.13,MORTGAGE,1 year,0
476,1000.0,15.31,36,C,debt_consolidation,26000.0,29.45,MORTGAGE,6 years,0
139,24000.0,12.29,60,C,credit_card,160000.0,6.92,RENT,5 years,0
7101,15000.0,10.91,36,B,debt_consolidation,65000.0,17.21,RENT,2 years,0
2699,35000.0,12.99,60,C,debt_consolidation,110000.0,20.78,MORTGAGE,10+ years,0
7099,4000.0,9.43,36,B,debt_consolidation,70000.0,37.32,MORTGAGE,10+ years,0
5307,25000.0,10.78,36,B,other,75000.0,25.07,RENT,1 year,0
31,8000.0,15.31,36,C,credit_card,28700.0,13.34,RENT,5 years,0
426,20000.0,13.99,60,C,debt_consolidation,70000.0,19.45,RENT,4 years,0
5687,18450.0,10.99,36,B,credit_card,42000.0,14.89,MORTGAGE,3 years,1
8045,12000.0,5.32,36,A,home_improvement,220000.0,16.16,MORTGAGE,10+ years,0
8700,18000.0,5.32,36,A,debt_consolidation,98000.0,16.15,MORTGAGE,10+ years,0
2677,15000.0,12.39,36,C,debt_consolidation,60000.0,11.14,MORTGAGE,3 years,0
1971,3500.0,13.33,36,C,vacation,28800.0,30.29,RENT,10+ years,0
364,17625.0,17.1,60,C,debt_consolidation,48000.0,22.58,MORTGAGE,10+ years,1
421,15000.0,11.99,36,C,credit_card,75000.0,14.21,MORTGAGE,10+ years,0
3912,12000.0,15.77,36,D,credit_card,40000.0,41.19,RENT,6 years,0
8364,24575.0,7.99,36,A,credit_card,150000.0,21.61,MORTGAGE,10+ years,0
11129,12000.0,6.89,36,A,credit_card,49000.0,22.95,MORTGAGE,5 years,0
4003,18000.0,17.99,36,D,debt_consolidation,81000.0,21.22,OWN,< 1 year,1
4158,8000.0,16.99,36,D,debt_consolidation,70000.0,37.25,MORTGAGE,1 year,1
572,18725.0,12.99,60,C,debt_consolidation,72000.0,25.38,MORTGAGE,7 years,0
11146,10000.0,7.97,36,A,credit_card,90000.0,15.23,MORTGAGE,10+ years,0
6319,6100.0,10.91,36,B,debt_consolidation,15300.0,68.08,OWN,Unknown,0
5331,12000.0,8.18,36,B,major_purchase,72000.0,13.81,RENT,9 years,0
4263,2400.0,16.99,36,D,other,91000.0,28.16,MORTGAGE,2 years,0
3848,1825.0,16.99,36,D,debt_consolidation,36400.0,27.67,RENT,2 years,0
7724,9600.0,6.62,36,A,debt_consolidation,140000.0,3.05,RENT,1 year,0
1270,10000.0,12.79,36,C,debt_consolidation,110000.0,12.98,MORTGAGE,10+ years,1
9230,17000.0,21.49,60,E,debt_consolidation,87000.0,22.37,MORTGAGE,6 years,1
9163,14400.0,20.49,60,E,home_improvement,65000.0,15.05,MORTGAGE,5 years,1
6078,10000.0,10.15,36,B,debt_consolidation,120000.0,18.09,MORTGAGE,< 1 year,0
2728,2000.0,13.99,36,C,other,22000.0,24.0,RENT,1 year,0
1846,10000.0,15.1,36,C,debt_consolidation,35000.0,18.79,RENT,10+ years,0
150,4500.0,12.62,36,C,debt_consolidation,61587.0,19.45,RENT,6 years,0
98,20000.0,11.99,60,C,debt_consolidation,52830.0,15.95,MORTGAGE,10+ years,1
3761,35000.0,15.61,36,D,debt_consolidation,141878.0,19.88,MORTGAGE,5 years,0
3214,16000.0,17.57,60,D,debt_consolidation,55000.0,17.77,RENT,1 year,0
4387,21000.0,8.18,36,B,credit_card,50000.0,16.2,RENT,9 years,0
3700,4800.0,15.61,36,D,debt_consolidation,23063.0,6.14,RENT,9 years,1
3085,21600.0,18.99,60,D,credit_card,45000.0,13.78,OWN,2 years,0
4693,7500.0,11.22,36,B,debt_consolidation,45000.0,28.53,RENT,9 years,0
8443,25000.0,5.32,36,A,debt_consolidation,80000.0,22.47,MORTGAGE,10+ years,0
9753,6000.0,19.19,36,E,home_improvement,38000.0,34.82,MORTGAGE,10+ years,0
4506,8000.0,9.75,36,B,debt_consolidation,47500.0,30.22,RENT,10+ years,1
6282,9625.0,10.75,36,B,debt_consolidation,45000.0,24.72,RENT,2 years,1
947,16000.0,12.74,36,C,debt_consolidation,60000.0,17.8,OWN,10+ years,1
1900,9000.0,15.31,36,C,debt_consolidation,32000.0,18.14,OWN,10+ years,0
7589,20000.0,6.99,36,A,debt_consolidation,94000.0,11.36,MORTGAGE,10+ years,0
8616,6000.0,6.49,36,A,home_improvement,60000.0,1.1,MORTGAGE,7 years,0
8108,12000.0,7.26,36,A,debt_consolidation,200000.0,5.25,RENT,< 1 year,0
4358,15000.0,10.99,36,B,debt_consolidation,130000.0,7.43,RENT,9 years,1
3338,9000.0,17.86,36,D,debt_consolidation,60000.0,14.18,RENT,10+ years,0
2523,19775.0,12.59,36,C,debt_consolidation,65097.0,16.69,RENT,6 years,0
8675,5000.0,6.99,36,A,home_improvement,75000.0,21.67,MORTGAGE,Unknown,0
9199,28000.0,21.6,60,E,debt_consolidation,103000.0,15.34,OWN,8 years,0
1979,8000.0,12.79,36,C,medical,32000.0,28.13,MORTGAGE,9 years,0
8161,10800.0,6.24,36,A,debt_consolidation,55000.0,15.32,MORTGAGE,10+ years,0
10487,3000.0,15.99,36,C,other,25000.0,2.4,RENT,4 years,0
9757,10500.0,19.19,36,E,house,21000.0,12.46,RENT,10+ years,0
1725,4500.0,13.49,36,C,debt_consolidation,36000.0,18.53,RENT,6 years,0
9259,30000.0,19.52,36,E,debt_consolidation,60000.0,39.34,MORTGAGE,2 years,1
5245,6000.0,9.67,36,B,credit_card,70000.0,18.0,MORTGAGE,7 years,0
10198,12000.0,8.99,36,B,debt_consolidation,33000.0,18.34,OWN,10+ years,0
5988,10000.0,8.99,36,B,credit_card,70000.0,17.56,OWN,8 years,1
6228,30750.0,12.99,60,B,debt_consolidation,69000.0,27.25,MORTGAGE,10+ years,0
10284,6625.0,13.11,36,B,debt_consolidation,23500.0,20.02,RENT,2 years,0
6708,8000.0,9.49,36,B,credit_card,45000.0,26.4,RENT,< 1 year,0
3392,10500.0,15.33,60,D,debt_consolidation,45000.0,21.47,MORTGAGE,10+ years,0
3781,12000.0,17.09,36,D,debt_consolidation,42200.0,20.48,MORTGAGE,10+ years,0
7542,12800.0,8.9,36,A,debt_consolidation,97000.0,9.71,MORTGAGE,8 years,0
10607,15000.0,8.18,36,B,debt_consolidation,75000.0,6.66,RENT,< 1 year,0
5875,4800.0,13.53,36,B,debt_consolidation,31000.0,13.82,RENT,Unknown,0
5735,8500.0,10.99,36,B,debt_consolidation,62450.0,17.39,MORTGAGE,10+ years,1
9966,35000.0,26.06,60,G,debt_consolidation,80000.0,20.06,RENT,< 1 year,0
9911,30000.0,25.44,60,F,home_improvement,325000.0,10.49,MORTGAGE,4 years,1
10695,10200.0,18.55,60,E,debt_consolidation,115000.0,23.21,MORTGAGE,10+ years,1
9496,5375.0,19.24,36,E,debt_consolidation,52000.0,10.89,RENT,2 years,0
4166,20000.0,15.61,36,D,debt_consolidation,65000.0,17.4,RENT,10+ years,1
6191,22000.0,9.99,36,B,credit_card,108000.0,22.87,MORTGAGE,10+ years,0
6056,5000.0,10.47,36,B,vacation,25000.0,14.11,RENT,Unknown,0
5352,20000.0,11.49,60,B,debt_consolidation,200000.0,4.82,RENT,10+ years,0
3954,16275.0,16.29,60,D,debt_consolidation,37000.0,8.37,MORTGAGE,10+ years,1
8711,16000.0,7.89,36,A,debt_consolidation,80000.0,26.27,MORTGAGE,Unknown,0
4029,20000.0,18.99,60,D,debt_consolidation,54000.0,11.47,MORTGAGE,10+ years,0
10014,9800.0,7.89,36,A,debt_consolidation,240000.0,16.17,MORTGAGE,7 years,0
6796,9000.0,11.44,36,B,credit_card,70000.0,11.91,RENT,< 1 year,0
3787,15275.0,16.29,36,D,credit_card,86000.0,17.82,MORTGAGE,6 years,0
8631,6000.0,7.62,36,A,credit_card,43500.0,15.12,MORTGAGE,7 years,0
334,5650.0,14.65,36,C,debt_consolidation,15384.0,25.04,RENT,Unknown,1
3633,6225.0,16.99,36,D,other,35000.0,20.61,RENT,10+ years,1
5233,16000.0,12.12,60,B,credit_card,75000.0,12.61,RENT,10+ years,0
10629,4000.0,11.49,36,B,medical,54966.0,22.91,RENT,Unknown,0
5688,20000.0,12.99,36,B,debt_consolidation,80000.0,13.62,MORTGAGE,2 years,0
9066,15000.0,7.62,36,A,debt_consolidation,60000.0,18.46,MORTGAGE,8 years,0
10318,32000.0,16.02,60,C,debt_consolidation,80000.0,13.25,OWN,2 years,0
9409,19475.0,18.99,60,E,credit_card,60000.0,21.76,RENT,3 years,0
5625,24000.0,11.47,60,B,credit_card,110000.0,16.17,RENT,10+ years,0
6574,10050.0,14.09,36,B,debt_consolidation,62000.0,16.39,MORTGAGE,1 year,0
10967,7500.0,12.69,36,C,debt_consolidation,50000.0,17.95,RENT,2 years,0
5674,5000.0,11.44,36,B,debt_consolidation,14000.0,22.9,RENT,2 years,0
6607,26500.0,9.99,60,B,credit_card,250000.0,12.02,OWN,< 1 year,0
3244,2975.0,18.25,36,D,debt_consolidation,30000.0,17.04,RENT,4 years,1
4834,14000.0,10.16,36,B,debt_consolidation,75000.0,4.18,MORTGAGE,10+ years,0
9864,35000.0,23.63,60,F,debt_consolidation,79000.0,22.51,MORTGAGE,7 years,0
2329,3350.0,15.61,36,C,home_improvement,272000.0,10.22,MORTGAGE,4 years,0
3286,12800.0,18.92,60,D,debt_consolidation,40000.0,27.12,RENT,4 years,0
10707,35000.0,7.89,36,A,debt_consolidation,561500.0,10.33,MORTGAGE,3 years,0
10958,8800.0,10.38,60,B,credit_card,45000.0,21.59,RENT,2 years,0
3565,18400.0,16.55,60,D,debt_consolidation,80000.0,23.66,MORTGAGE,9 years,0
6159,12000.0,13.53,36,B,debt_consolidation,65000.0,13.22,RENT,10+ years,0
5906,21600.0,9.99,36,B,credit_card,61980.0,17.75,RENT,4 years,0
3375,24825.0,18.99,60,D,credit_card,70000.0,22.14,RENT,10+ years,0
500,5000.0,12.61,36,C,other,53000.0,9.58,RENT,10+ years,0
10340,20000.0,13.11,36,B,debt_consolidation,70000.0,25.85,RENT,8 years,1
2281,5000.0,15.31,36,C,debt_consolidation,22000.0,24.38,RENT,Unknown,1
2304,14350.0,13.35,60,C,credit_card,50000.0,21.65,MORTGAGE,10+ years,0
2948,3750.0,15.41,36,D,debt_consolidation,40000.0,15.54,MORTGAGE,5 years,0
9124,40000.0,7.07,36,A,home_improvement,400000.0,2.44,MORTGAGE,1 year,0
7590,5000.0,7.69,36,A,home_improvement,74000.0,26.92,MORTGAGE,5 years,0
5685,35000.0,9.99,36,B,credit_card,100000.0,22.62,RENT,10+ years,0
2755,2500.0,13.99,36,C,vacation,90000.0,23.35,OWN,2 years,1
10991,22000.0,6.0,60,C,debt_consolidation,72000.0,14.19,MORTGAGE,10+ years,0
4843,10000.0,13.53,36,B,debt_consolidation,42000.0,18.0,RENT,2 years,0
2609,8000.0,12.62,36,C,debt_consolidation,64480.0,5.34,RENT,4 years,0
7883,8000.0,6.49,36,A,other,50000.0,18.63,OWN,< 1 year,0
3988,9500.0,14.46,36,D,debt_consolidation,40000.0,9.9,RENT,8 years,0
2238,35000.0,12.74,36,C,debt_consolidation,250000.0,8.3,OWN,< 1 year,0
916,4800.0,12.99,36,C,debt_consolidation,58707.0,19.17,RENT,10+ years,0
3079,24000.0,16.29,60,D,debt_consolidation,105450.0,30.18,OWN,10+ years,1
145,20000.0,12.99,36,C,debt_consolidation,90000.0,20.39,MORTGAGE,10+ years,1
5049,12000.0,10.49,36,B,credit_card,80000.0,36.15,RENT,4 years,0
10864,12000.0,7.9,36,A,credit_card,77754.0,13.57,MORTGAGE,2 years,0
1074,25000.0,13.33,36,C,credit_card,135000.0,14.2,OWN,10+ years,0
7043,9500.0,11.44,36,B,debt_consolidation,120000.0,9.39,RENT,10+ years,1
6991,25000.0,11.99,60,B,credit_card,75000.0,23.94,MORTGAGE,4 years,0
8887,12000.0,5.32,36,A,home_improvement,107000.0,6.99,MORTGAGE,5 years,0
2062,8450.0,14.16,36,C,credit_card,34000.0,24.0,MORTGAGE,10+ years,0
2415,8000.0,12.69,36,C,credit_card,30000.0,14.8,RENT,10+ years,1
4345,10800.0,9.49,36,B,credit_card,43000.0,21.15,MORTGAGE,6 years,0
9981,18700.0,25.83,60,G,debt_consolidation,55000.0,28.3,RENT,10+ years,1
5161,11875.0,10.99,36,B,credit_card,27000.0,17.16,MORTGAGE,9 years,0
3176,15000.0,18.99,36,D,debt_consolidation,37000.0,12.94,RENT,5 years,0
7107,8675.0,9.17,36,B,credit_card,19729.2,12.47,MORTGAGE,Unknown,1
7777,8000.0,7.69,36,A,debt_consolidation,41000.0,19.47,MORTGAGE,1 year,0
1223,35000.0,13.99,60,C,house,80000.0,14.75,MORTGAGE,10+ years,0
2909,14900.0,17.57,60,D,debt_consolidation,102000.0,34.06,MORTGAGE,10+ years,1
8773,30000.0,7.12,36,A,car,200000.0,12.37,MORTGAGE,2 years,0
751,30000.0,12.59,60,C,credit_card,82000.0,21.41,OWN,10+ years,0
4318,5000.0,11.49,36,B,other,35000.0,13.48,RENT,5 years,0
1315,23000.0,12.29,60,C,debt_consolidation,75000.0,13.44,RENT,2 years,1
9654,35000.0,22.47,60,E,credit_card,90000.0,29.3,RENT,10+ years,0
5287,8400.0,8.99,36,B,credit_card,80000.0,31.08,MORTGAGE,10+ years,0
3919,5400.0,16.99,36,D,debt_consolidation,33000.0,20.62,RENT,3 years,1
10772,12600.0,12.74,36,C,debt_consolidation,61500.0,20.39,MORTGAGE,10+ years,1
396,8400.0,12.69,36,C,debt_consolidation,28000.0,7.33,MORTGAGE,10+ years,0
4357,14000.0,11.44,36,B,debt_consolidation,61000.0,21.09,MORTGAGE,3 years,0
5552,7500.0,9.99,36,B,debt_consolidation,53000.0,24.5,RENT,8 years,0
7685,10000.0,6.24,36,A,other,120000.0,9.13,MORTGAGE,10+ years,0
5187,10000.0,8.99,36,B,credit_card,62141.0,13.17,MORTGAGE,< 1 year,0
9488,12125.0,22.91,36,E,other,60500.0,16.74,RENT,4 years,1
5816,12000.0,12.49,60,B,credit_card,55000.0,16.71,MORTGAGE,5 years,0
7626,12600.0,8.39,36,A,debt_consolidation,72000.0,18.45,MORTGAGE,10+ years,0
688,16000.0,13.67,60,C,home_improvement,80000.0,18.77,MORTGAGE,8 years,0
5675,3000.0,9.49,36,B,major_purchase,33000.0,32.87,RENT,9 years,0
8016,20000.0,6.49,36,A,credit_card,86000.0,11.43,OWN,10+ years,0
6739,20000.0,11.53,36,B,debt_consolidation,88000.0,19.05,RENT,2 years,0
3631,2000.0,17.57,36,D,other,89000.0,21.83,MORTGAGE,6 years,0
6292,13925.0,11.99,36,B,debt_consolidation,65000.0,13.79,MORTGAGE,10+ years,0
58,28000.0,15.8,36,C,credit_card,120000.0,13.29,MORTGAGE,10+ years,0
3758,18000.0,18.25,60,D,other,59000.0,15.07,RENT,10+ years,1
5365,12000.0,9.16,36,B,credit_card,45000.0,18.4,RENT,< 1 year,0
1776,2500.0,13.59,36,C,other,110000.0,16.31,OWN,3 years,0
2595,17000.0,12.74,60,C,home_improvement,70000.0,23.95,MORTGAGE,1 year,0
5785,15000.0,8.99,36,B,debt_consolidation,94000.0,10.46,MORTGAGE,10+ years,0
8263,24000.0,6.89,36,A,debt_consolidation,85000.0,7.67,MORTGAGE,Unknown,0
2262,2300.0,13.35,36,C,debt_consolidation,28800.0,18.29,MORTGAGE,3 years,0
8347,24000.0,7.89,60,A,credit_card,87000.0,15.41,OWN,< 1 year,1
1542,19225.0,14.99,36,C,debt_consolidation,38470.36,10.51,MORTGAGE,Unknown,0
9681,2200.0,20.99,60,E,other,27500.0,1.79,RENT,< 1 year,0
3455,25600.0,20.0,36,D,debt_consolidation,100000.0,25.78,MORTGAGE,6 years,0
7372,7000.0,7.49,36,A,credit_card,45000.0,22.41,RENT,< 1 year,0
10932,12000.0,15.31,36,C,debt_consolidation,50000.0,11.3,MORTGAGE,10+ years,0
11062,10000.0,7.96,36,A,other,108000.0,12.28,MORTGAGE,5 years,0
8760,15000.0,7.99,36,A,debt_consolidation,95000.0,35.65,MORTGAGE,8 years,0
398,11000.0,14.49,60,C,credit_card,48000.0,5.6,MORTGAGE,3 years,0
932,14400.0,14.98,60,C,debt_consolidation,150000.0,8.61,MORTGAGE,< 1 year,0
961,13000.0,12.69,36,C,debt_consolidation,120000.0,15.54,MORTGAGE,10+ years,0
2988,23725.0,15.61,60,D,debt_consolidation,51600.0,29.0,RENT,3 years,1
7206,20000.0,12.49,36,B,debt_consolidation,115000.0,3.36,MORTGAGE,10+ years,0
7971,20000.0,6.49,36,A,credit_card,68500.0,13.72,RENT,10+ years,0
9712,13425.0,26.24,60,E,debt_consolidation,32000.0,20.67,RENT,3 years,0
10208,18000.0,12.99,36,C,debt_consolidation,105000.0,10.09,MORTGAGE,5 years,1
9190,21075.0,18.84,60,E,debt_consolidation,42223.0,17.65,MORTGAGE,1 year,0
6065,18000.0,9.17,60,B,credit_card,70000.0,20.06,MORTGAGE,6 years,0
10892,18000.0,6.03,36,A,credit_card,165000.0,15.9,MORTGAGE,1 year,0
6768,35000.0,10.15,36,B,debt_consolidation,134000.0,20.8,MORTGAGE,10+ years,0
7283,12000.0,6.83,36,A,credit_card,83000.0,30.44,MORTGAGE,10+ years,0
7272,6500.0,8.9,36,A,credit_card,98000.0,2.3,MORTGAGE,7 years,0
6475,2000.0,11.49,36,B,other,22000.0,2.38,OWN,9 years,1
9978,18475.0,30.84,60,G,debt_consolidation,42000.0,25.54,OWN,2 years,0
10500,2875.0,16.99,36,D,other,48000.0,16.12,RENT,2 years,0
8,14400.0,13.68,36,C,credit_card,120000.0,9.61,RENT,10+ years,1
9345,5050.0,18.2,36,E,other,21000.0,17.77,RENT,Unknown,0
8049,20000.0,7.89,36,A,credit_card,90000.0,2.83,MORTGAGE,1 year,0
2074,16000.0,14.49,60,C,debt_consolidation,70000.0,13.37,RENT,< 1 year,0
10972,25000.0,17.99,36,D,credit_card,90000.0,12.99,RENT,2 years,1
2858,5000.0,13.35,36,C,other,120500.0,21.22,MORTGAGE,10+ years,0
841,25000.0,16.78,60,C,debt_consolidation,86000.0,14.8,MORTGAGE,10+ years,0
9471,9500.0,22.9,36,E,debt_consolidation,28000.0,13.24,MORTGAGE,1 year,0
8688,15000.0,7.89,36,A,credit_card,39999.0,23.04,RENT,3 years,0
5747,1750.0,10.15,36,B,credit_card,33000.0,9.67,OWN,7 years,0
6487,10000.0,9.93,36,B,car,70000.0,6.81,RENT,8 years,0
4485,6200.0,11.47,36,B,debt_consolidation,40000.0,15.55,RENT,3 years,0
231,35000.0,12.99,60,C,credit_card,90000.0,16.08,OWN,10+ years,1
7144,18000.0,9.99,60,B,debt_consolidation,175000.0,9.46,RENT,10+ years,0
2084,6000.0,13.44,36,C,credit_card,44543.0,12.8,RENT,9 years,0
6693,19000.0,9.99,36,B,credit_card,80000.0,16.23,MORTGAGE,2 years,0
5999,28000.0,10.64,36,B,debt_consolidation,120000.0,9.91,MORTGAGE,9 years,0
6799,18000.0,10.42,60,B,credit_card,98000.0,30.88,MORTGAGE,10+ years,1
6536,16525.0,9.99,36,B,debt_consolidation,38000.0,24.95,MORTGAGE,10+ years,0
5640,5000.0,11.99,36,B,debt_consolidation,46000.0,22.7,RENT,1 year,0
2006,18000.0,12.99,60,C,debt_consolidation,62952.0,17.21,MORTGAGE,10+ years,0
7940,3000.0,7.35,36,A,other,28000.0,14.53,RENT,9 years,0
1131,18550.0,16.29,60,C,debt_consolidation,63000.0,17.31,MORTGAGE,10+ years,1
10615,14400.0,12.99,36,C,credit_card,35000.0,29.94,MORTGAGE,8 years,0
5661,12000.0,9.16,36,B,credit_card,34000.0,24.99,MORTGAGE,Unknown,1
408,16000.0,14.99,60,C,credit_card,60000.0,15.25,MORTGAGE,5 years,0
6754,7200.0,9.44,36,B,debt_consolidation,65000.0,14.08,RENT,2 years,0
6183,2100.0,10.42,36,B,credit_card,69000.0,16.31,OWN,10+ years,0
4399,24575.0,9.75,36,B,debt_consolidation,237000.0,24.02,MORTGAGE,3 years,0
48,19625.0,12.59,36,C,debt_consolidation,54564.0,32.81,MORTGAGE,5 years,0
10665,16000.0,5.32,36,A,debt_consolidation,72000.0,9.4,OWN,Unknown,0
835,1000.0,15.05,36,C,debt_consolidation,45000.0,6.48,OWN,1 year,0
7082,12000.0,8.24,36,B,credit_card,54000.0,10.82,RENT,10+ years,0
1823,25000.0,12.62,36,C,debt_consolidation,140000.0,9.78,MORTGAGE,9 years,0
8745,17000.0,5.32,36,A,debt_consolidation,140000.0,16.44,MORTGAGE,5 years,1
2897,10000.0,20.89,36,D,credit_card,78200.0,51.49,MORTGAGE,2 years,0
6178,8000.0,9.99,36,B,credit_card,88000.0,20.58,RENT,10+ years,0
877,8000.0,12.29,36,C,debt_consolidation,69000.0,11.18,MORTGAGE,10+ years,0
2018,16000.0,14.46,60,C,credit_card,82735.0,16.14,RENT,10+ years,1
10121,8000.0,11.67,36,B,debt_consolidation,50000.0,20.72,RENT,10+ years,0
3157,1500.0,19.03,36,D,debt_consolidation,50000.0,6.67,RENT,5 years,0
7593,20000.0,7.89,36,A,other,185000.0,1.84,MORTGAGE,10+ years,0
3807,28000.0,17.57,60,D,debt_consolidation,98000.0,22.97,MORTGAGE,3 years,0
10063,35000.0,14.08,60,C,debt_consolidation,138000.0,22.31,OWN,5 years,0
8229,30725.0,7.89,36,A,credit_card,160000.0,21.39,MORTGAGE,4 years,0
7378,1000.0,6.49,36,A,credit_card,54000.0,4.67,RENT,2 years,0
7554,10000.0,7.35,36,A,debt_consolidation,61800.0,33.0,OWN,9 years,0
1281,35000.0,13.35,60,C,credit_card,84847.0,23.27,RENT,8 years,0
10498,16200.0,12.99,60,C,debt_consolidation,65000.0,29.03,MORTGAGE,5 years,0
5210,20000.0,9.75,36,B,other,100000.0,19.49,OWN,9 years,0
1957,20300.0,12.74,36,C,debt_consolidation,36000.0,25.6,RENT,< 1 year,0
10592,35000.0,9.75,36,B,debt_consolidation,140000.0,32.52,MORTGAGE,10+ years,0
7861,8500.0,7.49,36,A,debt_consolidation,65200.0,15.9,MORTGAGE,2 years,0
588,25475.0,14.65,36,C,credit_card,52000.0,14.79,RENT,1 year,0
3430,13000.0,18.25,60,D,debt_consolidation,62300.0,16.22,RENT,4 years,0
6819,12000.0,9.75,36,B,debt_consolidation,85000.0,11.03,RENT,1 year,0
2403,5600.0,14.33,36,C,debt_consolidation,55000.0,13.35,RENT,10+ years,0
10931,8000.0,5.32,36,A,credit_card,37450.0,21.41,RENT,2 years,0
9032,10000.0,7.12,36,A,credit_card,103000.0,11.86,RENT,10+ years,1
6114,5600.0,11.47,36,B,debt_consolidation,31000.0,27.02,RENT,3 years,0
9876,21000.0,23.63,60,F,debt_consolidation,48000.0,20.7,RENT,3 years,0
6307,18000.0,10.78,60,B,debt_consolidation,89000.0,29.75,MORTGAGE,2 years,0
6406,5000.0,10.42,36,B,debt_consolidation,36000.0,12.97,MORTGAGE,Unknown,0
7158,5000.0,12.85,36,B,debt_consolidation,65000.0,12.83,RENT,2 years,0
9984,7300.0,25.83,36,G,house,32398.06,22.79,RENT,9 years,1
3803,31200.0,17.99,36,D,debt_consolidation,86000.0,18.07,RENT,10+ years,1
3382,5000.0,18.99,36,D,home_improvement,92000.0,20.11,MORTGAGE,6 years,1
5354,6000.0,10.15,36,B,debt_consolidation,36000.0,18.53,RENT,3 years,0
8307,12000.0,7.89,36,A,other,179000.0,10.48,MORTGAGE,3 years,0
3394,14000.0,21.49,60,D,debt_consolidation,110000.0,26.04,MORTGAGE,10+ years,0
9550,35000.0,21.0,60,E,debt_consolidation,110000.0,21.91,RENT,7 years,0
5142,13125.0,11.44,60,B,debt_consolidation,83800.0,23.2,MORTGAGE,5 years,0
4906,12600.0,8.24,36,B,debt_consolidation,113000.0,6.5,MORTGAGE,10+ years,0
8081,16200.0,8.39,36,A,credit_card,110000.0,15.82,MORTGAGE,< 1 year,1
8933,10000.0,6.68,36,A,credit_card,71000.0,15.74,MORTGAGE,10+ years,0
608,8475.0,13.99,36,C,debt_consolidation,30000.0,27.52,MORTGAGE,< 1 year,0
10885,20000.0,8.9,36,A,debt_consolidation,75000.0,11.71,RENT,4 years,0
5697,14000.0,8.39,36,B,major_purchase,60000.0,8.3,RENT,2 years,0
8491,9000.0,7.59,36,A,credit_card,77000.0,31.51,MORTGAGE,10+ years,0
4346,6000.0,10.16,36,B,debt_consolidation,82000.0,13.59,RENT,5 years,0
7759,2400.0,8.9,36,A,wedding,34000.0,16.16,MORTGAGE,< 1 year,0
1789,15175.0,15.31,36,C,debt_consolidation,45000.0,14.51,RENT,3 years,1
3838,3000.0,16.99,36,D,debt_consolidation,120000.0,22.7,MORTGAGE,1 year,1
7708,11650.0,6.97,36,A,credit_card,26000.0,32.83,RENT,Unknown,0
9971,14050.0,27.31,36,G,debt_consolidation,58000.0,12.85,RENT,3 years,1
264,25000.0,14.65,60,C,home_improvement,65000.0,13.53,RENT,Unknown,0
847,2000.0,13.33,36,C,debt_consolidation,40000.0,17.65,MORTGAGE,6 years,0
9746,21700.0,19.19,60,E,debt_consolidation,73000.0,23.51,RENT,< 1 year,0
5446,6000.0,11.47,36,B,credit_card,60000.0,22.71,MORTGAGE,4 years,1
10347,18000.0,23.4,60,E,debt_consolidation,103000.0,5.73,MORTGAGE,6 years,1
9744,16000.0,19.99,60,E,home_improvement,68000.0,15.2,MORTGAGE,3 years,0
8732,6000.0,7.29,36,A,debt_consolidation,64000.0,12.06,MORTGAGE,3 years,0
10750,21600.0,12.74,60,C,debt_consolidation,90000.0,10.81,RENT,< 1 year,1
7771,13000.0,6.24,36,A,debt_consolidation,52523.0,10.21,MORTGAGE,Unknown,0
2770,7975.0,14.85,36,C,small_business,90000.0,19.76,MORTGAGE,1 year,0
9921,14125.0,23.5,60,F,debt_consolidation,58000.0,23.64,RENT,2 years,0
4164,24375.0,16.77,60,D,debt_consolidation,63600.0,24.19,OWN,10+ years,1
9221,15000.0,24.84,60,E,credit_card,60268.0,33.6,MORTGAGE,Unknown,0
10104,10000.0,11.53,36,B,debt_consolidation,58000.0,10.97,MORTGAGE,Unknown,0
3792,9000.0,17.86,36,D,debt_consolidation,25000.0,34.04,RENT,9 years,1
10909,10000.0,10.99,36,B,debt_consolidation,56000.0,34.27,MORTGAGE,3 years,1
2449,35000.0,12.29,36,C,credit_card,150000.0,15.96,RENT,3 years,0
9594,13925.0,19.19,60,E,debt_consolidation,55000.0,31.84,MORTGAGE,6 years,0
9229,15000.0,18.99,60,E,debt_consolidation,148000.0,16.35,MORTGAGE,1 year,0
2976,17925.0,16.99,60,D,debt_consolidation,100000.0,15.22,MORTGAGE,3 years,1
4574,15000.0,9.17,36,B,credit_card,43000.0,7.7,RENT,8 years,0
11034,8000.0,12.74,36,C,debt_consolidation,35000.0,21.98,OWN,3 years,0
6889,6400.0,11.99,36,B,debt_consolidation,89700.0,10.72,RENT,5 years,1
6989,10000.0,11.44,36,B,other,82000.0,4.64,MORTGAGE,2 years,0
9668,24000.0,18.99,60,E,debt_consolidation,70000.0,25.3,MORTGAGE,Unknown,1
2125,19200.0,12.99,60,C,debt_consolidation,55120.0,26.58,RENT,1 year,0
9573,35000.0,23.99,36,E,debt_consolidation,24000.0,100.6,MORTGAGE,< 1 year,1
3567,6000.0,16.29,36,D,moving,40000.0,26.61,RENT,10+ years,1
232,6000.0,12.99,36,C,home_improvement,37000.0,9.57,MORTGAGE,10+ years,0
8995,9600.0,6.03,36,A,debt_consolidation,85000.0,19.51,MORTGAGE,10+ years,0
10512,28500.0,16.24,60,C,credit_card,74000.0,30.02,MORTGAGE,10+ years,0
5299,25000.0,11.44,36,B,debt_consolidation,92800.0,15.84,MORTGAGE,7 years,0
3445,11975.0,17.86,60,D,debt_consolidation,63800.0,39.26,RENT,9 years,1
6524,21000.0,8.18,36,B,debt_consolidation,75000.0,25.02,MORTGAGE,4 years,0
1307,35000.0,15.61,36,C,debt_consolidation,215000.0,13.36,MORTGAGE,< 1 year,1
10828,20000.0,15.31,60,C,credit_card,55000.0,24.74,OWN,Unknown,0
6862,7200.0,13.11,36,B,debt_consolidation,45000.0,34.24,RENT,5 years,0
2763,35000.0,12.99,36,C,credit_card,98000.0,11.88,RENT,1 year,0
7768,8000.0,7.9,36,A,debt_consolidation,45000.0,24.19,OWN,10+ years,1
6629,7000.0,9.17,36,B,debt_consolidation,68000.0,6.35,MORTGAGE,10+ years,0
9284,15975.0,24.99,36,E,debt_consolidation,52000.0,13.87,RENT,10+ years,1
8699,8800.0,5.32,36,A,credit_card,70200.0,29.57,MORTGAGE,3 years,0
3710,3000.0,16.55,36,D,other,8000.0,21.02,OWN,3 years,0
4661,20000.0,11.53,36,B,debt_consolidation,45000.0,14.53,RENT,5 years,0
9836,30000.0,30.75,60,F,debt_consolidation,67000.0,23.16,MORTGAGE,10+ years,1
994,32000.0,14.49,60,C,debt_consolidation,155000.0,15.17,MORTGAGE,3 years,0
265,4500.0,16.01,36,C,credit_card,38000.0,4.45,RENT,2 years,0
5077,16000.0,9.91,36,B,debt_consolidation,50000.0,15.1,RENT,10+ years,0
6161,16000.0,10.9,60,B,credit_card,47000.0,19.36,MORTGAGE,10+ years,0
1353,11000.0,12.29,36,C,debt_consolidation,37000.0,24.29,RENT,10+ years,1
1422,6525.0,13.49,36,C,debt_consolidation,107282.0,7.05,RENT,2 years,1
6007,3000.0,8.18,36,B,debt_consolidation,69000.0,30.92,MORTGAGE,5 years,1
2215,1000.0,13.49,36,C,other,50000.0,15.31,RENT,10+ years,0
1592,35000.0,13.49,36,C,home_improvement,67000.0,11.09,OWN,10+ years,0
23,12000.0,14.98,36,C,debt_consolidation,100000.0,9.47,MORTGAGE,7 years,0
5960,16000.0,11.49,36,B,small_business,47200.0,24.65,RENT,2 years,0
3744,3000.0,20.0,36,D,other,78260.0,31.11,MORTGAGE,3 years,0
10004,7000.0,7.89,36,A,car,52000.0,20.77,RENT,10+ years,0
4922,10000.0,9.17,36,B,debt_consolidation,37000.0,18.33,RENT,< 1 year,0
7472,25000.0,7.89,36,A,debt_consolidation,130000.0,18.25,RENT,2 years,0
10371,9600.0,13.68,36,C,debt_consolidation,90000.0,22.0,MORTGAGE,< 1 year,1
4331,6000.0,12.69,36,B,credit_card,50000.0,15.31,MORTGAGE,10+ years,0
2542,4000.0,13.99,36,C,medical,200000.0,33.17,MORTGAGE,3 years,0
4824,15000.0,12.73,36,B,credit_card,150000.0,22.25,MORTGAGE,< 1 year,0
10630,12000.0,12.29,36,C,debt_consolidation,120000.0,18.94,RENT,10+ years,0
6482,8000.0,10.49,36,B,debt_consolidation,60000.0,18.34,RENT,5 years,0
3601,10225.0,16.59,36,D,debt_consolidation,45000.0,17.84,RENT,10+ years,0
3624,3000.0,20.31,36,D,credit_card,34000.0,21.46,RENT,10+ years,0
5777,4500.0,9.16,36,B,debt_consolidation,42000.0,15.49,RENT,2 years,0
541,35000.0,15.05,36,C,debt_consolidation,50000.0,24.39,RENT,5 years,1
4967,5000.0,10.78,36,B,debt_consolidation,27000.0,24.8,RENT,4 years,1
3206,28000.0,18.24,36,D,debt_consolidation,98000.0,31.83,MORTGAGE,Unknown,0
8234,15600.0,6.24,36,A,credit_card,74000.0,28.29,OWN,10+ years,0
6508,5000.0,10.74,36,B,credit_card,72000.0,16.72,MORTGAGE,10+ years,1
5516,35000.0,8.18,36,B,credit_card,200000.0,18.62,OWN,4 years,0
6275,8000.0,10.75,36,B,debt_consolidation,120000.0,21.28,RENT,10+ years,0
10335,12675.0,16.99,60,D,credit_card,37000.0,22.09,MORTGAGE,10+ years,1
5787,12000.0,11.49,36,B,debt_consolidation,44097.0,11.46,MORTGAGE,10+ years,0
707,1000.0,15.04,36,C,debt_consolidation,11844.0,26.85,OWN,Unknown,1
8356,4500.0,7.49,36,A,other,18000.0,4.0,RENT,Unknown,0
8579,12650.0,7.89,36,A,credit_card,104000.0,10.84,RENT,6 years,0
8721,19200.0,8.39,60,A,debt_consolidation,200000.0,19.2,MORTGAGE,5 years,0
10422,20000.0,11.22,36,B,debt_consolidation,150000.0,6.18,OWN,4 years,1
228,16000.0,13.92,36,C,debt_consolidation,77004.0,15.83,MORTGAGE,2 years,0
11097,10000.0,30.49,60,F,debt_consolidation,39000.0,31.88,RENT,7 years,1
9244,20000.0,21.0,60,E,debt_consolidation,70000.0,12.4,RENT,6 years,0
9572,29175.0,21.49,60,E,debt_consolidation,73000.0,0.53,RENT,10+ years,1
8633,16000.0,6.97,36,A,debt_consolidation,60000.0,26.98,RENT,< 1 year,0
6295,20000.0,11.36,36,B,home_improvement,100000.0,8.12,MORTGAGE,5 years,0
1128,24000.0,13.67,60,C,debt_consolidation,85000.0,16.66,RENT,3 years,1
3077,15250.0,16.55,36,D,debt_consolidation,69000.0,13.65,MORTGAGE,10+ years,0
1052,10200.0,15.59,60,C,debt_consolidation,42000.0,20.66,MORTGAGE,3 years,0
6426,25000.0,9.76,36,B,debt_consolidation,77646.4,3.17,MORTGAGE,10+ years,0
9551,16000.0,18.55,60,E,credit_card,50000.0,25.06,RENT,< 1 year,0
317,10000.0,12.69,36,C,other,60000.0,5.52,MORTGAGE,< 1 year,0
5344,8000.0,9.99,36,B,debt_consolidation,55000.0,4.63,RENT,3 years,0
3799,30000.0,21.49,60,D,major_purchase,120000.0,4.16,MORTGAGE,1 year,0
10105,20000.0,17.97,36,D,debt_consolidation,40000.0,29.55,RENT,6 years,0
6760,9000.0,11.44,36,B,credit_card,45000.0,8.48,RENT,4 years,0
7064,12000.0,10.99,36,B,debt_consolidation,31000.0,21.45,RENT,8 years,0
4333,5000.0,10.99,36,B,debt_consolidation,85000.0,10.36,MORTGAGE,8 years,0
3342,19200.0,17.86,36,D,debt_consolidation,80000.0,9.8,OWN,10+ years,1
9736,10000.0,22.74,60,E,vacation,76000.0,27.74,MORTGAGE,Unknown,0
4277,1000.0,19.99,36,D,major_purchase,9000.0,0.0,RENT,Unknown,0
549,10000.0,15.05,36,C,debt_consolidation,60000.0,8.42,RENT,< 1 year,1
4490,10000.0,11.53,36,B,credit_card,35000.0,8.57,OWN,7 years,1
179,12000.0,13.67,36,C,debt_consolidation,38000.0,47.98,RENT,2 years,0
9857,25000.0,23.83,60,F,debt_consolidation,79000.0,28.34,MORTGAGE,5 years,0
9831,6900.0,24.08,36,F,debt_consolidation,55000.0,16.8,RENT,10+ years,0
1477,17000.0,13.99,36,C,debt_consolidation,69760.0,12.42,MORTGAGE,9 years,1
4130,7125.0,18.49,36,D,debt_consolidation,97000.0,16.08,RENT,2 years,1
6649,5000.0,9.75,36,B,debt_consolidation,102000.0,7.2,OWN,10+ years,0
597,10000.0,14.65,36,C,debt_consolidation,90000.0,21.26,RENT,1 year,0
11008,18000.0,10.99,60,B,credit_card,55000.0,27.21,RENT,10+ years,1
7667,19600.0,6.62,36,A,small_business,50000.0,1.82,RENT,2 years,0
3864,18000.0,15.61,60,D,debt_consolidation,52000.0,24.88,MORTGAGE,5 years,1
7901,10000.0,6.99,36,A,debt_consolidation,120000.0,27.55,MORTGAGE,< 1 year,0
3084,13425.0,17.86,36,D,small_business,44700.0,23.06,MORTGAGE,2 years,0
945,5000.0,12.05,36,C,debt_consolidation,74263.0,34.83,MORTGAGE,2 years,0
7464,24000.0,5.32,36,A,debt_consolidation,163000.0,13.35,MORTGAGE,< 1 year,0
9989,16000.0,27.31,60,G,debt_consolidation,65000.0,29.23,RENT,10+ years,0
8785,2000.0,6.72,36,A,car,80000.0,14.18,MORTGAGE,5 years,0
7978,20000.0,7.49,36,A,debt_consolidation,106000.0,19.4,MORTGAGE,9 years,0
6631,35000.0,11.47,36,B,debt_consolidation,400000.0,29.32,MORTGAGE,8 years,0
6628,9600.0,10.99,36,B,debt_consolidation,35000.0,26.41,RENT,2 years,0
8606,5700.0,6.03,36,A,other,43000.0,2.54,RENT,8 years,0
8425,30000.0,7.62,36,A,credit_card,120000.0,11.97,MORTGAGE,< 1 year,0
6249,9600.0,12.99,36,B,debt_consolidation,72000.0,14.45,OWN,10+ years,0
1703,7000.0,11.99,36,C,debt_consolidation,46000.0,8.35,MORTGAGE,2 years,0
6589,17000.0,9.44,36,B,credit_card,36000.0,18.03,RENT,Unknown,1
5306,16000.0,11.49,36,B,small_business,85000.0,22.58,MORTGAGE,10+ years,0
542,25000.0,14.99,60,C,home_improvement,65000.0,14.68,MORTGAGE,1 year,0
2817,10000.0,13.59,36,C,credit_card,60000.0,10.64,RENT,10+ years,0
1885,29575.0,14.99,36,C,debt_consolidation,59280.0,22.35,MORTGAGE,5 years,0
1217,23000.0,15.31,36,C,credit_card,50000.0,16.13,RENT,< 1 year,0
7763,12000.0,7.24,36,A,home_improvement,97000.0,12.36,MORTGAGE,3 years,0
8071,24000.0,8.39,36,A,debt_consolidation,112000.0,16.78,MORTGAGE,10+ years,0
341,30000.0,14.65,60,C,debt_consolidation,112000.0,9.54,MORTGAGE,10+ years,0
8648,3000.0,6.03,36,A,major_purchase,62000.0,23.21,MORTGAGE,10+ years,0
6483,12250.0,12.85,36,B,home_improvement,55000.0,15.12,MORTGAGE,1 year,1
5013,10000.0,11.44,36,B,debt_consolidation,75000.0,19.23,MORTGAGE,7 years,0
8142,10000.0,6.19,36,A,other,100000.0,16.64,OWN,10+ years,0
5733,7800.0,8.18,36,B,home_improvement,84500.0,11.73,MORTGAGE,10+ years,0
8112,20400.0,7.26,36,A,debt_consolidation,65000.0,16.75,RENT,9 years,0
4152,6900.0,17.27,36,D,debt_consolidation,14000.0,38.59,RENT,Unknown,1
9002,18000.0,6.92,36,A,credit_card,82134.0,33.47,MORTGAGE,10+ years,1
7012,1000.0,11.49,36,B,debt_consolidation,342496.0,13.15,RENT,2 years,0
8411,5000.0,5.32,36,A,credit_card,36000.0,5.2,RENT,Unknown,0
1385,4500.0,13.65,36,C,debt_consolidation,103000.0,7.91,RENT,1 year,0
4702,28000.0,9.67,36,B,debt_consolidation,250000.0,19.8,MORTGAGE,10+ years,0
9687,10175.0,21.18,36,E,house,95000.0,13.9,RENT,10+ years,0
4178,4800.0,15.99,36,D,vacation,50000.0,18.12,MORTGAGE,1 year,0
9885,15000.0,28.69,60,F,other,48000.0,24.57,MORTGAGE,10+ years,0
10298,8000.0,5.93,36,A,credit_card,49361.32,19.62,MORTGAGE,9 years,0
5353,6000.0,10.99,36,B,car,75000.0,8.24,RENT,5 years,0
2014,10000.0,12.99,36,C,debt_consolidation,54000.0,17.72,MORTGAGE,10+ years,0
7695,24000.0,7.46,36,A,debt_consolidation,69500.0,19.2,RENT,7 years,0
9324,25000.0,18.55,60,E,debt_consolidation,94000.0,23.81,MORTGAGE,10+ years,1
5851,19500.0,11.67,36,B,debt_consolidation,81000.0,19.19,MORTGAGE,< 1 year,0
7765,35000.0,7.89,36,A,credit_card,240000.0,10.15,MORTGAGE,10+ years,0
9502,24000.0,19.89,60,E,credit_card,60000.0,17.2,MORTGAGE,1 year,1
6083,35000.0,11.44,36,B,debt_consolidation,250000.0,27.47,MORTGAGE,2 years,0
9626,33575.0,20.99,60,E,debt_consolidation,105000.0,18.26,RENT,< 1 year,0
263,16000.0,13.99,36,C,debt_consolidation,40000.0,28.41,MORTGAGE,1 year,0
1780,16000.0,13.33,60,C,debt_consolidation,70000.0,15.89,RENT,7 years,0
1304,19050.0,13.98,36,C,debt_consolidation,65000.0,14.72,MORTGAGE,10+ years,0
9908,9075.0,24.99,36,F,small_business,58000.0,17.63,OWN,4 years,1
4204,20000.0,21.49,60,D,debt_consolidation,109000.0,19.93,OWN,5 years,0
8132,12000.0,8.08,36,A,debt_consolidation,55000.0,5.15,MORTGAGE,4 years,0
5758,30000.0,11.67,36,B,credit_card,75000.0,11.16,RENT,< 1 year,0
9750,19500.0,19.99,60,E,debt_consolidation,55718.0,21.62,MORTGAGE,6 years,0
4566,24000.0,11.53,36,B,credit_card,65000.0,17.76,RENT,Unknown,1
4937,12000.0,11.14,36,B,credit_card,72000.0,8.22,MORTGAGE,6 years,0
1936,23450.0,14.99,36,C,debt_consolidation,105000.0,17.74,MORTGAGE,10+ years,0
1914,10000.0,13.18,36,C,debt_consolidation,40500.0,15.35,RENT,3 years,0
6075,15000.0,9.99,36,B,credit_card,96000.0,7.78,RENT,4 years,0
10589,27000.0,10.42,36,B,credit_card,95000.0,11.15,RENT,< 1 year,0
3868,13000.0,15.61,36,D,major_purchase,43344.0,27.27,RENT,5 years,0
4510,3600.0,9.16,36,B,major_purchase,57823.0,11.97,MORTGAGE,Unknown,0
10725,10000.0,9.93,36,B,debt_consolidation,96000.0,9.08,OWN,6 years,0
1101,21000.0,12.29,60,C,debt_consolidation,68000.0,15.49,RENT,8 years,0
9874,4375.0,23.43,36,F,debt_consolidation,23000.0,17.59,RENT,4 years,1
5775,10000.0,11.48,36,B,small_business,180000.0,8.28,MORTGAGE,2 years,0
1649,6000.0,12.29,36,C,debt_consolidation,100000.0,8.63,RENT,3 years,0
4386,30000.0,10.99,36,B,small_business,115000.0,30.21,MORTGAGE,10+ years,0
5918,19850.0,9.76,36,B,debt_consolidation,43200.0,28.29,RENT,10+ years,0
11112,32000.0,16.02,60,C,debt_consolidation,67000.0,44.17,RENT,< 1 year,1
946,7200.0,12.53,36,C,house,54600.0,9.12,RENT,2 years,0
10648,1250.0,5.42,36,A,major_purchase,70000.0,19.29,OWN,Unknown,0
5220,12000.0,9.17,36,B,credit_card,147000.0,11.2,RENT,4 years,0
4954,35000.0,11.47,36,B,medical,140000.0,1.29,OWN,Unknown,1
3813,14000.0,19.72,36,D,debt_consolidation,80000.0,21.92,RENT,4 years,1
7358,9350.0,8.46,36,A,credit_card,60000.0,27.6,MORTGAGE,10+ years,0
3797,35000.0,17.09,36,D,debt_consolidation,240000.0,18.93,MORTGAGE,4 years,0
10587,8500.0,10.99,36,B,home_improvement,150000.0,23.35,MORTGAGE,10+ years,0
7606,10000.0,8.19,36,A,debt_consolidation,60000.0,26.76,RENT,10+ years,1
3207,35000.0,15.99,60,D,debt_consolidation,85000.0,20.71,RENT,10+ years,0
9527,7800.0,18.99,36,E,debt_consolidation,27144.0,29.22,RENT,9 years,0
9142,20000.0,7.9,36,A,credit_card,80000.0,10.26,MORTGAGE,10+ years,0
9384,23100.0,21.18,36,E,credit_card,110472.0,42.92,MORTGAGE,8 years,0
5623,15000.0,10.99,36,B,major_purchase,64000.0,13.2,MORTGAGE,10+ years,0
5843,10000.0,10.75,36,B,debt_consolidation,35000.0,24.31,MORTGAGE,10+ years,0
8122,11000.0,7.89,36,A,debt_consolidation,33000.0,22.44,MORTGAGE,10+ years,0
5743,15000.0,9.99,36,B,debt_consolidation,45000.0,19.39,RENT,< 1 year,0
3427,2000.0,15.99,36,D,moving,40000.0,16.44,RENT,2 years,0
4404,8000.0,9.99,36,B,debt_consolidation,61200.0,20.57,MORTGAGE,2 years,0
2538,8900.0,13.33,36,C,debt_consolidation,35000.0,27.23,MORTGAGE,10+ years,0
1775,25000.0,14.49,60,C,debt_consolidation,138000.0,8.73,RENT,6 years,0
7410,5000.0,8.9,36,A,credit_card,62169.6,8.4,RENT,Unknown,0
11003,14400.0,6.89,36,A,home_improvement,60000.0,17.0,OWN,10+ years,0
10399,12000.0,8.18,36,B,credit_card,100000.0,6.62,MORTGAGE,3 years,0
1589,5000.0,14.08,36,C,debt_consolidation,15036.0,29.45,RENT,Unknown,1
